Time,Open,High,Low,Close,Volume
2013-08-27T18:00:00+0000,1423.9,1423.9,1423.9,1423.9,3
2013-08-30T07:00:00+0000,1399.3,1399.3,1399.3,1399.3,1
2013-09-19T17:00:00+0000,1374.9,1374.9,1374.9,1374.9,1
2013-09-19T18:00:00+0000,1373.4,1373.4,1373.4,1373.4,1
2013-10-25T03:00:00+0000,1346.5,1346.5,1346.5,1346.5,1
2013-12-05T07:00:00+0000,1237.9,1237.9,1237.9,1237.9,1
2013-12-10T07:00:00+0000,1248.2,1248.2,1248.2,1248.2,1
2013-12-19T08:00:00+0000,1202.6,1202.6,1202.6,1202.6,1
2013-12-20T15:00:00+0000,1198.1,1206.4,1198.1,1205.2,9
2013-12-20T18:00:00+0000,1203.3,1205.6,1203.3,1205.6,2
2013-12-20T19:00:00+0000,1204.0,1204.0,1204.0,1204.0,1
2013-12-23T09:00:00+0000,1201.0,1201.0,1201.0,1201.0,1
2013-12-23T10:00:00+0000,1199.0,1199.0,1199.0,1199.0,1
2013-12-23T11:00:00+0000,1198.1,1198.1,1198.1,1198.1,1
2013-12-23T13:00:00+0000,1202.4,1202.4,1202.4,1202.4,1
2013-12-23T14:00:00+0000,1200.0,1200.0,1200.0,1200.0,1
2013-12-23T15:00:00+0000,1202.4,1202.4,1202.4,1202.4,1
2013-12-27T00:00:00+0000,1211.6,1211.6,1211.6,1211.6,1
2013-12-27T13:00:00+0000,1213.6,1213.6,1213.3,1213.3,3
2013-12-27T17:00:00+0000,1213.5,1213.5,1213.5,1213.5,1
2013-12-30T20:00:00+0000,1197.0,1197.0,1197.0,1197.0,1
2013-12-31T10:00:00+0000,1201.8,1203.5,1201.8,1203.5,2
2013-12-31T13:00:00+0000,1199.1,1199.1,1199.1,1199.1,1
2013-12-31T15:00:00+0000,1207.1,1207.1,1207.1,1207.1,1
2013-12-31T16:00:00+0000,1209.0,1209.0,1209.0,1209.0,1
2014-01-02T00:00:00+0000,1207.4,1207.4,1207.4,1207.4,1
2014-01-02T01:00:00+0000,1214.2,1214.2,1214.2,1214.2,1
2014-01-03T18:00:00+0000,1240.4,1240.4,1240.4,1240.4,2
2014-01-06T05:00:00+0000,1239.3,1239.3,1237.7,1237.7,2
2014-01-06T14:00:00+0000,1244.1,1244.1,1244.1,1244.1,1
2014-01-06T15:00:00+0000,1245.9,1245.9,1245.9,1245.9,1
2014-01-07T14:00:00+0000,1233.8,1233.8,1233.8,1233.8,1
2014-01-09T12:00:00+0000,1230.8,1230.8,1230.8,1230.8,5
2014-01-09T14:00:00+0000,1226.1,1226.1,1226.0,1226.0,2
2014-01-10T04:00:00+0000,1234.0,1234.0,1234.0,1234.0,5
2014-01-10T05:00:00+0000,1234.1,1234.1,1234.1,1234.1,5
2014-01-10T14:00:00+0000,1243.0,1243.0,1243.0,1243.0,5
2014-01-16T15:00:00+0000,1242.3,1242.3,1242.3,1242.3,10
2014-01-17T13:00:00+0000,1248.6,1249.0,1248.6,1249.0,10
2014-01-20T00:00:00+0000,1257.5,1257.5,1257.2,1257.2,5
2014-01-21T00:00:00+0000,1254.1,1254.1,1254.0,1254.0,2
2014-01-21T14:00:00+0000,1240.1,1240.1,1240.1,1240.1,5
2014-01-23T12:00:00+0000,1249.7,1249.7,1249.7,1249.7,1
2014-01-23T13:00:00+0000,1257.7,1257.7,1257.7,1257.7,1
2014-01-24T11:00:00+0000,1264.2,1264.2,1264.2,1264.2,1
2014-01-24T17:00:00+0000,1265.2,1265.2,1265.2,1265.2,1
2014-01-27T18:00:00+0000,1263.6,1263.6,1263.6,1263.6,10
2014-01-29T05:00:00+0000,1252.0,1252.0,1252.0,1252.0,1
2014-01-29T14:00:00+0000,1265.0,1265.0,1265.0,1265.0,1
2014-01-29T20:00:00+0000,1267.9,1267.9,1267.9,1267.9,1
2014-01-30T07:00:00+0000,1257.5,1257.5,1257.5,1257.5,3
2014-01-30T08:00:00+0000,1257.6,1257.6,1257.6,1257.6,1
2014-01-30T13:00:00+0000,1242.2,1242.2,1242.2,1242.2,1
2014-02-04T04:00:00+0000,1258.7,1258.7,1258.7,1258.7,1
2014-02-04T09:00:00+0000,1255.5,1255.5,1255.5,1255.5,1
2014-02-07T13:00:00+0000,1260.0,1260.0,1260.0,1260.0,1
2014-02-07T19:00:00+0000,1267.1,1267.1,1267.1,1267.1,1
2014-02-09T23:00:00+0000,1271.0,1271.0,1271.0,1271.0,2
2014-02-10T03:00:00+0000,1268.3,1268.3,1268.3,1268.3,10
2014-02-10T15:00:00+0000,1277.0,1277.0,1277.0,1277.0,1
2014-02-11T02:00:00+0000,1284.4,1284.4,1284.4,1284.4,1
2014-02-11T04:00:00+0000,1290.0,1290.0,1290.0,1290.0,1
2014-02-13T02:00:00+0000,1292.3,1292.3,1290.3,1290.3,2
2014-02-13T16:00:00+0000,1298.0,1298.0,1298.0,1298.0,1
2014-02-13T19:00:00+0000,1301.7,1301.7,1301.3,1301.3,2
2014-02-14T08:00:00+0000,1308.4,1308.4,1308.4,1308.4,1
2014-02-14T15:00:00+0000,1318.0,1318.0,1318.0,1318.0,1
2014-02-19T17:00:00+0000,1319.6,1319.6,1319.6,1319.6,1
2014-02-19T20:00:00+0000,1309.8,1309.8,1309.6,1309.6,3
2014-02-24T14:00:00+0000,1334.8,1334.8,1334.3,1334.3,80
2014-02-24T15:00:00+0000,1336.8,1336.8,1336.8,1336.8,1
2014-02-24T17:00:00+0000,1338.0,1338.0,1337.6,1337.6,2
2014-02-26T13:00:00+0000,1333.6,1333.6,1333.6,1333.6,1
2014-02-26T14:00:00+0000,1333.2,1333.2,1333.2,1333.2,1
2014-02-27T09:00:00+0000,1328.0,1328.0,1328.0,1328.0,1
2014-03-03T00:00:00+0000,1344.5,1344.5,1344.5,1344.5,1
2014-03-03T09:00:00+0000,1347.0,1347.0,1347.0,1347.0,1
2014-03-03T13:00:00+0000,1349.0,1349.0,1349.0,1349.0,1
2014-03-03T14:00:00+0000,1350.4,1350.4,1350.4,1350.4,1
2014-03-05T13:00:00+0000,1338.7,1338.7,1338.1,1338.1,2
2014-03-06T14:00:00+0000,1346.2,1346.2,1346.2,1346.2,2
2014-03-06T18:00:00+0000,1351.7,1351.7,1351.1,1351.1,2
2014-03-07T13:00:00+0000,1335.5,1335.5,1335.5,1335.5,3
2014-03-07T14:00:00+0000,1330.0,1330.0,1330.0,1330.0,1
2014-03-07T15:00:00+0000,1334.4,1334.4,1334.4,1334.4,1
2014-03-11T19:00:00+0000,1348.8,1348.8,1348.8,1348.8,1
2014-03-13T01:00:00+0000,1368.0,1373.2,1368.0,1373.2,4
2014-03-14T13:00:00+0000,1387.0,1387.0,1387.0,1387.0,1
2014-03-18T01:00:00+0000,1365.0,1365.0,1360.0,1360.0,3
2014-03-18T13:00:00+0000,1355.0,1355.0,1355.0,1355.0,1
2014-03-18T19:00:00+0000,1356.0,1356.0,1356.0,1356.0,1
2014-03-19T04:00:00+0000,1355.0,1355.0,1353.7,1354.0,5
2014-03-19T08:00:00+0000,1355.1,1355.1,1355.1,1355.1,1
2014-03-19T09:00:00+0000,1348.8,1348.8,1347.2,1348.0,6
2014-03-19T17:00:00+0000,1338.0,1338.0,1338.0,1338.0,1
2014-03-19T19:00:00+0000,1330.1,1330.1,1328.0,1330.0,4
2014-03-20T11:00:00+0000,1323.1,1323.1,1323.1,1323.1,1
2014-03-20T13:00:00+0000,1326.0,1326.0,1326.0,1326.0,1
2014-03-20T14:00:00+0000,1329.0,1329.0,1329.0,1329.0,1
2014-03-20T18:00:00+0000,1330.8,1330.8,1330.8,1330.8,1
2014-03-20T19:00:00+0000,1328.0,1328.0,1328.0,1328.0,1
2014-03-21T08:00:00+0000,1338.0,1338.0,1338.0,1338.0,1
2014-03-21T10:00:00+0000,1337.5,1337.5,1337.5,1337.5,1
2014-03-21T17:00:00+0000,1336.1,1336.1,1336.1,1336.1,2
2014-03-24T08:00:00+0000,1324.0,1324.0,1324.0,1324.0,1
2014-03-24T12:00:00+0000,1315.9,1315.9,1315.9,1315.9,2
2014-03-24T19:00:00+0000,1310.4,1310.4,1310.4,1310.4,1
2014-03-25T06:00:00+0000,1314.2,1314.2,1314.2,1314.2,1
2014-03-25T12:00:00+0000,1306.0,1306.0,1306.0,1306.0,1
2014-03-25T16:00:00+0000,1312.8,1312.8,1312.8,1312.8,1
2014-03-25T20:00:00+0000,1312.7,1312.7,1312.7,1312.7,1
2014-03-26T05:00:00+0000,1314.0,1314.0,1314.0,1314.0,1
2014-03-26T06:00:00+0000,1315.0,1315.0,1315.0,1315.0,2
2014-03-26T14:00:00+0000,1305.0,1305.0,1305.0,1305.0,1
2014-03-26T16:00:00+0000,1305.1,1305.1,1305.1,1305.1,3
2014-03-26T17:00:00+0000,1305.0,1305.0,1305.0,1305.0,1
2014-03-26T19:00:00+0000,1300.5,1300.5,1299.6,1299.6,4
2014-03-27T02:00:00+0000,1306.5,1306.5,1306.5,1306.5,1
2014-03-27T08:00:00+0000,1298.6,1298.6,1298.6,1298.6,1
2014-03-27T13:00:00+0000,1297.0,1297.0,1297.0,1297.0,2
2014-03-27T14:00:00+0000,1297.2,1297.2,1297.2,1297.2,4
2014-03-27T15:00:00+0000,1297.8,1297.8,1297.8,1297.8,1
2014-03-27T16:00:00+0000,1295.7,1295.7,1294.0,1294.0,2
2014-03-27T17:00:00+0000,1291.6,1291.6,1291.6,1291.6,1
2014-03-27T18:00:00+0000,1293.5,1294.1,1293.5,1294.1,6
2014-03-27T19:00:00+0000,1293.0,1293.0,1293.0,1293.0,1
2014-03-28T12:00:00+0000,1289.6,1289.6,1289.6,1289.6,1
2014-03-28T13:00:00+0000,1289.2,1289.7,1289.2,1289.3,3
2014-03-28T14:00:00+0000,1296.0,1297.1,1296.0,1297.1,2
2014-03-28T17:00:00+0000,1292.6,1292.6,1292.1,1292.1,3
2014-03-31T15:00:00+0000,1290.0,1290.0,1290.0,1290.0,12
2014-03-31T16:00:00+0000,1287.0,1287.0,1287.0,1287.0,2
2014-03-31T22:00:00+0000,1285.7,1285.7,1285.7,1285.7,1
2014-04-01T00:00:00+0000,1283.5,1283.5,1283.5,1283.5,1
2014-04-01T07:00:00+0000,1287.9,1287.9,1287.9,1287.9,1
2014-04-01T08:00:00+0000,1286.8,1286.8,1286.8,1286.8,1
2014-04-01T09:00:00+0000,1288.0,1288.0,1288.0,1288.0,3
2014-04-01T15:00:00+0000,1280.0,1280.0,1280.0,1280.0,1
2014-04-01T18:00:00+0000,1279.9,1279.9,1279.9,1279.9,1
2014-04-01T21:00:00+0000,1279.3,1279.3,1279.3,1279.3,1
2014-04-02T08:00:00+0000,1284.0,1284.0,1284.0,1284.0,1
2014-04-02T11:00:00+0000,1287.5,1287.5,1287.5,1287.5,1
2014-04-02T14:00:00+0000,1293.2,1293.2,1293.2,1293.2,1
2014-04-02T18:00:00+0000,1291.0,1291.0,1291.0,1291.0,12
2014-04-02T19:00:00+0000,1290.5,1290.5,1290.5,1290.5,1
2014-04-03T01:00:00+0000,1292.7,1292.7,1292.7,1292.7,1
2014-04-03T05:00:00+0000,1294.1,1294.1,1294.1,1294.1,2
2014-04-03T06:00:00+0000,1292.9,1292.9,1292.9,1292.9,1
2014-04-03T09:00:00+0000,1286.0,1286.0,1286.0,1286.0,2
2014-04-03T11:00:00+0000,1285.0,1285.0,1284.6,1284.6,2
2014-04-03T12:00:00+0000,1284.7,1284.7,1284.7,1284.7,1
2014-04-03T13:00:00+0000,1285.0,1285.7,1285.0,1285.7,3
2014-04-04T10:00:00+0000,1290.7,1290.7,1290.6,1290.6,3
2014-04-04T12:00:00+0000,1301.0,1301.0,1300.1,1300.1,11
2014-04-04T13:00:00+0000,1297.9,1297.9,1297.9,1297.9,1
2014-04-04T14:00:00+0000,1296.9,1296.9,1296.9,1296.9,1
2014-04-04T15:00:00+0000,1305.9,1305.9,1304.7,1304.7,4
2014-04-04T16:00:00+0000,1305.4,1305.4,1305.4,1305.4,1
2014-04-07T00:00:00+0000,1305.5,1305.8,1304.3,1305.8,6
2014-04-07T06:00:00+0000,1301.1,1301.1,1301.1,1301.1,1
2014-04-07T08:00:00+0000,1298.7,1298.7,1298.7,1298.7,1
2014-04-07T12:00:00+0000,1298.5,1299.6,1298.5,1299.6,2
2014-04-07T15:00:00+0000,1301.5,1301.7,1300.9,1300.9,3
2014-04-07T16:00:00+0000,1297.5,1297.5,1296.9,1296.9,2
2014-04-07T17:00:00+0000,1298.1,1298.1,1298.1,1298.1,1
2014-04-07T19:00:00+0000,1298.6,1298.6,1298.6,1298.6,1
2014-04-07T23:00:00+0000,1299.9,1299.9,1299.9,1299.9,1
2014-04-08T06:00:00+0000,1308.5,1309.8,1308.5,1309.8,2
2014-04-08T08:00:00+0000,1312.4,1312.4,1312.4,1312.4,1
2014-04-08T09:00:00+0000,1314.0,1314.3,1312.2,1312.2,3
2014-04-08T14:00:00+0000,1309.2,1309.2,1309.2,1309.2,2
2014-04-08T16:00:00+0000,1310.0,1310.0,1310.0,1310.0,1
2014-04-08T17:00:00+0000,1309.9,1309.9,1309.9,1309.9,1
2014-04-08T19:00:00+0000,1309.7,1309.9,1307.7,1308.2,4
2014-04-09T12:00:00+0000,1303.9,1303.9,1303.9,1303.9,1
2014-04-09T13:00:00+0000,1303.8,1303.8,1301.9,1301.9,2
2014-04-09T15:00:00+0000,1305.1,1305.1,1305.1,1305.1,1
2014-04-09T18:00:00+0000,1308.2,1309.8,1308.2,1309.8,2
2014-04-09T19:00:00+0000,1309.9,1309.9,1309.9,1309.9,1
2014-04-10T00:00:00+0000,1312.0,1314.4,1312.0,1314.4,2
2014-04-10T02:00:00+0000,1316.4,1316.4,1315.6,1315.6,2
2014-04-10T04:00:00+0000,1316.1,1316.1,1316.1,1316.1,1
2014-04-10T05:00:00+0000,1316.8,1316.8,1316.8,1316.8,1
2014-04-10T07:00:00+0000,1318.2,1322.1,1318.2,1320.7,4
2014-04-10T08:00:00+0000,1321.5,1323.3,1320.1,1322.4,4
2014-04-10T09:00:00+0000,1322.5,1322.8,1322.5,1322.8,2
2014-04-10T12:00:00+0000,1324.5,1324.5,1323.8,1323.8,2
2014-04-11T08:00:00+0000,1315.9,1315.9,1315.9,1315.9,1
2014-04-11T12:00:00+0000,1319.0,1319.0,1319.0,1319.0,1
2014-04-11T13:00:00+0000,1318.5,1318.5,1318.5,1318.5,1
2014-04-13T22:00:00+0000,1325.7,1325.7,1325.7,1325.7,1
2014-04-14T01:00:00+0000,1327.0,1327.8,1327.0,1327.8,2
2014-04-14T06:00:00+0000,1329.9,1330.5,1329.9,1330.5,3
2014-04-14T10:00:00+0000,1324.6,1324.6,1324.6,1324.6,1
2014-04-14T13:00:00+0000,1325.7,1325.7,1325.7,1325.7,1
2014-04-14T14:00:00+0000,1328.8,1329.2,1328.8,1329.2,2
2014-04-15T03:00:00+0000,1320.0,1320.0,1320.0,1320.0,1
2014-04-15T06:00:00+0000,1316.0,1316.0,1316.0,1316.0,1
2014-04-15T07:00:00+0000,1308.0,1308.0,1308.0,1308.0,1
2014-04-15T08:00:00+0000,1312.5,1312.5,1310.0,1310.0,2
2014-04-15T09:00:00+0000,1308.3,1308.3,1308.3,1308.3,1
2014-04-15T11:00:00+0000,1303.0,1303.0,1303.0,1303.0,1
2014-04-15T12:00:00+0000,1303.7,1303.7,1290.0,1290.0,15
2014-04-15T16:00:00+0000,1303.4,1303.4,1303.3,1303.3,3
2014-04-15T17:00:00+0000,1304.2,1304.2,1303.8,1303.8,3
2014-04-15T20:00:00+0000,1302.4,1302.4,1302.4,1302.4,2
2014-04-16T02:00:00+0000,1299.2,1299.2,1299.2,1299.2,1
2014-04-16T14:00:00+0000,1299.2,1299.2,1299.2,1299.2,1
2014-04-16T15:00:00+0000,1302.0,1302.0,1302.0,1302.0,1
2014-04-17T14:00:00+0000,1301.1,1301.1,1301.1,1301.1,1
2014-04-17T17:00:00+0000,1295.3,1295.3,1295.3,1295.3,1
2014-04-17T18:00:00+0000,1295.5,1295.5,1294.5,1294.5,3
2014-04-21T01:00:00+0000,1293.0,1293.0,1288.3,1288.5,5
2014-04-21T02:00:00+0000,1284.8,1284.8,1283.5,1283.5,3
2014-04-21T03:00:00+0000,1286.0,1286.0,1286.0,1286.0,1
2014-04-21T11:00:00+0000,1284.0,1284.0,1284.0,1284.0,1
2014-04-21T13:00:00+0000,1290.5,1290.5,1290.5,1290.5,1
2014-04-21T14:00:00+0000,1286.0,1286.0,1286.0,1286.0,1
2014-04-21T17:00:00+0000,1288.6,1288.6,1288.5,1288.5,3
2014-04-22T02:00:00+0000,1288.5,1288.5,1288.5,1288.5,3
2014-04-22T08:00:00+0000,1292.3,1292.3,1292.3,1292.3,1
2014-04-22T09:00:00+0000,1291.4,1291.4,1291.4,1291.4,2
2014-04-22T12:00:00+0000,1292.9,1292.9,1292.9,1292.9,1
2014-04-22T14:00:00+0000,1286.0,1286.0,1278.0,1281.3,13
2014-04-22T19:00:00+0000,1284.0,1285.0,1284.0,1285.0,2
2014-04-23T06:00:00+0000,1283.4,1283.4,1283.4,1283.4,1
2014-04-23T11:00:00+0000,1288.0,1288.0,1288.0,1288.0,1
2014-04-23T15:00:00+0000,1284.4,1284.4,1284.4,1284.4,1
2014-04-23T16:00:00+0000,1284.0,1284.0,1284.0,1284.0,4
2014-04-23T17:00:00+0000,1283.7,1283.7,1283.6,1283.6,2
2014-04-23T23:00:00+0000,1285.4,1285.4,1285.4,1285.4,2
2014-04-24T00:00:00+0000,1283.3,1283.3,1283.3,1283.3,1
2014-04-24T03:00:00+0000,1287.7,1287.7,1287.7,1287.7,1
2014-04-24T10:00:00+0000,1277.2,1277.2,1276.1,1276.1,2
2014-04-24T11:00:00+0000,1272.0,1272.8,1271.4,1271.8,5
2014-04-24T12:00:00+0000,1271.6,1271.6,1271.6,1271.6,1
2014-04-24T13:00:00+0000,1277.0,1294.0,1277.0,1292.8,6
2014-04-24T14:00:00+0000,1293.3,1295.8,1291.1,1291.1,3
2014-04-24T15:00:00+0000,1290.3,1290.3,1290.0,1290.0,2
2014-04-24T19:00:00+0000,1291.9,1292.3,1291.9,1292.3,2
2014-04-25T11:00:00+0000,1301.1,1302.4,1301.1,1302.4,6
2014-04-25T14:00:00+0000,1304.1,1304.4,1303.0,1303.0,5
2014-04-25T16:00:00+0000,1299.0,1301.0,1298.9,1301.0,3
2014-04-25T18:00:00+0000,1302.2,1302.2,1301.4,1301.4,3
2014-04-25T20:00:00+0000,1303.2,1303.2,1303.2,1303.2,1
2014-04-27T22:00:00+0000,1305.3,1305.3,1303.5,1305.1,5
2014-04-28T01:00:00+0000,1305.0,1305.0,1305.0,1305.0,1
2014-04-28T02:00:00+0000,1305.9,1305.9,1305.9,1305.9,2
2014-04-28T07:00:00+0000,1304.0,1304.0,1304.0,1304.0,1
2014-04-28T08:00:00+0000,1304.2,1304.2,1304.2,1304.2,1
2014-04-28T11:00:00+0000,1299.7,1299.7,1299.7,1299.7,1
2014-04-28T12:00:00+0000,1300.1,1302.4,1300.1,1302.4,2
2014-04-28T14:00:00+0000,1297.4,1297.4,1294.2,1294.8,23
2014-04-28T15:00:00+0000,1293.0,1295.0,1293.0,1295.0,3
2014-04-28T16:00:00+0000,1295.8,1296.2,1295.0,1296.2,4
2014-04-28T17:00:00+0000,1297.7,1297.7,1297.7,1297.7,1
2014-04-29T05:00:00+0000,1295.0,1295.0,1295.0,1295.0,1
2014-04-29T07:00:00+0000,1291.3,1291.3,1289.9,1289.9,2
2014-04-29T12:00:00+0000,1294.8,1294.8,1294.8,1294.8,5
2014-04-29T13:00:00+0000,1301.2,1301.2,1301.2,1301.2,3
2014-04-29T14:00:00+0000,1298.2,1298.2,1298.2,1298.2,1
2014-04-29T15:00:00+0000,1299.2,1299.2,1299.2,1299.2,1
2014-04-29T17:00:00+0000,1293.0,1293.0,1293.0,1293.0,5
2014-04-30T07:00:00+0000,1292.8,1292.8,1292.8,1292.8,1
2014-04-30T11:00:00+0000,1289.0,1293.3,1289.0,1293.3,3
2014-04-30T12:00:00+0000,1288.0,1294.0,1285.3,1294.0,13
2014-04-30T13:00:00+0000,1286.5,1286.5,1286.5,1286.5,1
2014-04-30T17:00:00+0000,1291.9,1295.3,1291.9,1295.3,4
2014-05-01T01:00:00+0000,1289.2,1289.2,1289.1,1289.1,2
2014-05-01T07:00:00+0000,1281.0,1281.0,1281.0,1281.0,2
2014-05-01T08:00:00+0000,1283.0,1283.0,1283.0,1283.0,1
2014-05-01T12:00:00+0000,1279.6,1279.6,1279.6,1279.6,1
2014-05-01T13:00:00+0000,1278.0,1278.0,1277.4,1277.4,2
2014-05-01T14:00:00+0000,1280.6,1283.2,1280.6,1283.2,6
2014-05-01T15:00:00+0000,1282.4,1282.4,1282.4,1282.4,1
2014-05-01T16:00:00+0000,1284.0,1284.0,1284.0,1284.0,2
2014-05-01T19:00:00+0000,1285.5,1285.5,1285.5,1285.5,13
2014-05-02T01:00:00+0000,1283.9,1283.9,1283.9,1283.9,1
2014-05-02T03:00:00+0000,1282.2,1284.3,1282.2,1283.5,4
2014-05-02T06:00:00+0000,1282.6,1282.6,1282.6,1282.6,1
2014-05-02T10:00:00+0000,1285.9,1285.9,1285.9,1285.9,1
2014-05-02T11:00:00+0000,1287.5,1287.5,1287.5,1287.5,1
2014-05-02T12:00:00+0000,1277.0,1280.7,1274.5,1280.7,5
2014-05-02T13:00:00+0000,1284.6,1284.6,1284.6,1284.6,1
2014-05-02T14:00:00+0000,1283.6,1296.6,1283.6,1296.6,15
2014-05-02T15:00:00+0000,1295.9,1304.0,1295.9,1301.0,19
2014-05-02T16:00:00+0000,1300.0,1300.0,1300.0,1300.0,1
2014-05-02T18:00:00+0000,1301.8,1301.8,1301.8,1301.8,1
2014-05-04T23:00:00+0000,1300.0,1300.0,1300.0,1300.0,2
2014-05-05T00:00:00+0000,1300.9,1303.0,1300.9,1303.0,2
2014-05-05T01:00:00+0000,1306.9,1306.9,1306.9,1306.9,2
2014-05-05T03:00:00+0000,1307.8,1307.8,1307.8,1307.8,1
2014-05-05T04:00:00+0000,1305.0,1305.0,1304.7,1304.7,6
2014-05-05T05:00:00+0000,1306.0,1306.0,1306.0,1306.0,1
2014-05-05T07:00:00+0000,1309.9,1309.9,1309.9,1309.9,1
2014-05-05T09:00:00+0000,1313.1,1313.6,1313.1,1313.6,2
2014-05-05T13:00:00+0000,1314.7,1314.7,1313.2,1313.2,2
2014-05-05T14:00:00+0000,1312.0,1312.0,1311.7,1311.7,2
2014-05-05T15:00:00+0000,1310.4,1310.4,1310.4,1310.4,2
2014-05-05T17:00:00+0000,1309.1,1309.1,1309.1,1309.1,1
2014-05-06T01:00:00+0000,1308.5,1308.5,1308.4,1308.4,2
2014-05-06T02:00:00+0000,1312.1,1312.1,1310.1,1310.1,2
2014-05-06T09:00:00+0000,1311.6,1311.6,1311.6,1311.6,1
2014-05-06T16:00:00+0000,1306.8,1306.8,1306.8,1306.8,1
2014-05-07T00:00:00+0000,1311.2,1311.2,1311.2,1311.2,2
2014-05-07T01:00:00+0000,1312.1,1313.3,1312.1,1313.3,3
2014-05-07T10:00:00+0000,1312.2,1312.2,1312.2,1312.2,1
2014-05-07T12:00:00+0000,1306.2,1306.2,1302.5,1303.9,16
2014-05-07T13:00:00+0000,1303.1,1303.1,1303.1,1303.1,1
2014-05-07T14:00:00+0000,1300.0,1300.0,1295.1,1297.2,7
2014-05-07T15:00:00+0000,1295.9,1295.9,1293.7,1293.7,3
2014-05-07T16:00:00+0000,1292.8,1292.8,1286.2,1290.1,15
2014-05-07T20:00:00+0000,1289.3,1289.3,1289.3,1289.3,1
2014-05-08T00:00:00+0000,1292.6,1292.6,1292.6,1292.6,1
2014-05-08T01:00:00+0000,1289.0,1289.0,1287.7,1287.7,2
2014-05-08T03:00:00+0000,1290.3,1290.3,1290.3,1290.3,1
2014-05-08T09:00:00+0000,1289.9,1289.9,1289.9,1289.9,1
2014-05-08T11:00:00+0000,1294.5,1294.5,1291.5,1291.5,4
2014-05-08T12:00:00+0000,1292.2,1292.2,1285.4,1285.4,10
2014-05-08T14:00:00+0000,1287.2,1289.1,1287.0,1289.1,4
2014-05-08T15:00:00+0000,1289.0,1289.0,1289.0,1289.0,2
2014-05-08T19:00:00+0000,1290.3,1290.3,1290.3,1290.3,1
2014-05-09T01:00:00+0000,1289.5,1289.5,1289.2,1289.5,8
2014-05-09T04:00:00+0000,1292.2,1292.2,1292.2,1292.2,1
2014-05-09T08:00:00+0000,1290.7,1290.7,1290.7,1290.7,1
2014-05-09T11:00:00+0000,1292.4,1292.4,1292.4,1292.4,1
2014-05-09T14:00:00+0000,1293.6,1293.6,1289.2,1289.2,2
2014-05-09T15:00:00+0000,1288.5,1288.5,1288.5,1288.5,2
2014-05-09T18:00:00+0000,1288.0,1288.0,1288.0,1288.0,2
2014-05-09T20:00:00+0000,1289.4,1289.4,1289.4,1289.4,1
2014-05-11T22:00:00+0000,1280.0,1280.4,1280.0,1280.4,2
2014-05-11T23:00:00+0000,1283.6,1283.6,1283.6,1283.6,1
2014-05-12T01:00:00+0000,1284.9,1284.9,1284.9,1284.9,3
2014-05-12T04:00:00+0000,1292.2,1292.2,1292.2,1292.2,2
2014-05-12T05:00:00+0000,1290.0,1290.5,1290.0,1290.5,3
2014-05-12T06:00:00+0000,1289.2,1289.2,1289.2,1289.2,1
2014-05-12T09:00:00+0000,1292.7,1292.7,1292.7,1292.7,1
2014-05-12T10:00:00+0000,1294.3,1294.3,1294.3,1294.3,1
2014-05-12T11:00:00+0000,1295.3,1296.4,1295.3,1296.4,3
2014-05-12T12:00:00+0000,1299.0,1302.3,1299.0,1302.3,3
2014-05-12T14:00:00+0000,1301.2,1301.2,1301.2,1301.2,1
2014-05-12T17:00:00+0000,1296.4,1296.4,1296.4,1296.4,2
2014-05-12T18:00:00+0000,1297.0,1297.0,1297.0,1297.0,1
2014-05-12T20:00:00+0000,1296.6,1296.6,1296.6,1296.6,1
2014-05-12T22:00:00+0000,1296.0,1296.0,1296.0,1296.0,1
2014-05-13T01:00:00+0000,1296.5,1296.5,1296.2,1296.2,2
2014-05-13T03:00:00+0000,1295.0,1295.0,1294.0,1294.4,7
2014-05-13T07:00:00+0000,1292.2,1292.2,1292.2,1292.2,1
2014-05-13T11:00:00+0000,1288.5,1288.5,1288.5,1288.5,1
2014-05-13T12:00:00+0000,1292.2,1292.2,1292.2,1292.2,1
2014-05-13T14:00:00+0000,1296.0,1296.0,1296.0,1296.0,5
2014-05-13T15:00:00+0000,1299.0,1299.0,1296.5,1296.5,3
2014-05-13T16:00:00+0000,1296.3,1296.9,1296.3,1296.9,3
2014-05-14T00:00:00+0000,1295.6,1295.6,1295.6,1295.6,1
2014-05-14T07:00:00+0000,1295.7,1300.5,1295.7,1300.5,9
2014-05-14T08:00:00+0000,1301.0,1302.0,1301.0,1302.0,2
2014-05-14T09:00:00+0000,1301.0,1301.0,1301.0,1301.0,1
2014-05-14T10:00:00+0000,1305.0,1305.2,1305.0,1305.2,4
2014-05-14T11:00:00+0000,1304.8,1305.0,1304.8,1305.0,2
2014-05-14T12:00:00+0000,1308.9,1308.9,1307.5,1308.0,6
2014-05-14T13:00:00+0000,1305.7,1307.2,1305.7,1306.7,10
2014-05-14T14:00:00+0000,1305.8,1306.0,1305.3,1305.4,7
2014-05-14T16:00:00+0000,1305.0,1306.0,1305.0,1306.0,2
2014-05-14T18:00:00+0000,1305.0,1305.0,1305.0,1305.0,1
2014-05-14T23:00:00+0000,1305.5,1305.5,1305.5,1305.5,2
2014-05-15T00:00:00+0000,1306.8,1306.8,1306.6,1306.8,3
2014-05-15T01:00:00+0000,1307.2,1307.2,1307.2,1307.2,1
2014-05-15T02:00:00+0000,1304.6,1305.2,1304.6,1305.2,2
2014-05-15T04:00:00+0000,1304.3,1304.3,1304.3,1304.3,1
2014-05-15T07:00:00+0000,1304.3,1304.3,1304.3,1304.3,1
2014-05-15T08:00:00+0000,1306.1,1306.1,1304.8,1304.8,4
2014-05-15T10:00:00+0000,1305.0,1305.0,1305.0,1305.0,1
2014-05-15T11:00:00+0000,1305.0,1305.0,1305.0,1305.0,1
2014-05-15T12:00:00+0000,1305.0,1305.0,1290.1,1296.0,37
2014-05-15T13:00:00+0000,1296.0,1296.0,1295.9,1295.9,3
2014-05-15T14:00:00+0000,1299.1,1304.1,1299.1,1300.7,9
2014-05-15T15:00:00+0000,1300.0,1300.0,1300.0,1300.0,1
2014-05-15T17:00:00+0000,1295.8,1295.8,1295.8,1295.8,1
2014-05-15T22:00:00+0000,1296.0,1296.0,1296.0,1296.0,1
2014-05-16T00:00:00+0000,1297.7,1297.7,1297.2,1297.2,6
2014-05-16T03:00:00+0000,1297.2,1297.2,1297.2,1297.2,1
2014-05-16T06:00:00+0000,1295.0,1295.0,1295.0,1295.0,1
2014-05-16T07:00:00+0000,1293.0,1293.5,1292.6,1292.6,3
2014-05-16T12:00:00+0000,1296.8,1296.8,1289.0,1290.5,9
2014-05-16T13:00:00+0000,1291.8,1293.0,1291.8,1293.0,5
2014-05-16T14:00:00+0000,1292.3,1295.0,1292.3,1295.0,4
2014-05-16T15:00:00+0000,1294.3,1294.3,1294.3,1294.3,1
2014-05-16T16:00:00+0000,1292.8,1292.9,1292.8,1292.9,3
2014-05-16T17:00:00+0000,1293.5,1293.5,1293.5,1293.5,1
2014-05-16T19:00:00+0000,1293.5,1293.5,1293.5,1293.5,2
2014-05-16T20:00:00+0000,1293.8,1293.8,1293.8,1293.8,2
2014-05-18T22:00:00+0000,1291.0,1291.0,1291.0,1291.0,1
2014-05-19T03:00:00+0000,1295.5,1295.5,1295.5,1295.5,1
2014-05-19T04:00:00+0000,1295.8,1295.8,1295.8,1295.8,1
2014-05-19T05:00:00+0000,1296.3,1296.3,1296.0,1296.0,2
2014-05-19T07:00:00+0000,1297.6,1301.0,1297.6,1301.0,7
2014-05-19T08:00:00+0000,1300.2,1300.2,1300.2,1300.2,1
2014-05-19T09:00:00+0000,1301.8,1301.8,1301.8,1301.8,1
2014-05-19T10:00:00+0000,1300.0,1302.0,1300.0,1302.0,4
2014-05-19T12:00:00+0000,1303.9,1305.0,1303.7,1304.6,7
2014-05-19T13:00:00+0000,1302.5,1302.5,1302.2,1302.2,2
2014-05-19T14:00:00+0000,1302.9,1302.9,1299.2,1299.9,7
2014-05-19T15:00:00+0000,1298.8,1299.4,1295.8,1295.8,9
2014-05-19T16:00:00+0000,1296.4,1296.8,1294.0,1294.0,3
2014-05-19T17:00:00+0000,1294.6,1294.6,1294.6,1294.6,1
2014-05-19T18:00:00+0000,1294.2,1294.2,1294.2,1294.2,1
2014-05-19T19:00:00+0000,1293.7,1293.7,1293.3,1293.3,2
2014-05-19T22:00:00+0000,1293.4,1293.4,1293.4,1293.4,1
2014-05-19T23:00:00+0000,1293.7,1293.7,1293.7,1293.7,1
2014-05-20T00:00:00+0000,1293.7,1293.7,1293.7,1293.7,2
2014-05-20T01:00:00+0000,1293.0,1293.0,1291.4,1291.5,5
2014-05-20T03:00:00+0000,1293.7,1293.7,1293.7,1293.7,1
2014-05-20T04:00:00+0000,1293.9,1293.9,1293.9,1293.9,1
2014-05-20T05:00:00+0000,1293.3,1293.3,1293.0,1293.0,2
2014-05-20T06:00:00+0000,1292.3,1292.3,1290.5,1290.5,4
2014-05-20T07:00:00+0000,1291.1,1291.1,1290.0,1290.0,6
2014-05-20T08:00:00+0000,1290.9,1290.9,1290.9,1290.9,1
2014-05-20T09:00:00+0000,1292.3,1292.3,1292.3,1292.3,1
2014-05-20T11:00:00+0000,1291.0,1291.7,1291.0,1291.7,2
2014-05-20T12:00:00+0000,1287.0,1288.6,1287.0,1288.0,5
2014-05-20T13:00:00+0000,1288.3,1296.8,1288.3,1296.8,16
2014-05-20T14:00:00+0000,1295.0,1296.0,1293.6,1295.3,10
2014-05-20T15:00:00+0000,1295.5,1295.5,1295.5,1295.5,1
2014-05-20T16:00:00+0000,1295.5,1295.7,1294.4,1295.7,3
2014-05-20T18:00:00+0000,1295.5,1295.5,1295.5,1295.5,1
2014-05-20T19:00:00+0000,1294.5,1294.5,1294.5,1294.5,1
2014-05-20T21:00:00+0000,1294.5,1294.5,1294.5,1294.5,4
2014-05-20T22:00:00+0000,1294.0,1295.1,1294.0,1295.1,3
2014-05-21T00:00:00+0000,1294.0,1294.0,1294.0,1294.0,1
2014-05-21T01:00:00+0000,1294.5,1294.5,1294.2,1294.2,2
2014-05-21T02:00:00+0000,1294.6,1296.2,1294.6,1296.2,3
2014-05-21T03:00:00+0000,1296.2,1296.5,1295.9,1296.5,6
2014-05-21T04:00:00+0000,1296.2,1296.7,1296.0,1296.7,4
2014-05-21T05:00:00+0000,1295.6,1295.6,1295.6,1295.6,1
2014-05-21T06:00:00+0000,1294.1,1294.1,1293.3,1293.3,2
2014-05-21T07:00:00+0000,1294.6,1294.7,1293.0,1293.0,7
2014-05-21T08:00:00+0000,1294.2,1294.2,1294.2,1294.2,1
2014-05-21T09:00:00+0000,1293.0,1293.0,1293.0,1293.0,2
2014-05-21T10:00:00+0000,1292.5,1292.5,1290.1,1290.1,4
2014-05-21T11:00:00+0000,1290.0,1290.4,1288.8,1289.2,10
2014-05-21T12:00:00+0000,1290.2,1292.6,1289.2,1290.0,13
2014-05-21T13:00:00+0000,1289.2,1289.2,1287.0,1287.0,15
2014-05-21T14:00:00+0000,1290.8,1290.8,1290.8,1290.8,1
2014-05-21T15:00:00+0000,1291.0,1291.0,1289.0,1289.5,5
2014-05-21T16:00:00+0000,1289.2,1289.4,1287.0,1287.0,7
2014-05-21T17:00:00+0000,1288.7,1289.0,1288.7,1289.0,3
2014-05-21T18:00:00+0000,1286.5,1292.3,1284.0,1292.3,22
2014-05-21T19:00:00+0000,1290.4,1291.8,1290.4,1291.8,4
2014-05-21T20:00:00+0000,1292.3,1292.3,1292.3,1292.3,1
2014-05-21T21:00:00+0000,1292.5,1292.5,1292.5,1292.5,1
2014-05-21T22:00:00+0000,1292.7,1292.7,1292.7,1292.7,1
2014-05-22T00:00:00+0000,1292.7,1292.7,1292.7,1292.7,2
2014-05-22T02:00:00+0000,1292.6,1292.7,1291.3,1291.3,3
2014-05-22T04:00:00+0000,1292.3,1292.3,1292.3,1292.3,1
2014-05-22T05:00:00+0000,1294.4,1294.4,1294.4,1294.4,1
2014-05-22T06:00:00+0000,1294.8,1294.8,1294.8,1294.8,1
2014-05-22T07:00:00+0000,1295.4,1296.5,1295.4,1295.4,4
2014-05-22T09:00:00+0000,1295.0,1295.5,1295.0,1295.0,7
2014-05-22T10:00:00+0000,1295.6,1296.5,1295.6,1296.5,5
2014-05-22T11:00:00+0000,1297.5,1297.5,1297.5,1297.5,1
2014-05-22T12:00:00+0000,1299.0,1303.0,1299.0,1300.6,12
2014-05-22T13:00:00+0000,1300.0,1300.0,1300.0,1300.0,4
2014-05-22T14:00:00+0000,1298.3,1298.3,1298.3,1298.3,3
2014-05-22T15:00:00+0000,1296.0,1296.0,1294.3,1295.0,7
2014-05-22T16:00:00+0000,1295.9,1295.9,1294.4,1294.4,5
2014-05-22T18:00:00+0000,1295.3,1295.3,1295.3,1295.3,1
2014-05-22T19:00:00+0000,1294.6,1294.6,1294.0,1294.5,4
2014-05-22T21:00:00+0000,1293.6,1293.6,1293.6,1293.6,1
2014-05-22T22:00:00+0000,1294.5,1294.5,1294.5,1294.5,1
2014-05-23T00:00:00+0000,1294.5,1294.5,1294.5,1294.5,2
2014-05-23T02:00:00+0000,1294.9,1294.9,1294.9,1294.9,3
2014-05-23T06:00:00+0000,1295.5,1295.5,1295.5,1295.5,1
2014-05-23T07:00:00+0000,1295.5,1295.5,1295.5,1295.5,1
2014-05-23T08:00:00+0000,1295.2,1295.2,1292.0,1292.2,3
2014-05-23T10:00:00+0000,1292.4,1292.7,1291.5,1291.5,4
2014-05-23T11:00:00+0000,1291.0,1291.7,1289.2,1289.2,13
2014-05-23T12:00:00+0000,1288.3,1292.7,1288.0,1292.7,21
2014-05-23T13:00:00+0000,1293.4,1294.7,1293.0,1293.0,16
2014-05-23T14:00:00+0000,1293.5,1294.1,1291.6,1294.1,14
2014-05-23T15:00:00+0000,1292.9,1293.0,1291.6,1292.3,8
2014-05-23T16:00:00+0000,1291.7,1292.7,1289.7,1292.3,27
2014-05-23T17:00:00+0000,1291.0,1292.5,1290.0,1292.5,68
2014-05-23T18:00:00+0000,1292.7,1293.2,1292.7,1293.2,2
2014-05-23T19:00:00+0000,1293.0,1293.1,1292.5,1293.0,8
2014-05-23T20:00:00+0000,1292.5,1293.5,1292.5,1293.5,3
2014-05-23T21:00:00+0000,1292.4,1292.4,1292.4,1292.4,1
2014-05-25T22:00:00+0000,1291.9,1292.3,1291.8,1291.8,4
2014-05-25T23:00:00+0000,1293.0,1293.0,1291.8,1291.8,4
2014-05-26T00:00:00+0000,1292.9,1292.9,1292.9,1292.9,1
2014-05-26T01:00:00+0000,1292.8,1293.3,1292.8,1293.3,6
2014-05-26T02:00:00+0000,1294.0,1294.1,1293.2,1293.2,7
2014-05-26T03:00:00+0000,1293.6,1293.7,1293.5,1293.5,6
2014-05-26T04:00:00+0000,1293.0,1293.0,1293.0,1293.0,4
2014-05-26T05:00:00+0000,1293.0,1293.2,1292.9,1292.9,3
2014-05-26T06:00:00+0000,1292.8,1292.8,1292.4,1292.5,8
2014-05-26T07:00:00+0000,1292.8,1293.5,1291.4,1291.6,10
2014-05-26T08:00:00+0000,1291.7,1291.9,1291.7,1291.9,10
2014-05-26T09:00:00+0000,1292.3,1293.1,1292.3,1293.1,6
2014-05-26T10:00:00+0000,1293.5,1294.0,1292.9,1294.0,8
2014-05-26T11:00:00+0000,1292.6,1293.6,1292.6,1293.6,3
2014-05-26T12:00:00+0000,1292.7,1292.7,1292.7,1292.7,1
2014-05-26T13:00:00+0000,1293.0,1293.0,1292.4,1292.4,3
2014-05-26T14:00:00+0000,1292.7,1292.7,1292.2,1292.2,2
2014-05-26T15:00:00+0000,1292.4,1292.9,1292.4,1292.7,4
2014-05-26T16:00:00+0000,1292.5,1292.5,1292.5,1292.5,2
2014-05-26T22:00:00+0000,1292.8,1293.2,1291.9,1293.2,11
2014-05-26T23:00:00+0000,1292.0,1292.6,1292.0,1292.6,2
2014-05-27T00:00:00+0000,1292.7,1292.7,1292.7,1292.7,4
2014-05-27T01:00:00+0000,1292.9,1293.3,1292.4,1293.3,6
2014-05-27T02:00:00+0000,1292.8,1292.8,1292.0,1292.0,3
2014-05-27T03:00:00+0000,1291.8,1292.0,1291.5,1292.0,11
2014-05-27T04:00:00+0000,1292.2,1292.2,1291.0,1291.0,12
2014-05-27T05:00:00+0000,1290.3,1290.5,1288.6,1288.6,17
2014-05-27T06:00:00+0000,1288.3,1288.4,1285.0,1287.5,24
2014-05-27T07:00:00+0000,1285.9,1286.4,1282.8,1284.2,75
2014-05-27T08:00:00+0000,1285.2,1285.2,1282.2,1283.3,26
2014-05-27T09:00:00+0000,1282.9,1285.0,1282.9,1283.3,15
2014-05-27T10:00:00+0000,1284.4,1284.6,1283.0,1283.0,14
2014-05-27T11:00:00+0000,1282.8,1284.0,1281.7,1282.5,21
2014-05-27T12:00:00+0000,1281.3,1281.9,1274.2,1277.2,121
2014-05-27T13:00:00+0000,1277.5,1279.7,1274.6,1275.5,79
2014-05-27T14:00:00+0000,1275.6,1276.1,1266.1,1268.8,120
2014-05-27T15:00:00+0000,1270.0,1270.0,1267.8,1268.0,25
2014-05-27T16:00:00+0000,1268.0,1268.1,1263.9,1266.1,107
2014-05-27T17:00:00+0000,1265.7,1267.0,1263.2,1267.0,62
2014-05-27T18:00:00+0000,1266.5,1268.0,1265.8,1266.9,25
2014-05-27T19:00:00+0000,1267.6,1268.1,1266.5,1267.0,9
2014-05-27T20:00:00+0000,1265.7,1266.2,1265.0,1265.4,16
2014-05-27T21:00:00+0000,1264.6,1264.6,1263.9,1263.9,2
2014-05-27T22:00:00+0000,1264.0,1264.0,1264.0,1264.0,1
2014-05-27T23:00:00+0000,1264.0,1264.0,1263.5,1263.8,13
2014-05-28T00:00:00+0000,1262.8,1263.6,1261.5,1263.6,13
2014-05-28T01:00:00+0000,1264.2,1265.5,1263.5,1265.0,22
2014-05-28T02:00:00+0000,1264.4,1265.2,1263.1,1264.7,11
2014-05-28T03:00:00+0000,1265.0,1265.0,1263.5,1263.5,8
2014-05-28T04:00:00+0000,1262.8,1264.3,1262.7,1262.7,8
2014-05-28T05:00:00+0000,1262.4,1264.5,1262.4,1264.5,51
2014-05-28T06:00:00+0000,1265.2,1265.7,1263.9,1264.0,27
2014-05-28T07:00:00+0000,1263.9,1266.1,1263.7,1264.0,40
2014-05-28T08:00:00+0000,1264.6,1264.8,1263.5,1264.4,13
2014-05-28T09:00:00+0000,1264.8,1265.8,1263.8,1264.9,7
2014-05-28T10:00:00+0000,1265.7,1265.7,1265.7,1265.7,1
2014-05-28T11:00:00+0000,1266.0,1267.1,1265.0,1265.0,21
2014-05-28T12:00:00+0000,1266.0,1267.0,1263.9,1267.0,83
2014-05-28T13:00:00+0000,1265.8,1265.8,1260.4,1263.9,191
2014-05-28T14:00:00+0000,1263.8,1263.8,1256.9,1258.6,107
2014-05-28T15:00:00+0000,1258.1,1258.4,1255.3,1258.4,147
2014-05-28T16:00:00+0000,1258.2,1259.7,1258.1,1258.9,42
2014-05-28T17:00:00+0000,1260.0,1260.4,1259.6,1259.8,11
2014-05-28T18:00:00+0000,1260.0,1260.0,1257.7,1258.3,41
2014-05-28T19:00:00+0000,1258.7,1258.8,1257.7,1258.7,20
2014-05-28T20:00:00+0000,1259.0,1259.4,1258.2,1258.2,15
2014-05-28T21:00:00+0000,1258.8,1259.7,1258.8,1259.7,10
2014-05-28T22:00:00+0000,1259.7,1260.0,1259.6,1259.6,10
2014-05-28T23:00:00+0000,1259.1,1259.1,1257.3,1258.8,15
2014-05-29T00:00:00+0000,1257.3,1259.5,1257.3,1259.5,5
2014-05-29T01:00:00+0000,1259.5,1260.5,1257.9,1257.9,42
2014-05-29T02:00:00+0000,1256.9,1257.6,1254.6,1257.2,36
2014-05-29T03:00:00+0000,1257.0,1259.4,1257.0,1258.1,23
2014-05-29T04:00:00+0000,1259.6,1260.2,1257.8,1257.8,11
2014-05-29T05:00:00+0000,1258.6,1258.7,1257.7,1257.7,8
2014-05-29T06:00:00+0000,1258.0,1258.3,1252.0,1252.0,85
2014-05-29T07:00:00+0000,1253.1,1255.2,1252.4,1253.3,28
2014-05-29T08:00:00+0000,1253.0,1254.0,1251.5,1252.9,43
2014-05-29T09:00:00+0000,1252.9,1254.5,1252.9,1253.6,24
2014-05-29T10:00:00+0000,1253.8,1254.9,1253.1,1253.6,78
2014-05-29T11:00:00+0000,1253.5,1254.6,1252.0,1252.7,46
2014-05-29T12:00:00+0000,1252.9,1257.2,1252.1,1255.3,136
2014-05-29T13:00:00+0000,1255.3,1256.9,1253.5,1255.7,102
2014-05-29T14:00:00+0000,1255.7,1256.7,1254.5,1255.8,49
2014-05-29T15:00:00+0000,1256.7,1261.0,1255.8,1256.6,285
2014-05-29T16:00:00+0000,1256.3,1256.8,1255.1,1256.1,197
2014-05-29T17:00:00+0000,1255.9,1257.0,1255.0,1256.2,51
2014-05-29T18:00:00+0000,1255.4,1256.5,1255.4,1255.5,12
2014-05-29T19:00:00+0000,1255.0,1256.4,1255.0,1256.1,16
2014-05-29T20:00:00+0000,1256.3,1256.6,1254.5,1256.6,15
2014-05-29T21:00:00+0000,1255.5,1255.5,1254.1,1254.1,10
2014-05-29T22:00:00+0000,1257.5,1257.5,1255.5,1255.5,2
2014-05-29T23:00:00+0000,1255.6,1256.0,1255.5,1256.0,3
2014-05-30T00:00:00+0000,1257.2,1259.0,1257.0,1259.0,7
2014-05-30T01:00:00+0000,1260.0,1260.5,1258.5,1258.5,15
2014-05-30T02:00:00+0000,1258.0,1258.1,1257.5,1257.5,16
2014-05-30T04:00:00+0000,1258.4,1258.4,1257.5,1257.5,2
2014-05-30T05:00:00+0000,1258.5,1258.6,1257.6,1257.6,4
2014-05-30T06:00:00+0000,1257.8,1257.8,1256.1,1257.2,14
2014-05-30T07:00:00+0000,1258.2,1258.2,1257.7,1257.7,3
2014-05-30T08:00:00+0000,1255.8,1256.0,1253.8,1253.8,21
2014-05-30T09:00:00+0000,1254.6,1255.9,1253.0,1255.2,24
2014-05-30T10:00:00+0000,1254.9,1255.4,1252.6,1253.4,27
2014-05-30T11:00:00+0000,1253.7,1254.8,1253.0,1254.8,16
2014-05-30T12:00:00+0000,1254.3,1255.6,1250.3,1254.5,90
2014-05-30T13:00:00+0000,1254.2,1256.0,1251.0,1252.3,104
2014-05-30T14:00:00+0000,1251.8,1252.4,1245.0,1246.7,289
2014-05-30T15:00:00+0000,1246.1,1246.1,1242.1,1242.6,94
2014-05-30T16:00:00+0000,1243.1,1246.2,1243.1,1246.0,48
2014-05-30T17:00:00+0000,1245.8,1246.0,1244.9,1245.4,15
2014-05-30T18:00:00+0000,1245.1,1247.1,1245.0,1246.8,28
2014-05-30T19:00:00+0000,1246.8,1251.6,1246.8,1250.6,101
2014-05-30T20:00:00+0000,1251.0,1252.0,1249.1,1249.1,26
2014-05-30T21:00:00+0000,1250.8,1250.8,1250.8,1250.8,1
2014-06-01T22:00:00+0000,1249.5,1250.9,1247.8,1249.0,47
2014-06-01T23:00:00+0000,1247.7,1247.8,1247.7,1247.8,8
2014-06-02T00:00:00+0000,1247.6,1247.8,1246.8,1247.0,21
2014-06-02T01:00:00+0000,1246.6,1248.4,1246.6,1248.0,7
2014-06-02T02:00:00+0000,1247.4,1247.7,1247.4,1247.7,4
2014-06-02T03:00:00+0000,1247.7,1247.7,1247.4,1247.4,2
2014-06-02T04:00:00+0000,1247.8,1247.8,1244.5,1245.0,38
2014-06-02T05:00:00+0000,1245.5,1245.5,1242.4,1242.4,51
2014-06-02T06:00:00+0000,1242.9,1244.5,1241.3,1244.5,39
2014-06-02T07:00:00+0000,1244.0,1246.0,1244.0,1244.7,47
2014-06-02T08:00:00+0000,1244.3,1245.5,1243.5,1243.5,18
2014-06-02T09:00:00+0000,1245.0,1245.1,1245.0,1245.0,12
2014-06-02T10:00:00+0000,1245.8,1247.5,1245.0,1247.3,23
2014-06-02T11:00:00+0000,1247.6,1248.0,1246.2,1246.5,28
2014-06-02T12:00:00+0000,1247.0,1247.9,1244.6,1245.6,40
2014-06-02T13:00:00+0000,1246.1,1248.0,1245.0,1247.2,54
2014-06-02T14:00:00+0000,1247.9,1251.0,1245.5,1245.5,152
2014-06-02T15:00:00+0000,1245.2,1246.2,1244.0,1244.9,47
2014-06-02T16:00:00+0000,1245.0,1245.0,1243.5,1243.5,21
2014-06-02T17:00:00+0000,1244.5,1245.1,1242.4,1242.5,35
2014-06-02T18:00:00+0000,1242.5,1243.2,1242.5,1242.5,22
2014-06-02T19:00:00+0000,1244.3,1244.6,1243.0,1243.7,26
2014-06-02T20:00:00+0000,1243.2,1244.3,1242.8,1244.0,11
2014-06-02T22:00:00+0000,1244.1,1245.0,1242.1,1244.4,19
2014-06-02T23:00:00+0000,1245.0,1245.5,1245.0,1245.3,4
2014-06-03T00:00:00+0000,1243.8,1244.7,1243.8,1244.6,3
2014-06-03T01:00:00+0000,1245.6,1245.6,1242.0,1243.5,21
2014-06-03T02:00:00+0000,1243.6,1244.8,1243.6,1244.8,5
2014-06-03T03:00:00+0000,1244.8,1245.2,1243.4,1243.5,7
2014-06-03T04:00:00+0000,1243.7,1243.7,1242.6,1242.6,8
2014-06-03T05:00:00+0000,1244.0,1245.5,1243.7,1245.5,11
2014-06-03T06:00:00+0000,1246.4,1247.3,1245.1,1247.2,21
2014-06-03T07:00:00+0000,1245.3,1247.2,1245.3,1247.2,7
2014-06-03T08:00:00+0000,1246.9,1247.0,1246.2,1247.0,9
2014-06-03T09:00:00+0000,1246.8,1246.8,1244.0,1246.0,10
2014-06-03T10:00:00+0000,1245.3,1246.0,1245.3,1246.0,5
2014-06-03T11:00:00+0000,1246.0,1247.6,1246.0,1246.1,23
2014-06-03T12:00:00+0000,1247.4,1247.4,1244.0,1244.0,14
2014-06-03T13:00:00+0000,1244.6,1244.6,1242.5,1244.2,32
2014-06-03T14:00:00+0000,1243.6,1245.8,1240.4,1245.8,114
2014-06-03T15:00:00+0000,1245.9,1245.9,1243.4,1244.3,126
2014-06-03T16:00:00+0000,1244.0,1244.9,1244.0,1244.1,17
2014-06-03T17:00:00+0000,1243.5,1244.3,1243.5,1244.2,13
2014-06-03T18:00:00+0000,1244.8,1246.4,1244.7,1245.8,22
2014-06-03T19:00:00+0000,1245.5,1247.0,1245.5,1246.6,28
2014-06-03T20:00:00+0000,1246.5,1246.5,1244.0,1245.2,8
2014-06-03T21:00:00+0000,1244.0,1244.0,1244.0,1244.0,1
2014-06-03T22:00:00+0000,1246.2,1246.2,1246.2,1246.2,3
2014-06-04T01:00:00+0000,1244.0,1246.5,1243.5,1246.3,11
2014-06-04T02:00:00+0000,1245.5,1245.8,1245.5,1245.8,3
2014-06-04T04:00:00+0000,1245.3,1246.0,1245.3,1246.0,3
2014-06-04T05:00:00+0000,1246.2,1246.7,1246.2,1246.7,6
2014-06-04T06:00:00+0000,1246.1,1247.6,1245.9,1246.3,27
2014-06-04T07:00:00+0000,1246.8,1247.1,1245.5,1246.5,20
2014-06-04T08:00:00+0000,1246.2,1246.3,1246.0,1246.3,13
2014-06-04T09:00:00+0000,1245.9,1246.2,1245.5,1246.2,7
2014-06-04T10:00:00+0000,1246.2,1246.2,1244.6,1244.6,7
2014-06-04T11:00:00+0000,1245.8,1245.8,1245.1,1245.1,5
2014-06-04T12:00:00+0000,1246.1,1249.6,1246.0,1247.1,100
2014-06-04T13:00:00+0000,1247.5,1247.9,1246.6,1247.0,13
2014-06-04T14:00:00+0000,1246.7,1246.7,1242.9,1245.2,50
2014-06-04T15:00:00+0000,1244.5,1244.8,1243.4,1244.1,33
2014-06-04T16:00:00+0000,1244.8,1245.2,1243.5,1243.5,21
2014-06-04T17:00:00+0000,1243.3,1245.0,1243.0,1245.0,13
2014-06-04T18:00:00+0000,1244.7,1245.3,1244.0,1244.5,12
2014-06-04T19:00:00+0000,1243.7,1243.7,1243.1,1243.4,6
2014-06-04T20:00:00+0000,1243.5,1243.8,1243.5,1243.8,15
2014-06-04T21:00:00+0000,1244.1,1244.1,1244.1,1244.1,1
2014-06-04T22:00:00+0000,1243.9,1243.9,1243.9,1243.9,2
2014-06-04T23:00:00+0000,1244.3,1244.3,1244.3,1244.3,2
2014-06-05T00:00:00+0000,1244.5,1244.6,1243.6,1243.6,12
2014-06-05T01:00:00+0000,1242.8,1242.9,1242.3,1242.4,8
2014-06-05T02:00:00+0000,1244.0,1244.3,1242.1,1243.4,28
2014-06-05T03:00:00+0000,1242.1,1244.5,1242.1,1243.9,8
2014-06-05T04:00:00+0000,1243.8,1244.4,1242.3,1243.7,41
2014-06-05T05:00:00+0000,1243.7,1244.9,1243.7,1244.9,5
2014-06-05T06:00:00+0000,1243.5,1244.2,1243.5,1244.2,2
2014-06-05T07:00:00+0000,1244.5,1244.7,1243.0,1243.3,15
2014-06-05T08:00:00+0000,1243.0,1243.1,1242.7,1243.0,8
2014-06-05T09:00:00+0000,1243.5,1244.5,1243.5,1244.5,10
2014-06-05T10:00:00+0000,1245.0,1245.4,1243.9,1245.4,8
2014-06-05T11:00:00+0000,1245.4,1246.8,1241.5,1244.1,80
2014-06-05T12:00:00+0000,1244.4,1257.9,1243.2,1254.2,389
2014-06-05T13:00:00+0000,1255.3,1255.3,1250.5,1252.7,140
2014-06-05T14:00:00+0000,1253.4,1254.7,1253.0,1254.5,52
2014-06-05T15:00:00+0000,1254.5,1255.2,1253.3,1254.2,46
2014-06-05T16:00:00+0000,1255.0,1255.0,1253.0,1253.5,28
2014-06-05T17:00:00+0000,1253.2,1254.1,1251.8,1252.7,28
2014-06-05T18:00:00+0000,1253.4,1253.5,1252.6,1253.5,14
2014-06-05T19:00:00+0000,1252.9,1253.5,1252.8,1253.1,24
2014-06-05T20:00:00+0000,1253.5,1254.0,1253.2,1253.8,12
2014-06-05T21:00:00+0000,1253.9,1254.5,1252.5,1254.5,4
2014-06-05T22:00:00+0000,1254.8,1255.3,1253.7,1253.8,13
2014-06-05T23:00:00+0000,1253.4,1253.4,1253.2,1253.2,4
2014-06-06T00:00:00+0000,1253.7,1254.0,1253.7,1254.0,9
2014-06-06T01:00:00+0000,1254.8,1254.8,1254.8,1254.8,1
2014-06-06T02:00:00+0000,1254.1,1254.1,1254.1,1254.1,1
2014-06-06T03:00:00+0000,1253.7,1253.8,1253.7,1253.7,5
2014-06-06T04:00:00+0000,1253.7,1253.7,1253.3,1253.6,7
2014-06-06T05:00:00+0000,1255.9,1256.6,1254.5,1255.5,73
2014-06-06T06:00:00+0000,1255.0,1256.1,1255.0,1255.7,4
2014-06-06T07:00:00+0000,1255.3,1255.3,1254.8,1255.0,11
2014-06-06T08:00:00+0000,1255.1,1255.1,1254.7,1254.7,11
2014-06-06T09:00:00+0000,1254.7,1254.7,1253.0,1253.5,15
2014-06-06T10:00:00+0000,1252.9,1253.5,1252.0,1252.0,15
2014-06-06T11:00:00+0000,1252.4,1253.4,1251.7,1252.0,17
2014-06-06T12:00:00+0000,1252.0,1257.8,1251.9,1256.1,142
2014-06-06T13:00:00+0000,1256.3,1256.6,1245.6,1248.1,162
2014-06-06T14:00:00+0000,1247.7,1250.5,1247.0,1249.8,85
2014-06-06T15:00:00+0000,1251.2,1253.8,1250.4,1252.5,116
2014-06-06T16:00:00+0000,1252.9,1252.9,1250.9,1251.8,12
2014-06-06T17:00:00+0000,1252.0,1253.0,1250.0,1252.5,14
2014-06-06T18:00:00+0000,1252.4,1252.9,1252.4,1252.9,8
2014-06-06T19:00:00+0000,1252.2,1253.5,1252.2,1252.6,21
2014-06-06T20:00:00+0000,1252.8,1253.8,1252.8,1253.2,5
2014-06-06T21:00:00+0000,1253.5,1253.5,1253.5,1253.5,1
2014-06-08T22:00:00+0000,1252.3,1253.4,1252.3,1253.4,7
2014-06-08T23:00:00+0000,1253.5,1254.3,1252.7,1252.8,8
2014-06-09T00:00:00+0000,1253.2,1253.2,1253.2,1253.2,3
2014-06-09T01:00:00+0000,1252.5,1253.2,1252.0,1252.2,20
2014-06-09T02:00:00+0000,1253.5,1253.5,1253.2,1253.2,3
2014-06-09T03:00:00+0000,1253.4,1254.2,1253.4,1253.5,4
2014-06-09T04:00:00+0000,1253.5,1253.5,1252.6,1252.6,7
2014-06-09T05:00:00+0000,1253.0,1253.0,1253.0,1253.0,2
2014-06-09T06:00:00+0000,1253.2,1254.6,1253.2,1254.6,9
2014-06-09T07:00:00+0000,1254.5,1255.2,1254.5,1255.2,9
2014-06-09T08:00:00+0000,1255.2,1255.3,1254.7,1255.3,4
2014-06-09T09:00:00+0000,1255.1,1255.1,1255.0,1255.0,3
2014-06-09T10:00:00+0000,1255.3,1256.2,1255.3,1256.2,16
2014-06-09T11:00:00+0000,1256.4,1256.9,1255.9,1256.9,13
2014-06-09T12:00:00+0000,1257.1,1257.1,1253.9,1254.2,33
2014-06-09T13:00:00+0000,1254.1,1255.0,1253.5,1254.3,18
2014-06-09T14:00:00+0000,1254.5,1254.9,1252.9,1253.1,17
2014-06-09T15:00:00+0000,1253.0,1254.6,1252.4,1253.0,24
2014-06-09T16:00:00+0000,1252.3,1254.0,1252.3,1253.9,12
2014-06-09T17:00:00+0000,1252.9,1254.8,1252.9,1254.3,6
2014-06-09T18:00:00+0000,1254.0,1254.3,1254.0,1254.0,8
2014-06-09T19:00:00+0000,1253.7,1253.7,1253.1,1253.5,7
2014-06-09T20:00:00+0000,1253.1,1253.5,1252.5,1252.5,14
2014-06-09T21:00:00+0000,1252.0,1252.7,1252.0,1252.0,3
2014-06-09T22:00:00+0000,1252.9,1252.9,1252.2,1252.4,3
2014-06-09T23:00:00+0000,1252.2,1252.2,1250.3,1252.0,19
2014-06-10T00:00:00+0000,1251.9,1252.3,1251.4,1252.3,10
2014-06-10T01:00:00+0000,1253.2,1254.5,1253.2,1254.5,17
2014-06-10T02:00:00+0000,1254.2,1254.9,1254.2,1254.9,2
2014-06-10T04:00:00+0000,1254.7,1254.7,1254.7,1254.7,1
2014-06-10T05:00:00+0000,1254.7,1255.6,1254.7,1255.6,5
2014-06-10T06:00:00+0000,1254.9,1255.2,1254.7,1255.2,10
2014-06-10T07:00:00+0000,1255.9,1256.3,1254.4,1254.8,18
2014-06-10T08:00:00+0000,1254.9,1255.0,1253.7,1254.0,11
2014-06-10T09:00:00+0000,1253.0,1254.0,1252.9,1253.5,16
2014-06-10T10:00:00+0000,1253.0,1253.2,1252.5,1253.2,17
2014-06-10T11:00:00+0000,1253.3,1255.6,1253.3,1255.4,14
2014-06-10T12:00:00+0000,1255.2,1263.6,1255.1,1261.0,214
2014-06-10T13:00:00+0000,1261.7,1262.3,1259.2,1260.6,91
2014-06-10T14:00:00+0000,1260.6,1261.3,1259.3,1260.3,29
2014-06-10T15:00:00+0000,1260.5,1261.5,1260.0,1261.5,29
2014-06-10T16:00:00+0000,1260.9,1261.0,1260.1,1260.1,21
2014-06-10T17:00:00+0000,1260.0,1260.4,1259.5,1260.2,10
2014-06-10T18:00:00+0000,1259.9,1261.1,1259.7,1261.1,11
2014-06-10T19:00:00+0000,1260.7,1261.8,1260.7,1260.9,9
2014-06-10T20:00:00+0000,1260.8,1260.8,1260.0,1260.0,13
2014-06-10T22:00:00+0000,1260.0,1260.4,1258.9,1260.4,16
2014-06-10T23:00:00+0000,1261.0,1261.0,1261.0,1261.0,1
2014-06-11T01:00:00+0000,1261.5,1261.7,1261.2,1261.6,7
2014-06-11T02:00:00+0000,1262.5,1262.6,1262.3,1262.3,5
2014-06-11T04:00:00+0000,1261.6,1261.6,1261.6,1261.6,1
2014-06-11T05:00:00+0000,1261.5,1261.5,1261.0,1261.1,11
2014-06-11T06:00:00+0000,1261.3,1262.1,1261.0,1262.0,9
2014-06-11T07:00:00+0000,1262.0,1262.0,1260.5,1260.5,5
2014-06-11T08:00:00+0000,1261.0,1262.9,1261.0,1262.9,14
2014-06-11T09:00:00+0000,1262.9,1264.8,1262.7,1262.7,24
2014-06-11T10:00:00+0000,1263.2,1263.2,1262.0,1262.0,3
2014-06-11T11:00:00+0000,1262.5,1264.3,1262.5,1262.9,27
2014-06-11T12:00:00+0000,1263.2,1265.4,1262.6,1263.8,48
2014-06-11T13:00:00+0000,1263.0,1264.2,1262.0,1263.0,38
2014-06-11T14:00:00+0000,1262.1,1263.0,1261.3,1262.0,23
2014-06-11T15:00:00+0000,1262.1,1262.5,1261.5,1261.5,16
2014-06-11T16:00:00+0000,1260.5,1261.6,1258.9,1260.9,36
2014-06-11T17:00:00+0000,1259.7,1261.3,1259.7,1261.0,5
2014-06-11T18:00:00+0000,1261.0,1261.1,1260.2,1260.2,13
2014-06-11T19:00:00+0000,1260.6,1261.0,1260.6,1261.0,7
2014-06-11T21:00:00+0000,1261.9,1261.9,1261.9,1261.9,1
2014-06-11T22:00:00+0000,1261.3,1262.0,1260.6,1260.6,11
2014-06-11T23:00:00+0000,1260.8,1261.7,1260.8,1261.7,2
2014-06-12T00:00:00+0000,1261.5,1261.5,1261.5,1261.5,1
2014-06-12T01:00:00+0000,1261.5,1261.5,1258.7,1260.8,24
2014-06-12T02:00:00+0000,1260.5,1260.5,1260.5,1260.5,2
2014-06-12T03:00:00+0000,1260.8,1261.1,1260.8,1261.1,6
2014-06-12T04:00:00+0000,1261.2,1261.3,1260.8,1260.9,6
2014-06-12T05:00:00+0000,1261.0,1262.5,1260.8,1260.8,8
2014-06-12T06:00:00+0000,1260.8,1261.7,1260.1,1261.7,6
2014-06-12T07:00:00+0000,1262.1,1262.2,1260.9,1261.0,10
2014-06-12T08:00:00+0000,1261.0,1262.3,1261.0,1262.0,9
2014-06-12T09:00:00+0000,1262.5,1263.5,1261.4,1263.5,12
2014-06-12T10:00:00+0000,1263.9,1266.6,1263.7,1266.4,49
2014-06-12T11:00:00+0000,1265.5,1266.4,1262.9,1263.9,14
2014-06-12T12:00:00+0000,1265.1,1268.7,1262.1,1265.5,113
2014-06-12T13:00:00+0000,1265.4,1267.3,1265.0,1267.3,37
2014-06-12T14:00:00+0000,1266.0,1274.4,1265.7,1272.9,157
2014-06-12T15:00:00+0000,1272.7,1273.0,1271.0,1271.3,41
2014-06-12T16:00:00+0000,1272.0,1273.2,1271.5,1273.0,31
2014-06-12T17:00:00+0000,1273.0,1274.5,1273.0,1273.3,45
2014-06-12T18:00:00+0000,1273.1,1275.0,1273.1,1273.9,34
2014-06-12T19:00:00+0000,1273.0,1274.2,1273.0,1273.8,23
2014-06-12T20:00:00+0000,1273.7,1274.1,1273.3,1273.6,11
2014-06-12T22:00:00+0000,1274.0,1274.0,1271.7,1271.7,9
2014-06-12T23:00:00+0000,1273.5,1274.7,1273.2,1273.6,13
2014-06-13T00:00:00+0000,1273.0,1273.1,1272.1,1273.1,8
2014-06-13T01:00:00+0000,1273.6,1275.5,1273.5,1273.5,12
2014-06-13T02:00:00+0000,1273.5,1275.1,1273.2,1273.4,5
2014-06-13T03:00:00+0000,1272.0,1273.4,1271.9,1272.9,7
2014-06-13T04:00:00+0000,1272.8,1273.8,1272.8,1273.2,5
2014-06-13T05:00:00+0000,1273.0,1273.0,1271.3,1271.6,18
2014-06-13T06:00:00+0000,1272.1,1277.2,1271.2,1275.2,34
2014-06-13T07:00:00+0000,1274.3,1274.9,1273.5,1274.4,18
2014-06-13T08:00:00+0000,1273.9,1274.0,1273.6,1274.0,4
2014-06-13T09:00:00+0000,1273.1,1273.6,1271.7,1272.4,15
2014-06-13T10:00:00+0000,1273.7,1274.9,1273.7,1274.9,3
2014-06-13T11:00:00+0000,1273.1,1274.5,1272.0,1274.3,30
2014-06-13T12:00:00+0000,1273.5,1276.1,1272.4,1273.2,101
2014-06-13T13:00:00+0000,1273.0,1275.0,1273.0,1274.9,15
2014-06-13T14:00:00+0000,1274.0,1275.2,1272.9,1275.2,31
2014-06-13T15:00:00+0000,1274.5,1274.6,1273.4,1273.4,31
2014-06-13T16:00:00+0000,1273.7,1274.7,1273.5,1274.7,7
2014-06-13T17:00:00+0000,1274.8,1275.8,1274.1,1274.8,16
2014-06-13T18:00:00+0000,1275.2,1276.6,1275.2,1275.7,12
2014-06-13T19:00:00+0000,1276.3,1278.1,1276.2,1276.6,18
2014-06-13T20:00:00+0000,1276.7,1276.9,1276.7,1276.9,2
2014-06-13T21:00:00+0000,1277.7,1277.7,1277.7,1277.7,1
2014-06-15T22:00:00+0000,1278.0,1280.0,1275.3,1277.6,123
2014-06-15T23:00:00+0000,1278.3,1280.0,1276.4,1278.9,16
2014-06-16T00:00:00+0000,1278.9,1280.7,1278.9,1279.5,15
2014-06-16T01:00:00+0000,1279.5,1283.0,1279.5,1282.0,28
2014-06-16T02:00:00+0000,1282.7,1282.7,1281.5,1281.5,10
2014-06-16T03:00:00+0000,1281.0,1281.3,1281.0,1281.3,2
2014-06-16T04:00:00+0000,1282.0,1283.6,1281.0,1283.6,14
2014-06-16T05:00:00+0000,1283.7,1284.9,1281.9,1281.9,17
2014-06-16T06:00:00+0000,1283.0,1284.6,1282.0,1284.6,9
2014-06-16T07:00:00+0000,1283.4,1283.4,1282.9,1282.9,4
2014-06-16T08:00:00+0000,1281.9,1282.1,1279.8,1280.3,13
2014-06-16T09:00:00+0000,1280.5,1282.4,1280.2,1280.2,17
2014-06-16T10:00:00+0000,1280.0,1281.0,1279.7,1280.4,22
2014-06-16T11:00:00+0000,1280.0,1281.8,1279.6,1280.2,19
2014-06-16T12:00:00+0000,1280.7,1282.6,1280.3,1280.3,22
2014-06-16T13:00:00+0000,1280.0,1280.0,1275.1,1276.1,97
2014-06-16T14:00:00+0000,1275.8,1276.2,1272.7,1274.7,89
2014-06-16T15:00:00+0000,1274.4,1276.6,1274.0,1274.9,166
2014-06-16T16:00:00+0000,1274.1,1275.6,1273.2,1275.6,46
2014-06-16T17:00:00+0000,1275.0,1275.5,1274.1,1274.3,18
2014-06-16T18:00:00+0000,1274.1,1274.5,1274.0,1274.0,11
2014-06-16T19:00:00+0000,1272.4,1273.5,1270.5,1272.0,76
2014-06-16T20:00:00+0000,1272.7,1272.7,1272.2,1272.2,8
2014-06-16T21:00:00+0000,1272.0,1272.0,1272.0,1272.0,1
2014-06-16T22:00:00+0000,1271.5,1272.3,1270.9,1272.0,8
2014-06-16T23:00:00+0000,1272.5,1272.5,1272.5,1272.5,2
2014-06-17T00:00:00+0000,1272.3,1273.0,1272.2,1272.8,10
2014-06-17T01:00:00+0000,1273.1,1273.4,1271.2,1271.2,8
2014-06-17T02:00:00+0000,1271.2,1272.3,1271.0,1271.8,24
2014-06-17T03:00:00+0000,1271.0,1271.0,1266.1,1268.9,45
2014-06-17T04:00:00+0000,1268.8,1268.8,1263.2,1263.6,41
2014-06-17T05:00:00+0000,1264.0,1265.7,1264.0,1265.4,19
2014-06-17T06:00:00+0000,1265.4,1265.4,1265.2,1265.2,4
2014-06-17T07:00:00+0000,1265.0,1267.2,1265.0,1267.0,16
2014-06-17T08:00:00+0000,1266.1,1266.1,1264.4,1264.8,19
2014-06-17T09:00:00+0000,1264.7,1266.3,1264.5,1266.3,4
2014-06-17T10:00:00+0000,1266.3,1266.9,1265.0,1265.0,30
2014-06-17T11:00:00+0000,1265.8,1265.8,1264.6,1265.3,15
2014-06-17T12:00:00+0000,1265.0,1265.7,1257.1,1262.5,158
2014-06-17T13:00:00+0000,1263.3,1269.0,1263.2,1269.0,110
2014-06-17T14:00:00+0000,1269.0,1270.9,1267.1,1270.9,110
2014-06-17T15:00:00+0000,1271.0,1271.8,1269.4,1270.3,57
2014-06-17T16:00:00+0000,1270.5,1271.1,1270.5,1271.1,10
2014-06-17T17:00:00+0000,1271.3,1272.7,1270.5,1270.5,17
2014-06-17T18:00:00+0000,1270.9,1271.1,1270.2,1271.1,6
2014-06-17T19:00:00+0000,1271.0,1271.2,1270.5,1270.6,12
2014-06-17T20:00:00+0000,1270.4,1271.1,1270.4,1271.0,4
2014-06-17T21:00:00+0000,1270.9,1271.4,1270.9,1271.4,5
2014-06-17T22:00:00+0000,1272.0,1272.0,1270.0,1270.0,8
2014-06-17T23:00:00+0000,1271.0,1271.0,1269.9,1271.0,7
2014-06-18T00:00:00+0000,1271.2,1271.8,1271.0,1271.0,4
2014-06-18T01:00:00+0000,1271.5,1272.0,1271.5,1272.0,2
2014-06-18T02:00:00+0000,1270.1,1270.6,1269.5,1269.5,12
2014-06-18T03:00:00+0000,1269.3,1269.3,1268.0,1268.0,6
2014-06-18T04:00:00+0000,1266.5,1268.0,1266.2,1268.0,9
2014-06-18T05:00:00+0000,1268.2,1269.0,1268.0,1269.0,19
2014-06-18T06:00:00+0000,1268.5,1268.6,1268.3,1268.5,14
2014-06-18T07:00:00+0000,1269.5,1271.0,1267.6,1267.6,37
2014-06-18T08:00:00+0000,1267.1,1268.6,1266.6,1268.5,13
2014-06-18T09:00:00+0000,1267.9,1270.5,1267.9,1270.5,18
2014-06-18T10:00:00+0000,1270.1,1271.8,1269.8,1271.8,16
2014-06-18T11:00:00+0000,1270.9,1272.2,1270.9,1271.0,11
2014-06-18T12:00:00+0000,1271.0,1274.4,1271.0,1272.0,57
2014-06-18T13:00:00+0000,1271.7,1271.7,1269.0,1271.3,45
2014-06-18T14:00:00+0000,1270.9,1272.5,1270.6,1271.1,14
2014-06-18T15:00:00+0000,1270.8,1272.1,1270.3,1272.1,15
2014-06-18T16:00:00+0000,1272.6,1272.9,1271.7,1272.0,9
2014-06-18T17:00:00+0000,1273.0,1273.4,1271.3,1272.0,34
2014-06-18T18:00:00+0000,1271.5,1275.9,1267.1,1273.2,160
2014-06-18T19:00:00+0000,1273.4,1275.5,1272.9,1274.4,20
2014-06-18T20:00:00+0000,1274.8,1278.6,1274.8,1278.1,34
2014-06-18T21:00:00+0000,1278.6,1278.8,1277.6,1277.6,4
2014-06-18T22:00:00+0000,1279.0,1279.0,1277.3,1278.0,5
2014-06-18T23:00:00+0000,1277.9,1279.4,1277.9,1279.4,10
2014-06-19T00:00:00+0000,1278.5,1279.1,1278.3,1279.1,4
2014-06-19T01:00:00+0000,1279.5,1279.8,1277.0,1277.0,17
2014-06-19T02:00:00+0000,1276.8,1277.2,1276.3,1276.3,9
2014-06-19T04:00:00+0000,1277.2,1278.0,1276.6,1278.0,7
2014-06-19T05:00:00+0000,1276.9,1277.4,1276.0,1277.2,18
2014-06-19T06:00:00+0000,1278.3,1282.4,1278.3,1280.9,45
2014-06-19T07:00:00+0000,1281.4,1282.0,1280.6,1280.6,20
2014-06-19T08:00:00+0000,1280.7,1281.9,1280.7,1280.9,8
2014-06-19T09:00:00+0000,1282.0,1283.0,1281.8,1282.8,7
2014-06-19T10:00:00+0000,1281.6,1283.0,1281.5,1282.0,24
2014-06-19T11:00:00+0000,1282.1,1282.1,1281.9,1281.9,6
2014-06-19T12:00:00+0000,1282.6,1289.2,1282.6,1289.2,203
2014-06-19T13:00:00+0000,1289.1,1295.9,1287.5,1294.4,220
2014-06-19T14:00:00+0000,1294.1,1299.4,1293.0,1298.9,150
2014-06-19T15:00:00+0000,1298.5,1301.0,1296.8,1300.5,150
2014-06-19T16:00:00+0000,1300.2,1320.3,1299.5,1313.8,383
2014-06-19T17:00:00+0000,1313.1,1315.0,1310.4,1313.3,229
2014-06-19T18:00:00+0000,1313.2,1322.4,1313.1,1321.7,129
2014-06-19T19:00:00+0000,1321.0,1321.3,1316.2,1318.4,131
2014-06-19T20:00:00+0000,1318.8,1321.7,1317.6,1320.1,50
2014-06-19T21:00:00+0000,1319.1,1322.9,1319.1,1322.7,9
2014-06-19T22:00:00+0000,1320.0,1323.0,1319.1,1320.0,50
2014-06-19T23:00:00+0000,1319.3,1320.1,1315.0,1315.0,49
2014-06-20T00:00:00+0000,1315.0,1316.5,1314.0,1316.5,46
2014-06-20T01:00:00+0000,1315.7,1316.9,1312.8,1312.8,26
2014-06-20T02:00:00+0000,1312.8,1313.6,1311.2,1312.3,32
2014-06-20T03:00:00+0000,1313.0,1315.4,1313.0,1313.6,45
2014-06-20T04:00:00+0000,1314.0,1316.2,1312.8,1314.7,18
2014-06-20T05:00:00+0000,1315.6,1317.0,1313.6,1315.0,18
2014-06-20T06:00:00+0000,1314.9,1314.9,1312.0,1312.0,15
2014-06-20T07:00:00+0000,1312.2,1312.2,1307.7,1309.0,59
2014-06-20T08:00:00+0000,1308.9,1310.0,1307.0,1309.9,16
2014-06-20T09:00:00+0000,1308.7,1313.9,1308.3,1312.1,42
2014-06-20T10:00:00+0000,1311.6,1312.5,1309.9,1310.8,20
2014-06-20T11:00:00+0000,1310.0,1312.5,1309.5,1312.5,29
2014-06-20T12:00:00+0000,1312.2,1314.8,1311.9,1312.8,58
2014-06-20T13:00:00+0000,1313.9,1315.5,1310.7,1314.6,53
2014-06-20T14:00:00+0000,1314.0,1320.9,1312.9,1316.0,193
2014-06-20T15:00:00+0000,1316.0,1317.1,1314.6,1315.6,37
2014-06-20T16:00:00+0000,1315.4,1315.4,1313.3,1315.0,25
2014-06-20T17:00:00+0000,1315.0,1316.9,1314.9,1316.4,14
2014-06-20T18:00:00+0000,1316.4,1317.5,1314.7,1315.3,19
2014-06-20T19:00:00+0000,1315.8,1317.0,1314.6,1316.0,12
2014-06-20T20:00:00+0000,1314.9,1315.7,1314.9,1315.7,6
2014-06-20T21:00:00+0000,1315.6,1315.6,1315.2,1315.2,3
2014-06-22T22:00:00+0000,1315.2,1315.6,1313.2,1314.0,31
2014-06-22T23:00:00+0000,1314.2,1314.2,1313.1,1314.2,5
2014-06-23T00:00:00+0000,1314.2,1314.5,1313.2,1313.2,14
2014-06-23T01:00:00+0000,1313.2,1313.2,1311.0,1312.2,33
2014-06-23T02:00:00+0000,1312.5,1313.5,1312.5,1313.0,11
2014-06-23T03:00:00+0000,1313.3,1313.3,1311.7,1311.7,4
2014-06-23T04:00:00+0000,1313.4,1314.2,1313.4,1313.6,7
2014-06-23T05:00:00+0000,1314.6,1315.7,1313.8,1315.5,30
2014-06-23T06:00:00+0000,1315.2,1317.7,1314.0,1317.5,9
2014-06-23T07:00:00+0000,1317.8,1317.8,1315.5,1315.5,11
2014-06-23T08:00:00+0000,1315.7,1316.0,1315.7,1316.0,6
2014-06-23T09:00:00+0000,1315.0,1315.0,1312.5,1312.5,10
2014-06-23T10:00:00+0000,1313.0,1313.0,1311.7,1311.7,15
2014-06-23T11:00:00+0000,1311.0,1313.4,1311.0,1312.5,14
2014-06-23T12:00:00+0000,1314.1,1317.5,1313.7,1317.5,37
2014-06-23T13:00:00+0000,1316.4,1316.5,1313.7,1315.0,38
2014-06-23T14:00:00+0000,1315.0,1318.6,1314.9,1316.1,66
2014-06-23T15:00:00+0000,1316.4,1318.0,1315.3,1318.0,43
2014-06-23T16:00:00+0000,1317.0,1318.0,1316.1,1318.0,9
2014-06-23T17:00:00+0000,1319.0,1319.7,1318.2,1318.2,13
2014-06-23T18:00:00+0000,1318.5,1318.5,1316.4,1316.5,11
2014-06-23T19:00:00+0000,1317.3,1318.2,1315.7,1318.2,25
2014-06-23T20:00:00+0000,1318.4,1318.4,1317.0,1318.0,14
2014-06-23T21:00:00+0000,1318.2,1318.2,1318.2,1318.2,1
2014-06-23T22:00:00+0000,1317.8,1317.8,1315.0,1315.7,6
2014-06-23T23:00:00+0000,1315.5,1316.7,1315.2,1315.2,6
2014-06-24T01:00:00+0000,1316.6,1317.7,1315.8,1317.7,14
2014-06-24T03:00:00+0000,1317.0,1317.0,1316.1,1316.1,3
2014-06-24T04:00:00+0000,1315.3,1315.3,1315.3,1315.3,1
2014-06-24T05:00:00+0000,1315.7,1315.8,1315.7,1315.8,3
2014-06-24T06:00:00+0000,1315.6,1316.1,1315.6,1316.1,10
2014-06-24T07:00:00+0000,1316.0,1317.1,1314.9,1317.1,19
2014-06-24T08:00:00+0000,1317.1,1325.9,1317.1,1323.8,106
2014-06-24T09:00:00+0000,1323.9,1327.0,1323.0,1324.5,108
2014-06-24T10:00:00+0000,1325.2,1325.8,1324.0,1325.2,60
2014-06-24T11:00:00+0000,1326.1,1327.0,1323.9,1324.0,32
2014-06-24T12:00:00+0000,1324.0,1324.0,1320.2,1322.4,121
2014-06-24T13:00:00+0000,1322.1,1323.0,1320.5,1320.5,34
2014-06-24T14:00:00+0000,1320.7,1321.5,1317.6,1320.2,102
2014-06-24T15:00:00+0000,1319.7,1320.7,1317.4,1317.7,44
2014-06-24T16:00:00+0000,1317.8,1320.4,1317.8,1320.1,20
2014-06-24T17:00:00+0000,1320.5,1321.3,1319.2,1319.9,31
2014-06-24T18:00:00+0000,1320.8,1321.8,1320.5,1321.0,11
2014-06-24T19:00:00+0000,1321.3,1322.0,1319.4,1319.5,32
2014-06-24T20:00:00+0000,1318.8,1319.1,1318.0,1318.9,9
2014-06-24T22:00:00+0000,1318.6,1319.0,1318.5,1318.5,5
2014-06-24T23:00:00+0000,1318.2,1319.5,1318.2,1318.4,12
2014-06-25T00:00:00+0000,1319.5,1319.8,1319.5,1319.8,2
2014-06-25T01:00:00+0000,1318.9,1318.9,1315.9,1316.9,23
2014-06-25T02:00:00+0000,1316.8,1316.8,1303.4,1312.7,91
2014-06-25T03:00:00+0000,1311.7,1314.6,1310.5,1313.0,18
2014-06-25T04:00:00+0000,1313.3,1313.5,1311.8,1311.8,25
2014-06-25T05:00:00+0000,1312.0,1313.2,1312.0,1313.2,5
2014-06-25T06:00:00+0000,1313.0,1315.0,1312.5,1314.5,45
2014-06-25T07:00:00+0000,1314.5,1315.0,1312.7,1312.7,18
2014-06-25T08:00:00+0000,1314.5,1315.0,1314.1,1314.6,15
2014-06-25T09:00:00+0000,1315.3,1315.3,1312.6,1312.8,13
2014-06-25T10:00:00+0000,1313.7,1314.0,1313.5,1313.5,8
2014-06-25T11:00:00+0000,1312.8,1315.2,1312.8,1315.2,28
2014-06-25T12:00:00+0000,1314.0,1321.9,1314.0,1317.7,188
2014-06-25T13:00:00+0000,1318.1,1320.8,1316.3,1318.8,49
2014-06-25T14:00:00+0000,1318.0,1320.8,1317.6,1319.6,85
2014-06-25T15:00:00+0000,1319.7,1325.5,1318.5,1324.2,81
2014-06-25T16:00:00+0000,1324.9,1324.9,1321.0,1321.6,46
2014-06-25T17:00:00+0000,1321.5,1323.3,1320.5,1321.4,12
2014-06-25T18:00:00+0000,1321.1,1321.8,1320.3,1321.8,3
2014-06-25T19:00:00+0000,1321.0,1321.3,1320.0,1320.0,13
2014-06-25T20:00:00+0000,1320.4,1321.0,1320.0,1320.0,5
2014-06-25T22:00:00+0000,1321.2,1321.2,1319.0,1319.0,14
2014-06-25T23:00:00+0000,1318.5,1318.5,1318.5,1318.5,1
2014-06-26T00:00:00+0000,1320.0,1320.5,1320.0,1320.5,7
2014-06-26T01:00:00+0000,1319.4,1320.0,1318.6,1319.4,13
2014-06-26T02:00:00+0000,1319.0,1319.0,1316.6,1317.1,23
2014-06-26T03:00:00+0000,1317.5,1317.5,1317.5,1317.5,2
2014-06-26T04:00:00+0000,1317.6,1317.6,1317.1,1317.5,4
2014-06-26T05:00:00+0000,1316.5,1318.2,1315.4,1318.2,20
2014-06-26T06:00:00+0000,1317.8,1317.8,1317.0,1317.0,6
2014-06-26T07:00:00+0000,1316.0,1316.0,1307.6,1311.4,94
2014-06-26T08:00:00+0000,1312.8,1312.8,1311.8,1312.0,28
2014-06-26T09:00:00+0000,1311.7,1312.5,1309.8,1312.0,28
2014-06-26T10:00:00+0000,1313.3,1313.3,1311.2,1311.2,5
2014-06-26T11:00:00+0000,1311.8,1311.8,1307.7,1308.0,47
2014-06-26T12:00:00+0000,1307.9,1318.8,1307.0,1316.0,182
2014-06-26T13:00:00+0000,1316.0,1319.5,1313.5,1315.0,115
2014-06-26T14:00:00+0000,1314.7,1316.0,1311.8,1315.9,84
2014-06-26T15:00:00+0000,1315.6,1317.7,1314.3,1314.9,45
2014-06-26T16:00:00+0000,1316.4,1317.4,1315.5,1316.3,14
2014-06-26T17:00:00+0000,1316.6,1317.0,1316.6,1316.7,12
2014-06-26T18:00:00+0000,1316.6,1316.6,1316.6,1316.6,1
2014-06-26T19:00:00+0000,1316.6,1317.2,1316.0,1316.9,26
2014-06-26T20:00:00+0000,1316.5,1319.0,1316.5,1317.5,71
2014-06-26T21:00:00+0000,1316.5,1318.0,1316.5,1318.0,2
2014-06-26T23:00:00+0000,1317.1,1318.7,1317.0,1317.2,30
2014-06-27T00:00:00+0000,1317.5,1318.1,1315.9,1318.1,6
2014-06-27T01:00:00+0000,1317.3,1317.3,1317.0,1317.0,2
2014-06-27T02:00:00+0000,1318.0,1318.5,1318.0,1318.5,4
2014-06-27T03:00:00+0000,1318.5,1320.8,1318.5,1319.5,19
2014-06-27T04:00:00+0000,1319.9,1322.0,1319.3,1321.5,32
2014-06-27T05:00:00+0000,1321.5,1321.5,1320.4,1320.6,8
2014-06-27T06:00:00+0000,1320.7,1323.0,1320.4,1320.9,23
2014-06-27T07:00:00+0000,1321.7,1321.7,1317.1,1317.7,29
2014-06-27T08:00:00+0000,1317.9,1318.4,1315.5,1316.9,25
2014-06-27T09:00:00+0000,1316.8,1316.9,1314.0,1314.3,35
2014-06-27T10:00:00+0000,1315.5,1318.4,1315.5,1317.0,19
2014-06-27T11:00:00+0000,1317.2,1317.2,1315.5,1316.7,16
2014-06-27T12:00:00+0000,1316.0,1319.0,1316.0,1318.0,34
2014-06-27T13:00:00+0000,1318.4,1320.3,1317.3,1318.9,52
2014-06-27T14:00:00+0000,1318.9,1321.1,1317.1,1320.6,55
2014-06-27T15:00:00+0000,1320.1,1322.0,1319.0,1320.1,37
2014-06-27T16:00:00+0000,1320.6,1320.6,1318.8,1319.2,14
2014-06-27T17:00:00+0000,1318.4,1320.1,1317.7,1320.1,25
2014-06-27T18:00:00+0000,1319.2,1319.7,1319.1,1319.1,9
2014-06-27T19:00:00+0000,1319.8,1319.8,1316.9,1317.0,22
2014-06-27T20:00:00+0000,1317.5,1318.6,1315.3,1315.3,14
2014-06-27T21:00:00+0000,1317.6,1317.6,1317.6,1317.6,1
2014-06-29T22:00:00+0000,1316.6,1317.1,1315.8,1316.5,14
2014-06-29T23:00:00+0000,1316.3,1317.4,1315.0,1315.0,9
2014-06-30T00:00:00+0000,1315.7,1317.2,1315.5,1317.2,12
2014-06-30T01:00:00+0000,1315.1,1316.0,1315.0,1316.0,11
2014-06-30T02:00:00+0000,1316.5,1316.5,1316.5,1316.5,5
2014-06-30T03:00:00+0000,1316.4,1316.4,1316.3,1316.3,2
2014-06-30T04:00:00+0000,1317.2,1318.0,1317.0,1318.0,13
2014-06-30T05:00:00+0000,1316.9,1318.6,1316.9,1318.3,19
2014-06-30T06:00:00+0000,1317.5,1317.5,1315.5,1315.5,29
2014-06-30T07:00:00+0000,1316.0,1316.7,1314.0,1315.6,86
2014-06-30T08:00:00+0000,1315.4,1315.9,1313.1,1313.8,61
2014-06-30T09:00:00+0000,1312.7,1314.7,1312.7,1314.1,10
2014-06-30T10:00:00+0000,1313.5,1314.0,1313.5,1314.0,2
2014-06-30T11:00:00+0000,1314.5,1314.8,1312.7,1314.3,13
2014-06-30T12:00:00+0000,1315.0,1315.2,1311.3,1315.1,47
2014-06-30T13:00:00+0000,1316.0,1317.0,1313.4,1316.2,31
2014-06-30T14:00:00+0000,1315.3,1318.9,1315.0,1318.9,72
2014-06-30T15:00:00+0000,1319.0,1320.8,1315.7,1319.9,50
2014-06-30T16:00:00+0000,1319.8,1321.9,1318.6,1319.3,17
2014-06-30T17:00:00+0000,1321.0,1328.9,1320.7,1328.8,125
2014-06-30T18:00:00+0000,1328.3,1330.3,1326.3,1328.5,132
2014-06-30T19:00:00+0000,1328.7,1330.0,1326.8,1330.0,32
2014-06-30T20:00:00+0000,1329.6,1329.6,1327.7,1328.9,26
2014-06-30T21:00:00+0000,1329.0,1329.0,1329.0,1329.0,1
2014-06-30T22:00:00+0000,1327.2,1327.8,1327.2,1327.8,3
2014-06-30T23:00:00+0000,1327.0,1327.0,1326.4,1327.0,20
2014-07-01T00:00:00+0000,1327.4,1327.4,1326.6,1326.9,6
2014-07-01T01:00:00+0000,1326.9,1335.0,1326.7,1327.4,57
2014-07-01T02:00:00+0000,1327.8,1329.2,1327.7,1328.6,29
2014-07-01T03:00:00+0000,1328.6,1328.6,1328.1,1328.1,2
2014-07-01T04:00:00+0000,1328.0,1328.6,1327.4,1328.0,20
2014-07-01T05:00:00+0000,1328.4,1328.6,1327.0,1327.6,18
2014-07-01T06:00:00+0000,1327.3,1328.5,1325.6,1325.6,29
2014-07-01T07:00:00+0000,1325.6,1327.1,1324.3,1326.6,38
2014-07-01T08:00:00+0000,1325.6,1326.5,1325.6,1326.4,7
2014-07-01T09:00:00+0000,1327.1,1328.8,1327.0,1327.0,14
2014-07-01T10:00:00+0000,1327.0,1327.6,1325.9,1326.4,15
2014-07-01T11:00:00+0000,1326.5,1327.7,1326.0,1326.5,19
2014-07-01T12:00:00+0000,1327.0,1328.8,1326.3,1327.2,59
2014-07-01T13:00:00+0000,1326.8,1332.5,1326.8,1329.3,148
2014-07-01T14:00:00+0000,1328.5,1330.0,1327.0,1330.0,200
2014-07-01T15:00:00+0000,1331.0,1331.4,1325.5,1327.5,79
2014-07-01T16:00:00+0000,1328.0,1330.2,1327.0,1328.8,73
2014-07-01T17:00:00+0000,1327.7,1327.9,1325.5,1327.1,26
2014-07-01T18:00:00+0000,1327.5,1329.4,1327.2,1329.0,43
2014-07-01T19:00:00+0000,1329.1,1329.4,1327.6,1327.6,14
2014-07-01T20:00:00+0000,1326.8,1327.5,1326.5,1326.5,7
2014-07-01T22:00:00+0000,1327.6,1327.6,1327.6,1327.6,1
2014-07-01T23:00:00+0000,1327.1,1327.3,1324.8,1326.2,15
2014-07-02T00:00:00+0000,1326.3,1326.3,1326.3,1326.3,1
2014-07-02T01:00:00+0000,1325.7,1326.6,1325.5,1326.0,14
2014-07-02T02:00:00+0000,1325.9,1326.0,1325.3,1326.0,12
2014-07-02T03:00:00+0000,1326.4,1327.5,1326.4,1327.5,7
2014-07-02T04:00:00+0000,1326.8,1326.8,1326.0,1326.1,5
2014-07-02T05:00:00+0000,1326.0,1326.0,1326.0,1326.0,2
2014-07-02T06:00:00+0000,1326.5,1327.0,1326.5,1327.0,5
2014-07-02T07:00:00+0000,1326.1,1326.8,1326.0,1326.8,3
2014-07-02T08:00:00+0000,1326.4,1326.4,1326.4,1326.4,2
2014-07-02T09:00:00+0000,1327.8,1328.0,1327.8,1328.0,5
2014-07-02T10:00:00+0000,1328.2,1328.2,1327.8,1327.8,7
2014-07-02T11:00:00+0000,1328.0,1330.1,1327.5,1330.1,33
2014-07-02T12:00:00+0000,1329.3,1329.5,1322.2,1327.0,130
2014-07-02T13:00:00+0000,1327.2,1330.4,1325.9,1328.2,60
2014-07-02T14:00:00+0000,1327.9,1331.6,1327.6,1330.7,73
2014-07-02T15:00:00+0000,1331.3,1333.2,1328.9,1329.6,58
2014-07-02T16:00:00+0000,1330.0,1331.0,1329.1,1331.0,13
2014-07-02T17:00:00+0000,1330.8,1331.4,1329.8,1330.0,26
2014-07-02T18:00:00+0000,1329.3,1330.1,1329.3,1330.0,6
2014-07-02T19:00:00+0000,1329.4,1329.4,1327.0,1327.0,20
2014-07-02T20:00:00+0000,1327.5,1327.5,1326.6,1327.3,7
2014-07-02T21:00:00+0000,1327.6,1327.6,1327.6,1327.6,1
2014-07-02T22:00:00+0000,1326.4,1328.3,1326.3,1327.4,12
2014-07-02T23:00:00+0000,1327.9,1328.4,1326.6,1326.9,7
2014-07-03T00:00:00+0000,1326.5,1327.3,1326.4,1327.3,4
2014-07-03T01:00:00+0000,1326.6,1326.8,1325.6,1325.6,8
2014-07-03T02:00:00+0000,1325.5,1325.5,1324.0,1324.1,19
2014-07-03T03:00:00+0000,1324.2,1326.0,1324.1,1324.2,18
2014-07-03T04:00:00+0000,1324.0,1324.0,1322.6,1323.5,20
2014-07-03T05:00:00+0000,1323.5,1324.2,1323.5,1324.2,13
2014-07-03T06:00:00+0000,1323.5,1323.5,1321.0,1322.1,40
2014-07-03T07:00:00+0000,1324.2,1325.2,1321.2,1321.4,16
2014-07-03T08:00:00+0000,1321.1,1323.1,1321.0,1322.8,6
2014-07-03T09:00:00+0000,1323.2,1323.8,1323.2,1323.8,7
2014-07-03T10:00:00+0000,1323.6,1323.9,1321.3,1321.8,13
2014-07-03T11:00:00+0000,1321.8,1322.0,1317.5,1321.0,80
2014-07-03T12:00:00+0000,1321.1,1321.1,1307.1,1316.9,461
2014-07-03T13:00:00+0000,1318.2,1321.6,1316.0,1318.8,91
2014-07-03T14:00:00+0000,1318.7,1323.1,1317.8,1321.8,74
2014-07-03T15:00:00+0000,1321.7,1321.7,1317.1,1319.5,40
2014-07-03T16:00:00+0000,1320.0,1321.3,1320.0,1320.2,20
2014-07-03T17:00:00+0000,1321.7,1322.0,1319.4,1320.6,9
2014-07-03T18:00:00+0000,1320.5,1320.8,1320.0,1320.0,15
2014-07-03T19:00:00+0000,1320.1,1320.1,1320.1,1320.1,1
2014-07-03T20:00:00+0000,1320.6,1320.9,1320.4,1320.9,4
2014-07-03T21:00:00+0000,1320.0,1320.0,1320.0,1320.0,1
2014-07-03T22:00:00+0000,1320.7,1320.7,1319.2,1320.3,16
2014-07-03T23:00:00+0000,1321.0,1321.3,1320.5,1321.3,6
2014-07-04T00:00:00+0000,1320.8,1320.8,1320.6,1320.6,3
2014-07-04T01:00:00+0000,1320.8,1320.8,1319.2,1320.0,7
2014-07-04T02:00:00+0000,1320.1,1320.1,1320.1,1320.1,2
2014-07-04T03:00:00+0000,1320.5,1322.2,1320.3,1320.3,9
2014-07-04T04:00:00+0000,1320.2,1320.2,1319.5,1319.5,9
2014-07-04T05:00:00+0000,1320.5,1320.6,1320.1,1320.6,17
2014-07-04T06:00:00+0000,1321.0,1322.3,1321.0,1321.2,6
2014-07-04T07:00:00+0000,1322.5,1324.1,1322.5,1323.1,26
2014-07-04T08:00:00+0000,1323.1,1323.2,1322.6,1322.6,7
2014-07-04T09:00:00+0000,1322.6,1322.6,1322.6,1322.6,1
2014-07-04T10:00:00+0000,1322.6,1322.6,1322.0,1322.0,7
2014-07-04T11:00:00+0000,1321.9,1322.2,1321.9,1322.0,7
2014-07-04T12:00:00+0000,1321.5,1321.5,1321.5,1321.5,4
2014-07-04T13:00:00+0000,1322.3,1322.3,1321.5,1321.5,6
2014-07-04T14:00:00+0000,1320.7,1321.4,1320.6,1320.8,18
2014-07-04T15:00:00+0000,1320.9,1321.6,1320.9,1321.2,9
2014-07-04T16:00:00+0000,1321.4,1321.8,1320.7,1321.4,6
2014-07-06T22:00:00+0000,1321.2,1321.2,1317.4,1318.4,24
2014-07-06T23:00:00+0000,1318.3,1319.0,1318.0,1318.1,8
2014-07-07T00:00:00+0000,1319.7,1319.8,1318.7,1318.7,11
2014-07-07T01:00:00+0000,1318.4,1318.4,1316.5,1317.7,10
2014-07-07T02:00:00+0000,1317.2,1318.8,1317.2,1317.3,5
2014-07-07T03:00:00+0000,1317.1,1317.1,1317.0,1317.0,3
2014-07-07T04:00:00+0000,1317.9,1317.9,1317.9,1317.9,1
2014-07-07T05:00:00+0000,1317.0,1317.0,1314.0,1314.2,17
2014-07-07T06:00:00+0000,1314.0,1314.6,1312.8,1313.3,21
2014-07-07T07:00:00+0000,1314.5,1315.1,1314.2,1315.1,26
2014-07-07T08:00:00+0000,1314.6,1315.5,1314.6,1315.1,8
2014-07-07T09:00:00+0000,1314.0,1314.0,1313.2,1313.5,4
2014-07-07T10:00:00+0000,1315.4,1315.4,1315.4,1315.4,1
2014-07-07T11:00:00+0000,1315.2,1315.2,1314.3,1314.3,2
2014-07-07T12:00:00+0000,1315.0,1317.4,1315.0,1316.3,23
2014-07-07T13:00:00+0000,1315.4,1316.4,1313.2,1313.2,32
2014-07-07T14:00:00+0000,1312.8,1316.4,1312.3,1316.4,35
2014-07-07T15:00:00+0000,1315.4,1316.7,1314.5,1316.3,37
2014-07-07T16:00:00+0000,1316.4,1317.1,1315.3,1317.1,27
2014-07-07T17:00:00+0000,1317.0,1318.8,1317.0,1317.4,11
2014-07-07T18:00:00+0000,1318.3,1318.4,1318.1,1318.3,14
2014-07-07T19:00:00+0000,1319.0,1320.4,1318.6,1320.4,23
2014-07-07T20:00:00+0000,1320.5,1320.7,1320.3,1320.6,16
2014-07-07T21:00:00+0000,1321.2,1321.2,1321.2,1321.2,1
2014-07-07T22:00:00+0000,1320.1,1320.6,1320.0,1320.0,15
2014-07-08T00:00:00+0000,1318.9,1319.5,1318.5,1319.1,9
2014-07-08T01:00:00+0000,1320.0,1321.2,1320.0,1321.2,4
2014-07-08T02:00:00+0000,1319.2,1319.2,1319.2,1319.2,1
2014-07-08T03:00:00+0000,1318.1,1318.9,1317.2,1318.9,8
2014-07-08T04:00:00+0000,1317.8,1318.5,1317.8,1318.5,9
2014-07-08T05:00:00+0000,1318.5,1318.7,1317.5,1317.5,4
2014-07-08T06:00:00+0000,1320.3,1320.6,1319.9,1320.3,12
2014-07-08T07:00:00+0000,1319.4,1319.4,1319.4,1319.4,1
2014-07-08T08:00:00+0000,1319.0,1320.4,1319.0,1320.4,3
2014-07-08T09:00:00+0000,1320.2,1320.2,1320.2,1320.2,2
2014-07-08T10:00:00+0000,1320.4,1321.0,1320.0,1321.0,12
2014-07-08T11:00:00+0000,1322.0,1326.3,1322.0,1323.6,46
2014-07-08T12:00:00+0000,1323.9,1324.8,1323.0,1323.3,35
2014-07-08T13:00:00+0000,1322.6,1326.8,1321.9,1325.0,97
2014-07-08T14:00:00+0000,1324.0,1324.0,1315.0,1316.4,169
2014-07-08T15:00:00+0000,1316.1,1317.0,1314.5,1315.5,95
2014-07-08T16:00:00+0000,1314.7,1316.8,1314.3,1315.4,26
2014-07-08T17:00:00+0000,1316.0,1317.2,1316.0,1316.9,20
2014-07-08T18:00:00+0000,1316.5,1318.6,1316.5,1318.1,42
2014-07-08T19:00:00+0000,1318.6,1320.1,1317.0,1319.8,28
2014-07-08T20:00:00+0000,1320.5,1321.5,1319.9,1320.1,8
2014-07-08T22:00:00+0000,1320.0,1320.0,1319.5,1319.5,5
2014-07-08T23:00:00+0000,1319.5,1320.0,1319.5,1319.5,5
2014-07-09T00:00:00+0000,1319.0,1319.4,1319.0,1319.4,11
2014-07-09T01:00:00+0000,1319.4,1320.4,1318.3,1320.4,18
2014-07-09T02:00:00+0000,1318.6,1322.5,1318.5,1320.8,34
2014-07-09T03:00:00+0000,1321.9,1324.9,1321.3,1323.8,38
2014-07-09T04:00:00+0000,1324.4,1325.0,1323.5,1324.2,22
2014-07-09T05:00:00+0000,1325.1,1325.1,1323.5,1324.7,17
2014-07-09T06:00:00+0000,1324.8,1327.4,1324.2,1324.8,51
2014-07-09T07:00:00+0000,1325.9,1325.9,1323.1,1323.8,16
2014-07-09T08:00:00+0000,1324.6,1324.6,1323.8,1323.9,8
2014-07-09T09:00:00+0000,1323.4,1324.0,1323.0,1323.7,16
2014-07-09T10:00:00+0000,1324.1,1326.4,1324.1,1326.4,12
2014-07-09T11:00:00+0000,1325.5,1327.8,1324.0,1327.5,22
2014-07-09T12:00:00+0000,1328.4,1328.7,1325.8,1326.5,37
2014-07-09T13:00:00+0000,1326.0,1326.9,1322.8,1322.9,75
2014-07-09T14:00:00+0000,1323.3,1326.6,1322.2,1325.9,58
2014-07-09T15:00:00+0000,1325.9,1326.2,1323.2,1323.2,40
2014-07-09T16:00:00+0000,1324.0,1324.1,1322.5,1323.0,25
2014-07-09T17:00:00+0000,1324.3,1324.7,1323.9,1324.3,19
2014-07-09T18:00:00+0000,1323.5,1333.2,1322.6,1332.0,185
2014-07-09T19:00:00+0000,1330.4,1332.6,1327.5,1328.2,55
2014-07-09T20:00:00+0000,1328.4,1329.6,1328.4,1328.7,5
2014-07-09T21:00:00+0000,1329.2,1329.2,1328.1,1328.1,5
2014-07-09T22:00:00+0000,1327.0,1330.0,1326.0,1328.5,20
2014-07-09T23:00:00+0000,1328.5,1328.5,1327.7,1328.4,8
2014-07-10T00:00:00+0000,1328.5,1329.5,1328.5,1329.5,12
2014-07-10T01:00:00+0000,1329.9,1332.0,1329.8,1331.1,50
2014-07-10T02:00:00+0000,1331.1,1331.3,1330.0,1330.5,19
2014-07-10T03:00:00+0000,1330.0,1330.8,1328.9,1330.8,10
2014-07-10T04:00:00+0000,1330.4,1330.8,1329.1,1329.3,9
2014-07-10T05:00:00+0000,1330.8,1331.9,1330.8,1331.8,9
2014-07-10T06:00:00+0000,1331.5,1331.5,1328.2,1329.2,20
2014-07-10T07:00:00+0000,1328.8,1331.7,1328.8,1330.0,9
2014-07-10T08:00:00+0000,1329.8,1331.8,1329.5,1331.7,7
2014-07-10T09:00:00+0000,1332.0,1346.0,1332.0,1342.3,313
2014-07-10T10:00:00+0000,1342.3,1345.0,1342.3,1344.0,42
2014-07-10T11:00:00+0000,1343.8,1344.2,1341.5,1343.5,69
2014-07-10T12:00:00+0000,1342.6,1346.1,1339.5,1341.0,154
2014-07-10T13:00:00+0000,1340.4,1343.5,1340.4,1341.5,79
2014-07-10T14:00:00+0000,1340.5,1340.9,1338.3,1339.0,121
2014-07-10T15:00:00+0000,1338.9,1339.6,1337.0,1338.8,52
2014-07-10T16:00:00+0000,1338.9,1339.2,1337.5,1337.5,36
2014-07-10T17:00:00+0000,1338.0,1340.0,1338.0,1338.5,34
2014-07-10T18:00:00+0000,1338.4,1339.0,1337.5,1338.4,18
2014-07-10T19:00:00+0000,1337.5,1337.5,1336.1,1336.7,37
2014-07-10T20:00:00+0000,1336.7,1336.9,1336.1,1336.2,9
2014-07-10T21:00:00+0000,1336.8,1336.8,1335.8,1335.8,8
2014-07-10T22:00:00+0000,1337.5,1338.1,1337.5,1338.1,2
2014-07-10T23:00:00+0000,1337.5,1337.5,1336.7,1336.7,2
2014-07-11T00:00:00+0000,1336.7,1337.8,1336.7,1337.8,22
2014-07-11T01:00:00+0000,1338.3,1341.0,1338.3,1339.4,17
2014-07-11T02:00:00+0000,1340.0,1340.0,1339.0,1339.0,4
2014-07-11T04:00:00+0000,1339.2,1339.2,1338.1,1338.5,13
2014-07-11T05:00:00+0000,1338.6,1338.6,1337.5,1338.4,6
2014-07-11T06:00:00+0000,1338.4,1338.5,1337.5,1338.0,12
2014-07-11T07:00:00+0000,1336.5,1338.1,1334.5,1337.2,31
2014-07-11T08:00:00+0000,1336.5,1337.8,1335.9,1337.8,23
2014-07-11T09:00:00+0000,1338.5,1339.0,1337.0,1337.9,19
2014-07-11T10:00:00+0000,1339.2,1339.2,1337.2,1337.6,10
2014-07-11T11:00:00+0000,1337.5,1338.5,1337.5,1338.0,8
2014-07-11T12:00:00+0000,1338.9,1341.2,1336.5,1337.4,24
2014-07-11T13:00:00+0000,1338.0,1338.4,1334.5,1336.9,63
2014-07-11T14:00:00+0000,1336.6,1337.4,1335.5,1337.0,39
2014-07-11T15:00:00+0000,1335.9,1337.2,1335.0,1337.1,24
2014-07-11T16:00:00+0000,1335.8,1337.5,1335.8,1337.5,4
2014-07-11T17:00:00+0000,1336.8,1337.4,1336.8,1337.0,9
2014-07-11T18:00:00+0000,1336.9,1338.8,1336.3,1338.8,26
2014-07-11T19:00:00+0000,1339.0,1339.4,1338.2,1338.4,15
2014-07-11T20:00:00+0000,1339.5,1339.7,1339.1,1339.7,9
2014-07-11T21:00:00+0000,1339.8,1340.0,1339.8,1340.0,10
2014-07-13T22:00:00+0000,1340.4,1340.5,1339.1,1339.8,86
2014-07-13T23:00:00+0000,1340.3,1340.3,1339.4,1340.3,16
2014-07-14T00:00:00+0000,1339.5,1339.6,1339.0,1339.0,9
2014-07-14T01:00:00+0000,1339.0,1339.0,1337.1,1337.7,9
2014-07-14T02:00:00+0000,1338.0,1339.5,1334.5,1335.4,19
2014-07-14T03:00:00+0000,1335.8,1335.8,1331.0,1333.7,36
2014-07-14T04:00:00+0000,1334.0,1334.8,1332.6,1332.6,13
2014-07-14T05:00:00+0000,1332.3,1333.0,1329.1,1329.6,53
2014-07-14T06:00:00+0000,1329.2,1330.2,1316.0,1320.2,316
2014-07-14T07:00:00+0000,1320.1,1322.3,1318.2,1322.3,43
2014-07-14T08:00:00+0000,1323.0,1323.6,1321.5,1321.5,20
2014-07-14T09:00:00+0000,1321.5,1322.3,1321.5,1322.3,16
2014-07-14T10:00:00+0000,1322.0,1324.0,1321.8,1322.0,19
2014-07-14T11:00:00+0000,1323.0,1323.0,1316.5,1317.8,93
2014-07-14T12:00:00+0000,1318.1,1319.3,1311.6,1312.7,163
2014-07-14T13:00:00+0000,1312.6,1312.6,1301.0,1307.5,356
2014-07-14T14:00:00+0000,1306.8,1310.1,1306.7,1309.2,94
2014-07-14T15:00:00+0000,1309.2,1310.4,1305.9,1306.9,136
2014-07-14T16:00:00+0000,1307.3,1308.9,1305.5,1307.2,46
2014-07-14T17:00:00+0000,1307.0,1307.1,1304.4,1307.0,31
2014-07-14T18:00:00+0000,1307.2,1307.5,1306.3,1306.8,15
2014-07-14T19:00:00+0000,1308.0,1310.0,1306.6,1306.6,30
2014-07-14T20:00:00+0000,1307.4,1308.8,1307.1,1308.0,17
2014-07-14T21:00:00+0000,1308.1,1308.1,1308.1,1308.1,1
2014-07-14T22:00:00+0000,1309.0,1310.0,1306.8,1308.0,37
2014-07-14T23:00:00+0000,1308.3,1310.3,1308.3,1309.8,17
2014-07-15T00:00:00+0000,1310.3,1310.3,1306.6,1308.5,32
2014-07-15T01:00:00+0000,1307.8,1309.4,1306.8,1308.6,24
2014-07-15T02:00:00+0000,1308.5,1308.5,1307.7,1307.8,21
2014-07-15T03:00:00+0000,1307.5,1309.8,1306.6,1308.0,8
2014-07-15T04:00:00+0000,1308.4,1308.4,1308.4,1308.4,2
2014-07-15T05:00:00+0000,1308.0,1310.8,1308.0,1310.3,19
2014-07-15T06:00:00+0000,1309.3,1310.9,1306.9,1309.2,32
2014-07-15T07:00:00+0000,1309.9,1311.0,1309.0,1310.1,15
2014-07-15T08:00:00+0000,1309.0,1311.5,1309.0,1311.1,26
2014-07-15T09:00:00+0000,1312.0,1314.5,1312.0,1312.8,32
2014-07-15T10:00:00+0000,1312.9,1312.9,1311.0,1311.0,9
2014-07-15T11:00:00+0000,1310.6,1313.1,1310.2,1312.6,17
2014-07-15T12:00:00+0000,1312.0,1312.0,1308.0,1310.1,66
2014-07-15T13:00:00+0000,1309.8,1309.8,1306.9,1309.1,43
2014-07-15T14:00:00+0000,1309.4,1313.3,1295.9,1297.0,336
2014-07-15T15:00:00+0000,1296.4,1300.4,1292.8,1296.3,301
2014-07-15T16:00:00+0000,1295.8,1297.3,1295.8,1296.6,46
2014-07-15T17:00:00+0000,1296.9,1297.5,1296.0,1296.0,9
2014-07-15T18:00:00+0000,1296.7,1297.1,1293.5,1293.6,57
2014-07-15T19:00:00+0000,1293.6,1295.6,1293.1,1295.1,31
2014-07-15T20:00:00+0000,1294.3,1295.1,1294.0,1294.8,20
2014-07-15T21:00:00+0000,1294.6,1294.6,1294.3,1294.3,4
2014-07-15T22:00:00+0000,1295.3,1297.3,1294.6,1296.0,16
2014-07-15T23:00:00+0000,1296.6,1296.6,1294.9,1295.9,10
2014-07-16T00:00:00+0000,1296.2,1296.6,1296.2,1296.6,10
2014-07-16T01:00:00+0000,1296.4,1297.7,1295.2,1297.5,28
2014-07-16T02:00:00+0000,1297.7,1298.0,1296.8,1297.5,10
2014-07-16T03:00:00+0000,1296.9,1297.2,1296.6,1297.1,8
2014-07-16T04:00:00+0000,1296.6,1296.6,1296.6,1296.6,1
2014-07-16T05:00:00+0000,1297.3,1298.5,1297.3,1298.5,8
2014-07-16T06:00:00+0000,1298.7,1299.1,1298.0,1298.0,7
2014-07-16T07:00:00+0000,1297.3,1298.3,1297.2,1298.3,5
2014-07-16T08:00:00+0000,1297.1,1298.1,1297.1,1297.9,5
2014-07-16T09:00:00+0000,1298.3,1299.0,1297.8,1298.6,24
2014-07-16T10:00:00+0000,1298.6,1299.3,1298.2,1298.2,18
2014-07-16T11:00:00+0000,1298.5,1298.9,1297.2,1298.6,19
2014-07-16T12:00:00+0000,1298.3,1300.1,1295.9,1298.8,75
2014-07-16T13:00:00+0000,1299.0,1304.0,1299.0,1302.4,105
2014-07-16T14:00:00+0000,1302.2,1304.1,1300.6,1302.5,52
2014-07-16T15:00:00+0000,1302.7,1302.7,1301.6,1301.9,15
2014-07-16T16:00:00+0000,1301.2,1303.5,1301.0,1301.2,22
2014-07-16T17:00:00+0000,1301.1,1301.1,1297.3,1297.6,57
2014-07-16T18:00:00+0000,1298.0,1299.5,1297.2,1298.9,19
2014-07-16T19:00:00+0000,1299.2,1299.2,1297.6,1297.8,30
2014-07-16T20:00:00+0000,1299.1,1299.5,1298.9,1299.5,13
2014-07-16T21:00:00+0000,1301.3,1301.3,1301.3,1301.3,2
2014-07-16T22:00:00+0000,1299.7,1299.7,1298.9,1298.9,2
2014-07-16T23:00:00+0000,1297.9,1299.4,1297.9,1299.4,6
2014-07-17T00:00:00+0000,1299.8,1300.7,1299.8,1300.6,7
2014-07-17T01:00:00+0000,1301.9,1301.9,1301.9,1301.9,1
2014-07-17T02:00:00+0000,1302.3,1302.3,1301.8,1301.8,10
2014-07-17T03:00:00+0000,1301.9,1303.7,1301.9,1303.7,5
2014-07-17T04:00:00+0000,1303.8,1305.5,1303.6,1304.7,22
2014-07-17T05:00:00+0000,1305.0,1307.9,1305.0,1307.7,36
2014-07-17T06:00:00+0000,1307.7,1308.5,1304.7,1305.0,43
2014-07-17T07:00:00+0000,1305.5,1307.4,1305.4,1306.8,19
2014-07-17T08:00:00+0000,1305.1,1305.1,1303.0,1303.1,17
2014-07-17T09:00:00+0000,1303.1,1304.6,1302.6,1302.6,12
2014-07-17T10:00:00+0000,1302.0,1304.4,1301.8,1304.4,13
2014-07-17T11:00:00+0000,1305.5,1305.5,1300.4,1300.6,24
2014-07-17T12:00:00+0000,1300.0,1308.0,1299.7,1307.0,108
2014-07-17T13:00:00+0000,1306.5,1306.8,1304.3,1304.9,60
2014-07-17T14:00:00+0000,1304.6,1305.2,1301.9,1302.4,47
2014-07-17T15:00:00+0000,1303.7,1325.6,1303.6,1322.2,587
2014-07-17T16:00:00+0000,1322.6,1325.0,1316.0,1317.9,221
2014-07-17T17:00:00+0000,1317.6,1318.3,1316.1,1317.0,46
2014-07-17T18:00:00+0000,1316.7,1317.6,1315.2,1316.9,17
2014-07-17T19:00:00+0000,1318.4,1321.5,1318.0,1320.9,79
2014-07-17T20:00:00+0000,1320.0,1321.0,1318.8,1320.0,28
2014-07-17T21:00:00+0000,1319.8,1319.8,1319.0,1319.0,2
2014-07-17T22:00:00+0000,1317.4,1325.0,1317.4,1322.7,34
2014-07-17T23:00:00+0000,1321.7,1324.2,1320.5,1320.5,21
2014-07-18T00:00:00+0000,1320.5,1320.5,1319.1,1319.2,14
2014-07-18T01:00:00+0000,1319.2,1319.2,1315.9,1316.0,40
2014-07-18T02:00:00+0000,1316.0,1317.6,1315.9,1316.2,10
2014-07-18T03:00:00+0000,1316.5,1317.6,1316.2,1317.3,7
2014-07-18T04:00:00+0000,1315.4,1315.4,1312.5,1314.0,16
2014-07-18T05:00:00+0000,1314.3,1315.4,1314.3,1314.6,8
2014-07-18T06:00:00+0000,1314.4,1314.4,1311.9,1313.2,22
2014-07-18T07:00:00+0000,1313.1,1314.2,1311.2,1314.1,26
2014-07-18T08:00:00+0000,1312.6,1312.6,1309.5,1309.9,22
2014-07-18T09:00:00+0000,1309.7,1310.9,1308.0,1309.2,35
2014-07-18T10:00:00+0000,1309.5,1312.8,1309.5,1310.4,33
2014-07-18T11:00:00+0000,1311.4,1313.1,1310.6,1310.6,8
2014-07-18T12:00:00+0000,1310.2,1312.1,1309.3,1309.3,48
2014-07-18T13:00:00+0000,1309.2,1310.0,1305.1,1308.7,115
2014-07-18T14:00:00+0000,1308.7,1308.7,1306.1,1306.3,66
2014-07-18T15:00:00+0000,1307.1,1309.3,1306.0,1308.0,73
2014-07-18T16:00:00+0000,1307.2,1308.4,1306.8,1307.5,29
2014-07-18T17:00:00+0000,1307.8,1311.6,1307.8,1311.0,29
2014-07-18T18:00:00+0000,1310.5,1310.5,1309.7,1309.7,4
2014-07-18T19:00:00+0000,1310.5,1311.7,1310.5,1311.2,8
2014-07-18T20:00:00+0000,1311.2,1311.8,1310.9,1310.9,5
2014-07-18T21:00:00+0000,1311.8,1311.8,1310.4,1310.4,2
2014-07-20T22:00:00+0000,1308.8,1310.7,1308.8,1310.7,6
2014-07-20T23:00:00+0000,1311.1,1312.3,1311.1,1312.3,13
2014-07-21T00:00:00+0000,1310.8,1310.8,1309.8,1309.8,12
2014-07-21T01:00:00+0000,1309.1,1310.5,1309.0,1310.0,10
2014-07-21T02:00:00+0000,1310.7,1311.5,1310.7,1311.5,12
2014-07-21T03:00:00+0000,1312.4,1312.4,1312.2,1312.3,5
2014-07-21T04:00:00+0000,1311.9,1313.3,1310.5,1313.3,8
2014-07-21T05:00:00+0000,1312.7,1313.3,1310.9,1310.9,9
2014-07-21T06:00:00+0000,1312.3,1314.5,1311.2,1314.5,30
2014-07-21T07:00:00+0000,1314.0,1315.0,1314.0,1314.3,13
2014-07-21T08:00:00+0000,1314.4,1315.3,1314.4,1315.3,9
2014-07-21T09:00:00+0000,1313.6,1314.6,1313.5,1314.6,12
2014-07-21T10:00:00+0000,1315.1,1315.5,1314.9,1315.1,15
2014-07-21T11:00:00+0000,1314.0,1318.6,1313.4,1318.4,52
2014-07-21T12:00:00+0000,1318.8,1318.8,1315.8,1316.5,27
2014-07-21T13:00:00+0000,1315.7,1316.3,1311.0,1312.0,77
2014-07-21T14:00:00+0000,1312.0,1315.6,1311.8,1313.3,65
2014-07-21T15:00:00+0000,1313.8,1313.8,1310.5,1311.5,39
2014-07-21T16:00:00+0000,1312.9,1313.4,1312.9,1313.0,9
2014-07-21T17:00:00+0000,1313.5,1314.3,1312.7,1312.8,19
2014-07-21T18:00:00+0000,1312.3,1315.0,1312.3,1314.2,20
2014-07-21T19:00:00+0000,1314.0,1314.0,1313.0,1313.0,8
2014-07-21T20:00:00+0000,1313.0,1313.0,1312.3,1312.9,13
2014-07-21T22:00:00+0000,1313.9,1313.9,1311.2,1312.4,12
2014-07-21T23:00:00+0000,1312.4,1312.4,1312.4,1312.4,1
2014-07-22T00:00:00+0000,1311.5,1312.6,1311.5,1312.6,5
2014-07-22T01:00:00+0000,1312.0,1313.0,1312.0,1312.4,7
2014-07-22T02:00:00+0000,1313.6,1313.6,1312.8,1313.1,5
2014-07-22T03:00:00+0000,1313.5,1314.0,1312.5,1312.5,4
2014-07-22T04:00:00+0000,1312.5,1312.5,1307.2,1307.9,32
2014-07-22T05:00:00+0000,1308.0,1308.9,1306.8,1306.8,20
2014-07-22T06:00:00+0000,1306.5,1308.5,1306.5,1308.5,12
2014-07-22T07:00:00+0000,1307.0,1307.0,1305.5,1305.7,12
2014-07-22T08:00:00+0000,1306.6,1308.6,1306.6,1307.2,16
2014-07-22T09:00:00+0000,1308.0,1308.2,1307.6,1307.7,8
2014-07-22T10:00:00+0000,1307.4,1307.4,1305.9,1306.4,20
2014-07-22T11:00:00+0000,1305.6,1308.0,1305.6,1306.5,28
2014-07-22T12:00:00+0000,1306.4,1316.2,1302.2,1313.0,324
2014-07-22T13:00:00+0000,1313.4,1314.3,1311.0,1311.6,72
2014-07-22T14:00:00+0000,1310.7,1311.0,1304.5,1306.2,142
2014-07-22T15:00:00+0000,1306.0,1308.2,1305.7,1308.2,37
2014-07-22T16:00:00+0000,1309.5,1310.7,1306.8,1307.6,118
2014-07-22T17:00:00+0000,1307.3,1307.6,1305.6,1307.6,59
2014-07-22T18:00:00+0000,1307.3,1307.6,1306.3,1306.6,47
2014-07-22T19:00:00+0000,1307.0,1307.0,1306.3,1306.8,10
2014-07-22T20:00:00+0000,1306.9,1308.4,1306.6,1306.9,13
2014-07-22T21:00:00+0000,1307.1,1307.1,1307.1,1307.1,1
2014-07-22T22:00:00+0000,1308.1,1308.5,1306.2,1307.5,22
2014-07-22T23:00:00+0000,1308.1,1308.1,1308.1,1308.1,1
2014-07-23T00:00:00+0000,1308.0,1309.5,1306.8,1306.8,9
2014-07-23T01:00:00+0000,1305.8,1309.0,1305.8,1308.0,21
2014-07-23T02:00:00+0000,1309.0,1309.0,1307.7,1307.7,8
2014-07-23T03:00:00+0000,1307.0,1308.0,1307.0,1308.0,8
2014-07-23T04:00:00+0000,1308.0,1308.0,1307.8,1307.8,2
2014-07-23T05:00:00+0000,1307.4,1307.4,1305.9,1305.9,22
2014-07-23T06:00:00+0000,1305.7,1307.8,1305.5,1306.4,17
2014-07-23T07:00:00+0000,1308.0,1310.0,1306.7,1309.8,10
2014-07-23T08:00:00+0000,1309.3,1309.9,1308.0,1309.0,16
2014-07-23T09:00:00+0000,1308.0,1308.7,1308.0,1308.1,18
2014-07-23T10:00:00+0000,1308.9,1309.0,1308.2,1308.2,10
2014-07-23T11:00:00+0000,1306.7,1308.2,1306.7,1308.2,4
2014-07-23T12:00:00+0000,1309.9,1312.0,1308.2,1308.5,75
2014-07-23T13:00:00+0000,1308.1,1309.6,1304.1,1308.6,164
2014-07-23T14:00:00+0000,1309.0,1310.2,1306.5,1307.1,106
2014-07-23T15:00:00+0000,1306.4,1307.6,1305.8,1307.6,90
2014-07-23T16:00:00+0000,1307.5,1307.5,1303.7,1304.3,84
2014-07-23T17:00:00+0000,1304.7,1305.9,1304.1,1305.5,14
2014-07-23T18:00:00+0000,1305.3,1306.3,1305.1,1305.4,40
2014-07-23T19:00:00+0000,1305.5,1306.5,1305.5,1305.7,28
2014-07-23T20:00:00+0000,1305.4,1306.1,1304.1,1306.0,19
2014-07-23T22:00:00+0000,1304.7,1305.0,1304.7,1305.0,8
2014-07-23T23:00:00+0000,1305.2,1305.2,1305.2,1305.2,1
2014-07-24T00:00:00+0000,1304.7,1305.2,1304.5,1304.5,6
2014-07-24T01:00:00+0000,1304.9,1304.9,1298.3,1300.7,76
2014-07-24T02:00:00+0000,1300.7,1301.7,1297.0,1297.8,40
2014-07-24T03:00:00+0000,1297.2,1298.3,1297.0,1297.7,26
2014-07-24T04:00:00+0000,1298.2,1298.4,1297.0,1297.0,12
2014-07-24T05:00:00+0000,1297.3,1298.9,1296.1,1297.7,39
2014-07-24T06:00:00+0000,1297.4,1300.0,1295.5,1300.0,46
2014-07-24T07:00:00+0000,1298.0,1299.4,1297.9,1297.9,13
2014-07-24T08:00:00+0000,1298.0,1298.0,1297.0,1297.8,17
2014-07-24T09:00:00+0000,1297.1,1301.5,1296.6,1300.6,64
2014-07-24T10:00:00+0000,1301.0,1301.4,1299.3,1299.3,29
2014-07-24T11:00:00+0000,1299.0,1300.5,1297.9,1297.9,38
2014-07-24T12:00:00+0000,1297.7,1299.8,1296.0,1298.9,104
2014-07-24T13:00:00+0000,1299.6,1301.0,1288.0,1292.5,276
2014-07-24T14:00:00+0000,1292.5,1295.3,1287.7,1291.6,352
2014-07-24T15:00:00+0000,1291.1,1291.4,1288.0,1290.5,72
2014-07-24T16:00:00+0000,1289.9,1291.9,1289.9,1291.9,16
2014-07-24T17:00:00+0000,1291.0,1291.0,1289.5,1289.5,17
2014-07-24T18:00:00+0000,1290.6,1292.0,1290.1,1292.0,7
2014-07-24T19:00:00+0000,1291.7,1293.1,1291.7,1293.1,18
2014-07-24T20:00:00+0000,1292.7,1294.4,1292.7,1293.5,8
2014-07-24T21:00:00+0000,1294.5,1294.5,1293.7,1293.7,3
2014-07-24T22:00:00+0000,1293.7,1294.0,1293.7,1294.0,3
2014-07-24T23:00:00+0000,1293.5,1293.5,1293.5,1293.5,3
2014-07-25T00:00:00+0000,1293.0,1293.0,1292.4,1292.6,5
2014-07-25T01:00:00+0000,1292.3,1292.8,1292.1,1292.5,8
2014-07-25T02:00:00+0000,1292.5,1293.2,1292.5,1293.2,5
2014-07-25T03:00:00+0000,1292.2,1292.2,1291.7,1291.7,5
2014-07-25T04:00:00+0000,1291.7,1291.7,1291.7,1291.7,1
2014-07-25T05:00:00+0000,1291.7,1292.1,1291.7,1292.0,6
2014-07-25T06:00:00+0000,1292.9,1294.4,1292.8,1292.8,20
2014-07-25T07:00:00+0000,1292.0,1293.6,1292.0,1293.0,10
2014-07-25T08:00:00+0000,1292.9,1292.9,1292.8,1292.8,6
2014-07-25T09:00:00+0000,1292.9,1292.9,1292.9,1292.9,1
2014-07-25T10:00:00+0000,1293.9,1296.0,1293.9,1295.4,63
2014-07-25T11:00:00+0000,1295.9,1295.9,1294.8,1295.2,11
2014-07-25T12:00:00+0000,1294.7,1296.0,1294.6,1295.0,15
2014-07-25T13:00:00+0000,1294.3,1296.7,1292.0,1295.4,67
2014-07-25T14:00:00+0000,1294.7,1295.7,1293.5,1295.2,57
2014-07-25T15:00:00+0000,1295.5,1299.3,1295.5,1298.3,95
2014-07-25T16:00:00+0000,1298.6,1299.3,1297.1,1299.3,58
2014-07-25T17:00:00+0000,1299.8,1305.2,1299.8,1302.6,105
2014-07-25T18:00:00+0000,1303.4,1303.4,1301.5,1302.4,14
2014-07-25T19:00:00+0000,1302.8,1311.0,1302.8,1307.0,76
2014-07-25T20:00:00+0000,1307.6,1308.2,1307.3,1307.7,17
2014-07-25T21:00:00+0000,1308.1,1308.1,1308.1,1308.1,1
2014-07-27T22:00:00+0000,1308.0,1308.9,1304.7,1307.2,59
2014-07-27T23:00:00+0000,1307.1,1307.4,1306.7,1306.7,6
2014-07-28T00:00:00+0000,1306.7,1307.5,1305.4,1306.9,18
2014-07-28T01:00:00+0000,1305.4,1305.4,1304.0,1304.0,14
2014-07-28T02:00:00+0000,1303.5,1304.0,1302.0,1303.3,30
2014-07-28T03:00:00+0000,1302.5,1304.5,1302.5,1304.5,9
2014-07-28T04:00:00+0000,1305.6,1308.1,1305.3,1307.7,23
2014-07-28T05:00:00+0000,1306.7,1309.0,1304.6,1306.4,14
2014-07-28T06:00:00+0000,1306.5,1306.5,1304.2,1305.0,15
2014-07-28T07:00:00+0000,1304.1,1304.1,1302.6,1302.6,7
2014-07-28T08:00:00+0000,1302.6,1305.3,1302.6,1305.3,7
2014-07-28T09:00:00+0000,1303.2,1305.4,1303.2,1304.7,14
2014-07-28T10:00:00+0000,1305.4,1305.4,1304.6,1304.6,2
2014-07-28T11:00:00+0000,1305.1,1306.6,1304.6,1305.7,16
2014-07-28T12:00:00+0000,1305.2,1305.2,1304.8,1304.9,5
2014-07-28T13:00:00+0000,1303.6,1305.5,1301.5,1303.8,61
2014-07-28T14:00:00+0000,1305.0,1305.4,1303.9,1305.0,23
2014-07-28T15:00:00+0000,1304.0,1304.4,1303.5,1304.0,12
2014-07-28T16:00:00+0000,1303.7,1304.6,1302.9,1302.9,22
2014-07-28T17:00:00+0000,1302.3,1303.9,1302.0,1302.9,16
2014-07-28T18:00:00+0000,1303.5,1304.6,1303.5,1304.6,15
2014-07-28T19:00:00+0000,1305.0,1305.8,1304.7,1304.7,14
2014-07-28T20:00:00+0000,1306.0,1306.0,1304.0,1304.0,15
2014-07-28T21:00:00+0000,1304.0,1304.0,1304.0,1304.0,1
2014-07-28T22:00:00+0000,1305.6,1305.6,1303.8,1304.0,9
2014-07-28T23:00:00+0000,1304.3,1304.3,1304.3,1304.3,1
2014-07-29T00:00:00+0000,1304.7,1304.7,1304.5,1304.5,5
2014-07-29T01:00:00+0000,1303.6,1304.7,1303.6,1304.3,4
2014-07-29T02:00:00+0000,1304.4,1305.5,1304.0,1305.3,13
2014-07-29T03:00:00+0000,1306.3,1306.3,1305.3,1305.3,8
2014-07-29T04:00:00+0000,1305.5,1305.7,1303.8,1304.1,18
2014-07-29T05:00:00+0000,1304.0,1305.0,1304.0,1305.0,25
2014-07-29T06:00:00+0000,1304.5,1304.7,1304.5,1304.7,5
2014-07-29T07:00:00+0000,1306.2,1310.8,1306.2,1309.3,30
2014-07-29T08:00:00+0000,1309.9,1311.5,1309.5,1309.9,29
2014-07-29T09:00:00+0000,1308.2,1308.5,1307.7,1307.7,5
2014-07-29T10:00:00+0000,1308.9,1308.9,1306.7,1306.7,4
2014-07-29T11:00:00+0000,1308.0,1308.0,1307.2,1307.2,2
2014-07-29T12:00:00+0000,1306.8,1309.1,1304.8,1309.1,19
2014-07-29T13:00:00+0000,1309.8,1309.8,1300.0,1301.1,152
2014-07-29T14:00:00+0000,1300.0,1300.0,1296.4,1297.0,98
2014-07-29T15:00:00+0000,1299.7,1299.7,1298.3,1298.3,6
2014-07-29T16:00:00+0000,1298.0,1298.0,1296.1,1296.2,15
2014-07-29T17:00:00+0000,1298.8,1299.2,1297.4,1297.4,3
2014-07-29T18:00:00+0000,1299.3,1300.0,1299.0,1299.9,11
2014-07-29T19:00:00+0000,1300.5,1300.5,1300.5,1300.5,1
2014-07-29T20:00:00+0000,1299.7,1301.2,1298.1,1298.6,12
2014-07-29T21:00:00+0000,1297.9,1297.9,1297.7,1297.7,4
2014-07-29T23:00:00+0000,1298.8,1299.0,1298.8,1299.0,2
2014-07-30T00:00:00+0000,1299.4,1299.4,1298.5,1299.0,11
2014-07-30T01:00:00+0000,1298.6,1299.4,1298.6,1299.4,3
2014-07-30T02:00:00+0000,1297.7,1299.0,1297.7,1299.0,7
2014-07-30T03:00:00+0000,1299.2,1299.2,1299.0,1299.0,2
2014-07-30T04:00:00+0000,1298.4,1298.4,1298.4,1298.4,1
2014-07-30T05:00:00+0000,1298.0,1298.0,1298.0,1298.0,1
2014-07-30T06:00:00+0000,1299.3,1299.3,1299.3,1299.3,1
2014-07-30T07:00:00+0000,1297.9,1297.9,1297.9,1297.9,1
2014-07-30T08:00:00+0000,1298.1,1298.2,1298.1,1298.2,5
2014-07-30T09:00:00+0000,1298.2,1298.2,1297.0,1297.3,10
2014-07-30T10:00:00+0000,1298.0,1298.9,1297.2,1297.8,10
2014-07-30T11:00:00+0000,1298.8,1299.3,1298.8,1299.3,2
2014-07-30T12:00:00+0000,1296.0,1302.4,1292.5,1298.0,39
2014-07-30T13:00:00+0000,1295.0,1295.0,1292.6,1293.9,20
2014-07-30T14:00:00+0000,1294.3,1294.3,1292.6,1294.1,13
2014-07-30T15:00:00+0000,1293.5,1293.5,1292.3,1292.5,9
2014-07-30T16:00:00+0000,1294.3,1294.3,1293.6,1294.2,6
2014-07-30T17:00:00+0000,1294.0,1295.2,1293.6,1295.2,17
2014-07-30T18:00:00+0000,1295.3,1295.8,1295.3,1295.6,4
2014-07-30T19:00:00+0000,1295.0,1295.2,1295.0,1295.2,3
2014-07-30T20:00:00+0000,1295.1,1295.1,1295.1,1295.1,1
2014-07-31T00:00:00+0000,1295.6,1295.6,1295.4,1295.4,2
2014-07-31T05:00:00+0000,1292.1,1292.1,1292.1,1292.1,1
2014-07-31T10:00:00+0000,1296.6,1296.6,1296.6,1296.6,1
2014-07-31T12:00:00+0000,1294.5,1294.5,1287.0,1287.3,15
2014-07-31T13:00:00+0000,1287.7,1287.7,1284.8,1284.8,7
2014-07-31T14:00:00+0000,1286.5,1286.6,1286.5,1286.6,2
2014-07-31T15:00:00+0000,1286.3,1288.1,1286.3,1288.1,2
2014-07-31T16:00:00+0000,1287.8,1287.8,1283.0,1283.0,3
2014-07-31T18:00:00+0000,1284.0,1284.0,1284.0,1284.0,1
2014-08-01T12:00:00+0000,1286.0,1290.3,1284.0,1287.0,6
2014-08-01T13:00:00+0000,1291.0,1295.0,1291.0,1294.2,4
2014-08-01T14:00:00+0000,1294.3,1294.3,1294.3,1294.3,1
2014-08-01T16:00:00+0000,1292.8,1292.8,1292.8,1292.8,1
2014-08-01T19:00:00+0000,1292.9,1292.9,1292.9,1292.9,1
2014-08-04T04:00:00+0000,1293.7,1293.7,1292.0,1292.0,2
2014-08-04T12:00:00+0000,1291.8,1292.0,1291.8,1292.0,2
2014-08-04T14:00:00+0000,1292.1,1292.1,1292.1,1292.1,1
2014-08-04T15:00:00+0000,1288.7,1288.7,1286.1,1287.2,5
2014-08-04T20:00:00+0000,1287.9,1287.9,1287.9,1287.9,3
2014-08-05T05:00:00+0000,1290.0,1290.0,1290.0,1290.0,1
2014-08-05T14:00:00+0000,1285.3,1285.3,1285.3,1285.3,3
2014-08-05T15:00:00+0000,1284.8,1284.8,1284.8,1284.8,4
2014-08-05T17:00:00+0000,1287.7,1288.9,1287.7,1288.9,3
2014-08-05T19:00:00+0000,1289.4,1289.4,1289.4,1289.4,1
2014-08-06T06:00:00+0000,1291.2,1291.2,1291.2,1291.2,1
2014-08-06T13:00:00+0000,1305.9,1307.6,1305.9,1307.6,6
2014-08-06T14:00:00+0000,1306.5,1308.6,1306.5,1308.6,2
2014-08-06T23:00:00+0000,1305.4,1305.4,1305.4,1305.4,2
2014-08-07T00:00:00+0000,1305.3,1305.3,1305.3,1305.3,1
2014-08-07T05:00:00+0000,1306.8,1306.8,1306.8,1306.8,1
2014-08-07T20:00:00+0000,1312.9,1312.9,1312.9,1312.9,1
2014-08-08T15:00:00+0000,1314.0,1314.0,1314.0,1314.0,1
2014-08-08T17:00:00+0000,1312.0,1312.0,1312.0,1312.0,1
2014-08-12T02:00:00+0000,1309.6,1309.6,1309.6,1309.6,1
2014-08-12T12:00:00+0000,1316.0,1316.0,1316.0,1316.0,1
2014-08-12T17:00:00+0000,1313.0,1313.0,1313.0,1313.0,1
2014-08-18T08:00:00+0000,1300.5,1300.9,1300.5,1300.9,20
2014-08-18T11:00:00+0000,1303.0,1303.0,1303.0,1303.0,7
2014-08-18T13:00:00+0000,1299.4,1299.4,1299.4,1299.4,1
2014-08-19T13:00:00+0000,1297.0,1297.0,1297.0,1297.0,1
2014-08-20T15:00:00+0000,1299.9,1299.9,1299.9,1299.9,1
2014-08-25T15:00:00+0000,1271.6,1271.6,1271.6,1271.6,5
2014-08-26T12:00:00+0000,1291.0,1291.0,1291.0,1291.0,1
2014-08-26T15:00:00+0000,1291.5,1292.2,1291.5,1292.2,4
2014-08-26T17:00:00+0000,1292.9,1293.1,1292.9,1293.1,2
2014-08-26T20:00:00+0000,1276.7,1276.7,1276.7,1276.7,1
