Time,Open,High,Low,Close,Volume
2021-11-26T14:00:00+0000,550.0,551.0,550.0,551.0,7
2021-11-26T15:00:00+0000,550.0,550.0,548.125,548.125,6
2021-11-26T16:00:00+0000,550.625,550.75,550.0,550.75,7
2021-11-26T17:00:00+0000,554.0,558.625,554.0,557.0,10
2021-11-26T18:00:00+0000,561.25,561.25,561.25,561.25,1
2021-11-29T01:00:00+0000,560.25,560.5,560.25,560.5,7
2021-11-29T02:00:00+0000,562.25,562.625,562.25,562.625,2
2021-11-29T04:00:00+0000,562.625,562.625,562.625,562.625,2
2021-11-29T14:00:00+0000,558.75,558.75,558.75,558.75,3
2021-11-29T15:00:00+0000,555.75,556.5,555.75,556.5,11
2021-11-29T16:00:00+0000,556.0,556.125,552.875,552.875,9
2021-11-29T17:00:00+0000,555.0,555.0,554.125,555.0,7
2021-11-29T18:00:00+0000,553.375,553.375,553.375,553.375,2
2021-11-29T19:00:00+0000,557.625,557.625,557.625,557.625,1
2021-11-30T06:00:00+0000,553.75,553.75,553.75,553.75,1
2021-11-30T11:00:00+0000,550.25,550.625,550.0,550.625,5
2021-11-30T14:00:00+0000,548.5,548.5,548.0,548.0,6
2021-11-30T15:00:00+0000,547.625,548.25,546.25,546.25,9
2021-11-30T16:00:00+0000,545.125,545.125,544.25,544.25,8
2021-11-30T17:00:00+0000,542.75,543.0,542.75,543.0,6
2021-11-30T18:00:00+0000,542.0,544.0,542.0,544.0,7
2021-11-30T19:00:00+0000,544.375,546.25,544.375,546.25,4
2021-12-01T01:00:00+0000,546.125,548.0,546.125,548.0,8
2021-12-01T07:00:00+0000,548.625,548.625,548.625,548.625,1
2021-12-01T13:00:00+0000,550.625,550.625,550.625,550.625,1
2021-12-01T14:00:00+0000,549.0,549.0,545.25,548.125,10
2021-12-01T15:00:00+0000,547.5,547.5,546.0,546.0,3
2021-12-01T16:00:00+0000,546.625,546.625,546.625,546.625,2
2021-12-01T17:00:00+0000,550.0,550.0,550.0,550.0,5
2021-12-01T18:00:00+0000,547.875,548.0,547.5,547.5,4
2021-12-01T19:00:00+0000,545.375,545.375,544.5,544.5,2
2021-12-02T01:00:00+0000,547.625,547.625,547.625,547.625,1
2021-12-02T08:00:00+0000,548.5,548.5,548.5,548.5,1
2021-12-02T09:00:00+0000,549.875,552.0,549.875,552.0,8
2021-12-02T10:00:00+0000,551.5,551.5,551.5,551.5,1
2021-12-02T14:00:00+0000,553.0,553.375,553.0,553.375,5
2021-12-02T15:00:00+0000,551.125,551.125,550.5,550.5,6
2021-12-02T16:00:00+0000,552.875,552.875,551.5,551.5,5
2021-12-02T17:00:00+0000,551.75,551.75,551.75,551.75,1
2021-12-02T18:00:00+0000,549.5,549.5,549.5,549.5,1
2021-12-03T01:00:00+0000,549.0,549.0,549.0,549.0,1
2021-12-03T04:00:00+0000,548.375,548.875,548.125,548.875,5
2021-12-03T14:00:00+0000,552.5,552.5,552.5,552.5,2
2021-12-03T15:00:00+0000,553.5,553.5,553.5,553.5,3
2021-12-03T16:00:00+0000,552.5,552.5,550.75,550.75,5
2021-12-03T17:00:00+0000,549.875,549.875,549.875,549.875,2
2021-12-03T18:00:00+0000,552.0,552.0,549.5,550.125,13
2021-12-03T19:00:00+0000,551.625,552.75,551.0,552.75,8
2021-12-06T01:00:00+0000,550.875,550.875,550.875,550.875,3
2021-12-06T02:00:00+0000,551.5,551.5,551.5,551.5,1
2021-12-06T03:00:00+0000,551.5,551.875,551.5,551.875,3
2021-12-06T11:00:00+0000,548.75,548.75,548.75,548.75,1
2021-12-06T14:00:00+0000,549.0,549.0,546.0,546.0,6
2021-12-06T15:00:00+0000,547.75,547.875,547.375,547.5,13
2021-12-06T16:00:00+0000,548.125,548.125,548.125,548.125,3
2021-12-06T17:00:00+0000,547.75,549.0,547.75,549.0,2
2021-12-06T18:00:00+0000,549.75,551.0,549.0,550.0,10
2021-12-07T01:00:00+0000,550.375,550.375,550.375,550.375,4
2021-12-07T12:00:00+0000,551.0,551.0,551.0,551.0,1
2021-12-07T13:00:00+0000,553.0,553.0,553.0,553.0,1
2021-12-07T14:00:00+0000,554.625,554.625,552.875,552.875,7
2021-12-07T15:00:00+0000,553.625,555.0,553.625,555.0,5
2021-12-07T16:00:00+0000,553.375,553.375,551.75,551.75,5
2021-12-07T17:00:00+0000,551.875,554.75,551.875,554.0,12
2021-12-07T18:00:00+0000,556.25,557.75,556.25,556.5,5
2021-12-07T19:00:00+0000,554.125,554.125,552.5,552.5,4
2021-12-08T01:00:00+0000,552.875,553.625,552.875,553.125,4
2021-12-08T08:00:00+0000,553.875,553.875,553.875,553.875,1
2021-12-08T14:00:00+0000,552.25,553.625,552.25,552.75,6
2021-12-08T15:00:00+0000,553.25,554.75,553.25,553.5,7
2021-12-08T16:00:00+0000,553.5,553.5,553.5,553.5,1
2021-12-08T18:00:00+0000,554.625,554.625,553.875,554.0,8
2021-12-09T08:00:00+0000,553.0,553.0,553.0,553.0,2
2021-12-09T09:00:00+0000,552.0,552.0,552.0,552.0,1
2021-12-09T10:00:00+0000,550.125,550.125,550.125,550.125,2
2021-12-09T14:00:00+0000,552.0,552.0,552.0,552.0,1
2021-12-09T15:00:00+0000,552.625,555.0,552.625,553.5,12
2021-12-09T16:00:00+0000,552.125,552.125,552.0,552.0,4
2021-12-09T17:00:00+0000,550.0,553.0,547.0,553.0,10
2021-12-09T18:00:00+0000,550.875,550.875,550.875,550.875,1
2021-12-10T01:00:00+0000,549.625,549.75,549.625,549.75,3
2021-12-10T12:00:00+0000,550.75,550.75,550.75,550.75,1
2021-12-10T13:00:00+0000,550.125,552.0,550.125,552.0,4
2021-12-10T14:00:00+0000,552.0,552.0,552.0,552.0,3
2021-12-10T15:00:00+0000,550.875,550.875,550.0,550.0,3
2021-12-10T16:00:00+0000,550.0,550.0,549.25,549.25,9
2021-12-10T17:00:00+0000,549.75,550.25,549.5,550.25,12
2021-12-10T18:00:00+0000,550.25,551.0,550.25,551.0,3
2021-12-13T02:00:00+0000,550.0,550.0,550.0,550.0,1
2021-12-13T03:00:00+0000,550.0,550.0,550.0,550.0,2
2021-12-13T10:00:00+0000,549.0,549.0,549.0,549.0,3
2021-12-13T12:00:00+0000,547.375,547.375,547.375,547.375,1
2021-12-13T13:00:00+0000,547.125,547.125,547.125,547.125,1
2021-12-13T14:00:00+0000,548.875,548.875,543.5,543.5,6
2021-12-13T15:00:00+0000,543.625,543.625,542.875,543.25,10
2021-12-13T16:00:00+0000,543.25,543.25,543.125,543.125,2
2021-12-13T17:00:00+0000,542.0,542.0,541.0,541.0,8
2021-12-13T18:00:00+0000,541.5,542.125,541.5,542.125,6
2021-12-14T11:00:00+0000,541.5,541.5,541.5,541.5,1
2021-12-14T14:00:00+0000,541.0,542.5,541.0,542.5,6
2021-12-14T15:00:00+0000,543.0,543.0,543.0,543.0,2
2021-12-14T16:00:00+0000,545.0,547.5,545.0,547.5,5
2021-12-14T17:00:00+0000,547.375,547.5,547.0,547.375,25
2021-12-14T18:00:00+0000,545.0,545.125,545.0,545.125,4
2021-12-14T19:00:00+0000,546.75,549.875,546.75,549.875,30
2021-12-15T14:00:00+0000,545.25,547.875,545.25,547.875,8
2021-12-15T15:00:00+0000,547.5,547.75,542.625,542.625,12
2021-12-15T16:00:00+0000,541.5,541.5,540.0,540.75,16
2021-12-15T17:00:00+0000,541.75,542.25,541.375,542.25,26
2021-12-15T18:00:00+0000,543.125,543.125,543.125,543.125,2
2021-12-16T01:00:00+0000,544.75,545.0,544.75,545.0,4
2021-12-16T14:00:00+0000,544.75,544.75,543.125,543.125,4
2021-12-16T15:00:00+0000,543.25,546.75,543.0,546.75,6
2021-12-16T16:00:00+0000,545.875,545.875,545.5,545.5,6
2021-12-16T19:00:00+0000,545.875,545.875,545.75,545.75,2
2021-12-17T08:00:00+0000,547.0,547.0,547.0,547.0,5
2021-12-17T14:00:00+0000,545.5,545.5,545.5,545.5,2
2021-12-17T15:00:00+0000,548.875,550.25,548.875,549.25,16
2021-12-17T16:00:00+0000,549.5,550.0,549.5,550.0,4
2021-12-17T17:00:00+0000,546.125,546.25,546.125,546.25,5
2021-12-17T18:00:00+0000,546.0,546.0,546.0,546.0,1
2021-12-20T01:00:00+0000,545.0,545.0,545.0,545.0,2
2021-12-20T12:00:00+0000,544.625,544.625,544.625,544.625,1
2021-12-20T14:00:00+0000,544.75,545.5,544.75,545.25,6
2021-12-20T15:00:00+0000,544.75,545.0,543.5,543.5,6
2021-12-20T17:00:00+0000,543.5,544.25,543.5,544.25,4
2021-12-20T18:00:00+0000,543.625,543.625,543.625,543.625,2
2021-12-21T14:00:00+0000,545.25,547.0,545.25,546.75,4
2021-12-21T15:00:00+0000,546.75,548.0,546.75,547.0,7
2021-12-21T16:00:00+0000,548.0,549.25,548.0,549.25,5
2021-12-21T17:00:00+0000,548.375,549.0,548.375,549.0,4
2021-12-21T18:00:00+0000,549.25,550.25,548.75,549.75,25
2021-12-21T19:00:00+0000,550.0,550.0,550.0,550.0,2
2021-12-22T01:00:00+0000,549.875,550.25,549.875,550.25,4
2021-12-22T07:00:00+0000,551.0,551.0,551.0,551.0,1
2021-12-22T08:00:00+0000,550.625,550.625,550.125,550.125,9
2021-12-22T14:00:00+0000,554.75,555.0,553.75,553.75,16
2021-12-22T15:00:00+0000,554.0,554.25,553.0,553.0,9
2021-12-22T16:00:00+0000,553.0,553.0,550.5,550.5,10
2021-12-22T17:00:00+0000,551.0,551.0,549.5,550.375,8
2021-12-22T18:00:00+0000,551.25,551.25,550.75,551.0,18
2021-12-22T19:00:00+0000,551.5,551.5,551.5,551.5,2
2021-12-23T01:00:00+0000,548.625,549.125,548.625,549.125,2
2021-12-23T02:00:00+0000,550.375,550.625,550.375,550.625,30
2021-12-23T05:00:00+0000,552.0,552.0,552.0,552.0,4
2021-12-23T13:00:00+0000,551.25,551.25,550.0,550.0,6
2021-12-23T14:00:00+0000,551.5,551.5,551.5,551.5,2
2021-12-23T15:00:00+0000,552.625,553.875,550.375,551.0,76
2021-12-23T16:00:00+0000,551.0,551.125,550.625,551.0,14
2021-12-23T17:00:00+0000,552.0,552.0,550.375,550.75,10
2021-12-23T18:00:00+0000,550.0,550.5,550.0,550.5,2
2021-12-23T19:00:00+0000,551.0,553.75,551.0,553.75,5
2021-12-27T01:00:00+0000,555.0,555.0,553.0,555.0,11
2021-12-27T04:00:00+0000,557.0,557.0,556.0,556.875,3
2021-12-27T05:00:00+0000,557.0,557.0,557.0,557.0,1
2021-12-27T11:00:00+0000,558.0,558.0,558.0,558.0,1
2021-12-27T12:00:00+0000,558.0,558.0,558.0,558.0,2
2021-12-27T14:00:00+0000,555.5,555.5,553.875,553.875,5
2021-12-27T15:00:00+0000,554.875,555.0,554.5,555.0,5
2021-12-27T16:00:00+0000,555.25,555.25,555.125,555.125,4
2021-12-27T17:00:00+0000,555.375,555.5,555.375,555.5,6
2021-12-27T18:00:00+0000,555.0,555.0,554.875,554.875,6
2021-12-27T19:00:00+0000,556.0,556.0,556.0,556.0,2
2021-12-28T01:00:00+0000,554.875,556.0,554.875,556.0,2
2021-12-28T02:00:00+0000,556.0,556.0,556.0,556.0,1
2021-12-28T03:00:00+0000,556.0,556.0,556.0,556.0,1
2021-12-28T05:00:00+0000,555.375,555.375,555.375,555.375,1
2021-12-28T10:00:00+0000,557.0,557.0,556.875,556.875,6
2021-12-28T13:00:00+0000,555.0,555.0,554.75,554.75,4
2021-12-28T14:00:00+0000,552.5,552.5,552.0,552.0,4
2021-12-28T15:00:00+0000,552.625,552.625,552.625,552.625,1
2021-12-28T16:00:00+0000,551.5,551.5,551.5,551.5,1
2021-12-28T17:00:00+0000,551.0,551.0,549.0,549.0,4
2021-12-28T18:00:00+0000,548.75,548.75,547.5,547.5,5
2021-12-28T19:00:00+0000,548.0,548.0,548.0,548.0,1
2021-12-29T01:00:00+0000,548.375,548.375,547.25,547.375,6
2021-12-29T02:00:00+0000,546.375,546.375,546.375,546.375,5
2021-12-29T05:00:00+0000,546.5,546.5,546.5,546.5,1
2021-12-29T06:00:00+0000,546.0,546.0,546.0,546.0,1
2021-12-29T07:00:00+0000,545.0,545.0,545.0,545.0,3
2021-12-29T11:00:00+0000,546.75,546.75,546.75,546.75,4
2021-12-29T12:00:00+0000,543.875,545.0,543.875,545.0,6
2021-12-29T13:00:00+0000,545.0,545.0,545.0,545.0,1
2021-12-29T14:00:00+0000,546.0,552.5,545.625,552.5,15
2021-12-29T15:00:00+0000,550.75,550.75,550.625,550.625,3
2021-12-29T16:00:00+0000,552.0,552.0,552.0,552.0,1
2021-12-29T17:00:00+0000,552.0,552.0,550.75,550.75,13
2021-12-29T18:00:00+0000,551.0,551.75,551.0,551.5,8
2021-12-29T19:00:00+0000,553.0,553.625,553.0,553.625,8
2021-12-30T01:00:00+0000,553.0,553.0,551.5,551.5,5
2021-12-30T04:00:00+0000,551.375,551.375,551.375,551.375,1
2021-12-30T05:00:00+0000,551.0,551.0,551.0,551.0,1
2021-12-30T14:00:00+0000,550.5,550.5,549.75,549.75,2
2021-12-30T15:00:00+0000,549.5,550.625,549.5,550.625,4
2021-12-30T16:00:00+0000,547.0,548.0,544.375,548.0,12
2021-12-30T17:00:00+0000,544.5,545.0,544.0,544.25,5
2021-12-30T18:00:00+0000,543.625,545.875,543.625,544.0,3
2021-12-30T19:00:00+0000,546.0,546.0,546.0,546.0,2
2021-12-31T01:00:00+0000,546.5,546.5,546.5,546.5,5
2021-12-31T10:00:00+0000,547.0,547.0,547.0,547.0,1
2021-12-31T14:00:00+0000,547.0,547.875,546.875,546.875,6
2021-12-31T16:00:00+0000,548.0,548.0,548.0,548.0,3
2021-12-31T17:00:00+0000,546.25,546.25,546.25,546.25,1
2021-12-31T18:00:00+0000,545.0,545.0,545.0,545.0,2
2022-01-03T01:00:00+0000,550.0,550.125,549.25,549.25,8
2022-01-03T10:00:00+0000,551.75,551.75,551.75,551.75,1
2022-01-03T12:00:00+0000,550.75,550.75,550.75,550.75,1
2022-01-03T13:00:00+0000,550.0,550.0,550.0,550.0,2
2022-01-03T14:00:00+0000,548.125,548.125,548.125,548.125,1
2022-01-03T15:00:00+0000,548.25,548.25,547.75,547.75,6
2022-01-03T16:00:00+0000,546.0,546.0,542.375,542.75,7
2022-01-03T18:00:00+0000,546.5,546.5,546.5,546.5,1
2022-01-03T19:00:00+0000,546.0,547.0,546.0,547.0,4
2022-01-04T01:00:00+0000,548.25,550.0,548.25,550.0,8
2022-01-04T02:00:00+0000,550.0,550.0,550.0,550.0,1
2022-01-04T04:00:00+0000,550.25,550.25,550.25,550.25,1
2022-01-04T09:00:00+0000,550.125,550.125,550.125,550.125,1
2022-01-04T13:00:00+0000,549.5,549.5,549.5,549.5,1
2022-01-04T14:00:00+0000,549.0,552.5,549.0,552.5,14
2022-01-04T15:00:00+0000,552.5,553.75,552.5,553.625,10
2022-01-04T16:00:00+0000,552.75,554.0,552.375,552.5,8
2022-01-04T17:00:00+0000,553.375,554.625,553.375,554.625,9
2022-01-04T18:00:00+0000,554.0,554.0,553.625,554.0,7
2022-01-04T19:00:00+0000,554.0,555.0,554.0,555.0,6
2022-01-05T01:00:00+0000,553.875,553.875,553.75,553.75,2
2022-01-05T08:00:00+0000,554.0,554.0,554.0,554.0,1
2022-01-05T09:00:00+0000,555.0,555.0,555.0,555.0,2
2022-01-05T12:00:00+0000,553.0,553.0,553.0,553.0,1
2022-01-05T14:00:00+0000,552.875,552.875,552.875,552.875,1
2022-01-05T15:00:00+0000,552.25,552.75,552.25,552.75,3
2022-01-05T16:00:00+0000,553.25,553.5,552.0,553.0,10
2022-01-05T17:00:00+0000,553.125,553.5,552.75,553.5,4
2022-01-05T18:00:00+0000,553.25,553.25,553.25,553.25,1
2022-01-05T19:00:00+0000,553.125,553.125,553.125,553.125,6
2022-01-06T03:00:00+0000,550.0,550.0,550.0,550.0,3
2022-01-06T04:00:00+0000,550.0,550.0,550.0,550.0,1
2022-01-06T12:00:00+0000,553.375,553.375,551.75,551.75,5
2022-01-06T14:00:00+0000,551.75,552.75,551.75,552.75,5
2022-01-06T15:00:00+0000,551.5,551.5,549.0,549.0,4
2022-01-06T16:00:00+0000,549.625,551.875,549.625,551.875,6
2022-01-06T17:00:00+0000,554.125,554.125,553.5,553.5,4
2022-01-06T18:00:00+0000,554.25,554.25,554.25,554.25,1
2022-01-06T19:00:00+0000,553.875,553.875,553.875,553.875,1
2022-01-07T01:00:00+0000,554.0,554.0,553.0,553.0,6
2022-01-07T13:00:00+0000,552.375,552.375,552.375,552.375,1
2022-01-07T15:00:00+0000,552.0,552.0,552.0,552.0,1
2022-01-07T16:00:00+0000,555.0,557.0,555.0,555.0,13
2022-01-07T17:00:00+0000,553.375,556.0,553.375,556.0,17
2022-01-07T18:00:00+0000,555.0,555.0,555.0,555.0,1
2022-01-07T19:00:00+0000,555.0,557.5,554.25,555.0,11
2022-01-10T02:00:00+0000,557.0,557.0,557.0,557.0,2
2022-01-10T03:00:00+0000,557.0,557.0,557.0,557.0,1
2022-01-10T08:00:00+0000,556.875,557.75,556.875,557.75,3
2022-01-10T10:00:00+0000,556.5,556.5,556.375,556.375,2
2022-01-10T12:00:00+0000,557.5,557.5,557.375,557.375,2
2022-01-10T14:00:00+0000,556.0,556.0,555.625,555.625,2
2022-01-10T15:00:00+0000,554.5,554.5,551.75,552.5,6
2022-01-10T16:00:00+0000,554.0,554.25,554.0,554.25,5
2022-01-10T17:00:00+0000,554.125,554.125,552.5,552.5,6
2022-01-10T18:00:00+0000,554.125,554.125,553.75,553.75,2
2022-01-10T19:00:00+0000,555.0,556.75,555.0,556.75,4
2022-01-11T01:00:00+0000,555.125,556.875,555.125,556.375,9
2022-01-11T03:00:00+0000,555.875,555.875,555.875,555.875,1
2022-01-11T08:00:00+0000,556.0,556.0,556.0,556.0,2
2022-01-11T10:00:00+0000,557.125,557.125,557.125,557.125,1
2022-01-11T12:00:00+0000,558.0,558.0,557.875,557.875,4
2022-01-11T13:00:00+0000,557.625,557.625,557.625,557.625,2
2022-01-11T14:00:00+0000,556.0,556.75,555.5,555.5,6
2022-01-11T15:00:00+0000,556.25,557.875,556.25,557.875,13
2022-01-11T16:00:00+0000,557.875,557.875,556.375,557.25,12
2022-01-11T17:00:00+0000,555.75,556.5,555.375,556.25,13
2022-01-11T18:00:00+0000,555.625,556.75,555.625,556.75,6
2022-01-11T19:00:00+0000,555.875,557.0,555.75,557.0,5
2022-01-12T02:00:00+0000,556.5,556.5,556.5,556.5,1
2022-01-12T04:00:00+0000,556.5,556.5,556.5,556.5,12
2022-01-12T05:00:00+0000,557.0,557.0,557.0,557.0,4
2022-01-12T12:00:00+0000,557.5,558.0,557.5,558.0,3
2022-01-12T14:00:00+0000,556.375,556.875,556.25,556.875,14
2022-01-12T15:00:00+0000,557.625,558.0,557.5,557.5,12
2022-01-12T16:00:00+0000,555.375,556.25,554.0,554.0,23
2022-01-12T17:00:00+0000,553.625,557.625,541.0,557.625,21
2022-01-12T18:00:00+0000,559.0,559.0,557.75,557.75,9
2022-01-13T01:00:00+0000,558.5,559.25,557.875,558.875,8
2022-01-13T03:00:00+0000,559.25,559.25,559.25,559.25,2
2022-01-13T07:00:00+0000,560.0,561.125,560.0,561.125,43
2022-01-13T08:00:00+0000,562.0,562.0,561.125,561.125,10
2022-01-13T10:00:00+0000,561.625,561.625,560.0,560.0,3
2022-01-13T13:00:00+0000,558.5,558.5,558.5,558.5,5
2022-01-13T14:00:00+0000,557.0,557.625,557.0,557.625,3
2022-01-13T15:00:00+0000,557.25,557.25,553.375,553.375,19
2022-01-13T16:00:00+0000,555.875,556.875,555.75,556.875,9
2022-01-13T17:00:00+0000,554.75,554.75,554.5,554.5,2
2022-01-13T18:00:00+0000,556.125,556.125,556.125,556.125,2
2022-01-13T19:00:00+0000,557.25,557.25,557.25,557.25,4
2022-01-14T01:00:00+0000,555.625,560.0,555.625,558.75,9
2022-01-14T02:00:00+0000,557.5,557.5,557.5,557.5,2
2022-01-14T10:00:00+0000,560.5,560.5,560.5,560.5,1
2022-01-14T12:00:00+0000,560.25,560.25,559.5,559.5,5
2022-01-14T15:00:00+0000,557.375,557.5,557.25,557.5,5
2022-01-14T16:00:00+0000,558.0,558.5,558.0,558.25,4
2022-01-14T18:00:00+0000,557.25,557.375,557.25,557.375,6
2022-01-18T01:00:00+0000,558.0,558.0,556.75,558.0,15
2022-01-18T08:00:00+0000,558.0,558.0,558.0,558.0,2
2022-01-18T12:00:00+0000,557.75,557.75,557.75,557.75,1
2022-01-18T13:00:00+0000,556.75,556.75,556.75,556.75,1
2022-01-18T14:00:00+0000,556.5,557.0,556.0,557.0,9
2022-01-18T15:00:00+0000,557.0,558.5,556.875,558.5,4
2022-01-18T16:00:00+0000,559.0,559.0,555.875,555.875,24
2022-01-18T18:00:00+0000,556.625,556.625,555.5,555.5,5
2022-01-18T19:00:00+0000,556.25,557.0,556.25,557.0,4
2022-01-19T01:00:00+0000,556.0,559.0,556.0,559.0,7
2022-01-19T02:00:00+0000,560.0,560.0,560.0,560.0,1
2022-01-19T09:00:00+0000,560.375,561.0,560.375,561.0,2
2022-01-19T11:00:00+0000,562.0,562.875,562.0,562.5,4
2022-01-19T13:00:00+0000,560.375,560.375,560.375,560.375,1
2022-01-19T14:00:00+0000,561.875,562.625,561.625,562.625,13
2022-01-19T15:00:00+0000,562.25,563.125,562.25,563.125,20
2022-01-19T16:00:00+0000,562.0,564.75,561.875,564.25,25
2022-01-19T17:00:00+0000,564.125,565.0,562.125,562.125,55
2022-01-19T18:00:00+0000,563.25,564.5,563.125,563.5,21
2022-01-19T19:00:00+0000,564.0,564.875,564.0,564.875,4
2022-01-20T04:00:00+0000,563.75,563.75,563.75,563.75,1
2022-01-20T05:00:00+0000,563.75,564.0,563.75,564.0,11
2022-01-20T08:00:00+0000,564.0,564.0,564.0,564.0,2
2022-01-20T11:00:00+0000,563.625,563.625,563.625,563.625,1
2022-01-20T12:00:00+0000,563.375,563.375,562.375,562.375,2
2022-01-20T13:00:00+0000,562.375,562.375,562.375,562.375,1
2022-01-20T14:00:00+0000,563.75,563.75,560.75,560.75,13
2022-01-20T15:00:00+0000,561.75,563.125,561.75,563.125,5
2022-01-20T16:00:00+0000,565.0,565.25,564.75,565.0,17
2022-01-20T17:00:00+0000,565.0,565.0,561.0,561.0,12
2022-01-20T18:00:00+0000,560.625,561.5,560.375,560.875,12
2022-01-21T01:00:00+0000,559.125,559.125,558.0,558.0,4
2022-01-21T02:00:00+0000,558.0,558.0,558.0,558.0,2
2022-01-21T03:00:00+0000,558.5,558.5,558.5,558.5,5
2022-01-21T10:00:00+0000,561.0,561.0,561.0,561.0,2
2022-01-21T13:00:00+0000,559.75,559.75,559.625,559.625,3
2022-01-21T14:00:00+0000,561.375,562.0,560.625,562.0,6
2022-01-21T15:00:00+0000,563.125,563.5,559.75,559.75,5
2022-01-21T16:00:00+0000,561.25,561.25,561.0,561.0,2
2022-01-21T17:00:00+0000,561.5,563.375,561.5,563.375,3
2022-01-21T18:00:00+0000,562.75,564.5,562.75,564.375,15
2022-01-21T19:00:00+0000,565.0,565.0,564.25,564.25,9
2022-01-24T01:00:00+0000,564.375,566.0,564.25,566.0,16
2022-01-24T02:00:00+0000,566.0,566.0,566.0,566.0,8
2022-01-24T09:00:00+0000,564.125,564.125,564.125,564.125,1
2022-01-24T12:00:00+0000,562.875,562.875,562.875,562.875,2
2022-01-24T14:00:00+0000,561.0,563.0,561.0,563.0,2
2022-01-24T15:00:00+0000,558.25,562.0,558.25,562.0,5
2022-01-24T16:00:00+0000,560.875,561.0,559.75,560.875,12
2022-01-24T17:00:00+0000,559.75,562.0,559.5,562.0,10
2022-01-24T18:00:00+0000,563.125,565.0,563.125,565.0,3
2022-01-24T19:00:00+0000,565.875,567.5,565.75,567.0,13
2022-01-25T01:00:00+0000,565.375,565.375,565.0,565.0,2
2022-01-25T11:00:00+0000,566.75,566.75,566.75,566.75,3
2022-01-25T13:00:00+0000,567.0,567.0,567.0,567.0,1
2022-01-25T14:00:00+0000,568.0,569.0,568.0,568.625,20
2022-01-25T15:00:00+0000,568.25,570.0,568.25,569.0,78
2022-01-25T16:00:00+0000,570.25,571.0,569.875,571.0,20
2022-01-25T17:00:00+0000,571.0,571.0,570.0,570.125,15
2022-01-25T18:00:00+0000,570.375,571.75,569.375,569.625,28
2022-01-25T19:00:00+0000,571.25,571.25,570.0,570.0,2
2022-01-26T01:00:00+0000,567.25,568.25,567.25,568.25,3
2022-01-26T06:00:00+0000,570.0,570.0,569.5,569.5,8
2022-01-26T10:00:00+0000,569.875,569.875,569.875,569.875,1
2022-01-26T12:00:00+0000,570.125,570.875,569.625,569.625,10
2022-01-26T13:00:00+0000,570.0,570.0,568.25,568.25,5
2022-01-26T14:00:00+0000,571.0,571.0,569.625,570.0,15
2022-01-26T15:00:00+0000,568.75,569.25,568.5,568.5,16
2022-01-26T16:00:00+0000,568.75,569.875,568.75,569.875,5
2022-01-26T17:00:00+0000,569.875,573.0,569.875,573.0,42
2022-01-26T18:00:00+0000,572.25,573.0,572.0,572.625,16
2022-01-26T19:00:00+0000,573.0,573.0,572.5,572.5,6
2022-01-27T01:00:00+0000,572.0,572.0,570.0,572.0,37
2022-01-27T03:00:00+0000,572.125,572.125,572.125,572.125,1
2022-01-27T09:00:00+0000,572.5,572.5,572.5,572.5,1
2022-01-27T10:00:00+0000,573.0,573.0,573.0,573.0,1
2022-01-27T11:00:00+0000,573.0,573.0,573.0,573.0,1
2022-01-27T12:00:00+0000,571.875,571.875,571.875,571.875,2
2022-01-27T13:00:00+0000,569.625,569.625,569.625,569.625,1
2022-01-27T14:00:00+0000,571.375,571.5,568.625,568.625,9
2022-01-27T15:00:00+0000,569.25,569.75,568.0,568.0,10
2022-01-27T16:00:00+0000,570.25,570.25,568.0,568.0,10
2022-01-27T17:00:00+0000,568.0,568.25,565.5,565.5,9
2022-01-27T18:00:00+0000,565.5,565.5,565.375,565.375,7
2022-01-27T19:00:00+0000,566.0,566.0,564.375,564.375,3
2022-01-28T01:00:00+0000,565.0,566.5,565.0,566.5,3
2022-01-28T03:00:00+0000,566.75,566.75,566.75,566.75,2
2022-01-28T05:00:00+0000,566.75,566.75,566.75,566.75,1
2022-01-28T12:00:00+0000,569.25,569.5,569.25,569.5,3
2022-01-28T13:00:00+0000,568.0,568.0,568.0,568.0,1
2022-01-28T14:00:00+0000,567.5,570.0,567.5,570.0,9
2022-01-28T15:00:00+0000,569.375,571.0,568.75,569.25,35
2022-01-28T16:00:00+0000,570.0,570.125,567.0,567.0,12
2022-01-28T17:00:00+0000,568.125,569.125,567.5,569.125,7
2022-01-28T18:00:00+0000,569.5,569.5,569.0,569.0,3
2022-01-28T19:00:00+0000,570.0,570.0,570.0,570.0,1
2022-01-31T01:00:00+0000,564.875,573.0,564.875,573.0,21
2022-01-31T02:00:00+0000,573.125,575.0,573.125,575.0,105
2022-01-31T03:00:00+0000,576.0,576.0,576.0,576.0,3
2022-01-31T14:00:00+0000,575.0,575.0,572.375,572.75,17
2022-01-31T15:00:00+0000,571.625,571.625,570.375,570.75,10
2022-01-31T16:00:00+0000,570.0,572.0,570.0,571.375,16
2022-01-31T17:00:00+0000,571.375,573.0,570.875,570.875,20
2022-01-31T18:00:00+0000,571.5,572.625,571.5,572.5,11
2022-01-31T19:00:00+0000,573.125,573.875,573.125,573.875,2
2022-02-01T01:00:00+0000,573.125,574.0,573.125,574.0,9
2022-02-01T12:00:00+0000,574.0,574.0,574.0,574.0,1
2022-02-01T13:00:00+0000,575.0,575.25,575.0,575.125,6
2022-02-01T15:00:00+0000,574.625,578.125,574.125,577.875,50
2022-02-01T16:00:00+0000,577.625,579.0,577.625,578.625,28
2022-02-01T17:00:00+0000,578.625,579.25,577.875,578.375,25
2022-02-01T18:00:00+0000,577.125,577.25,576.125,576.125,19
2022-02-01T19:00:00+0000,577.125,577.75,577.125,577.625,3
2022-02-02T01:00:00+0000,577.0,577.625,577.0,577.625,17
2022-02-02T11:00:00+0000,579.0,579.5,579.0,579.5,7
2022-02-02T12:00:00+0000,579.875,579.875,578.75,578.75,4
2022-02-02T13:00:00+0000,579.5,579.5,579.5,579.5,1
2022-02-02T14:00:00+0000,578.625,578.625,577.0,577.375,15
2022-02-02T15:00:00+0000,578.5,580.0,576.375,576.375,134
2022-02-02T16:00:00+0000,575.0,575.0,572.0,572.0,8
2022-02-02T17:00:00+0000,573.875,573.875,569.125,569.5,23
2022-02-02T18:00:00+0000,569.75,571.25,569.75,571.25,5
2022-02-02T19:00:00+0000,572.0,572.0,571.5,571.875,3
2022-02-03T01:00:00+0000,573.0,573.0,573.0,573.0,6
2022-02-03T05:00:00+0000,569.5,569.5,569.375,569.375,2
2022-02-03T09:00:00+0000,568.5,568.5,567.25,567.25,2
2022-02-03T11:00:00+0000,566.875,566.875,566.875,566.875,1
2022-02-03T12:00:00+0000,567.0,567.0,566.625,566.625,3
2022-02-03T14:00:00+0000,565.75,568.25,565.0,567.375,13
2022-02-03T15:00:00+0000,566.875,570.0,566.875,570.0,8
2022-02-03T16:00:00+0000,570.0,570.375,567.375,567.375,8
2022-02-03T17:00:00+0000,567.375,567.375,567.25,567.25,2
2022-02-03T18:00:00+0000,567.375,567.875,566.875,567.125,11
2022-02-03T19:00:00+0000,566.75,566.75,566.375,566.375,6
2022-02-04T01:00:00+0000,566.875,570.0,566.875,570.0,10
2022-02-04T02:00:00+0000,570.875,570.875,570.875,570.875,1
2022-02-04T09:00:00+0000,569.875,569.875,569.875,569.875,1
2022-02-04T14:00:00+0000,567.0,569.75,566.625,569.75,12
2022-02-04T15:00:00+0000,569.5,570.0,568.125,568.125,7
2022-02-04T16:00:00+0000,568.25,569.375,568.25,569.375,3
2022-02-04T17:00:00+0000,571.625,571.625,571.625,571.625,3
2022-02-04T18:00:00+0000,571.375,571.375,570.875,570.875,8
2022-02-04T19:00:00+0000,572.375,572.375,572.375,572.375,3
2022-02-07T01:00:00+0000,576.375,579.0,576.375,578.0,21
2022-02-07T03:00:00+0000,577.75,577.75,577.75,577.75,1
2022-02-07T12:00:00+0000,578.75,580.375,578.75,580.375,12
2022-02-07T13:00:00+0000,579.875,579.875,578.25,578.25,2
2022-02-07T14:00:00+0000,577.75,580.0,577.75,579.5,10
2022-02-07T15:00:00+0000,578.125,580.125,578.0,580.125,13
2022-02-07T16:00:00+0000,579.875,581.375,579.625,579.625,17
2022-02-07T17:00:00+0000,580.25,581.0,579.25,579.75,22
2022-02-07T18:00:00+0000,579.0,580.0,579.0,579.375,8
2022-02-07T19:00:00+0000,580.875,581.0,578.0,578.0,13
2022-02-08T01:00:00+0000,580.75,580.75,579.5,579.75,11
2022-02-08T06:00:00+0000,579.875,579.875,579.875,579.875,1
2022-02-08T09:00:00+0000,579.625,579.625,579.625,579.625,2
2022-02-08T10:00:00+0000,579.625,579.625,579.625,579.625,2
2022-02-08T11:00:00+0000,578.0,578.0,577.875,577.875,2
2022-02-08T12:00:00+0000,578.375,578.625,578.375,578.625,3
2022-02-08T13:00:00+0000,576.875,576.875,576.875,576.875,3
2022-02-08T14:00:00+0000,580.0,580.375,580.0,580.375,6
2022-02-08T15:00:00+0000,580.875,581.0,578.5,578.875,16
2022-02-08T16:00:00+0000,578.125,578.25,577.875,578.125,13
2022-02-08T17:00:00+0000,577.875,578.0,577.625,577.625,5
2022-02-08T18:00:00+0000,579.625,579.625,579.25,579.375,4
2022-02-08T19:00:00+0000,580.0,581.25,580.0,581.25,13
2022-02-09T01:00:00+0000,580.25,581.0,580.25,581.0,7
2022-02-09T06:00:00+0000,581.875,582.0,581.875,582.0,14
2022-02-09T13:00:00+0000,583.0,583.0,580.875,580.875,14
2022-02-09T14:00:00+0000,581.125,583.0,581.125,582.375,15
2022-02-09T15:00:00+0000,583.75,585.0,582.5,583.625,92
2022-02-09T16:00:00+0000,583.875,585.0,582.625,585.0,19
2022-02-09T17:00:00+0000,583.375,587.0,581.625,587.0,33
2022-02-09T18:00:00+0000,587.0,588.0,585.25,587.125,31
2022-02-09T19:00:00+0000,587.625,588.875,587.5,587.625,12
2022-02-10T01:00:00+0000,588.0,588.0,585.875,586.75,12
2022-02-10T02:00:00+0000,587.875,589.0,587.875,589.0,8
2022-02-10T03:00:00+0000,589.0,589.0,589.0,589.0,10
2022-02-10T04:00:00+0000,589.0,590.0,589.0,589.375,3
2022-02-10T06:00:00+0000,589.75,589.75,589.75,589.75,2
2022-02-10T11:00:00+0000,589.0,589.0,589.0,589.0,1
2022-02-10T12:00:00+0000,590.0,593.0,590.0,593.0,72
2022-02-10T13:00:00+0000,594.0,595.0,592.0,594.25,24
2022-02-10T14:00:00+0000,594.0,598.0,593.125,597.75,149
2022-02-10T15:00:00+0000,597.0,597.5,595.125,595.375,30
2022-02-10T16:00:00+0000,595.5,595.5,594.25,594.5,23
2022-02-10T17:00:00+0000,593.0,593.0,589.0,589.0,19
2022-02-10T18:00:00+0000,590.125,590.125,581.875,581.875,38
2022-02-10T19:00:00+0000,583.25,584.125,583.25,584.125,4
2022-02-11T01:00:00+0000,584.0,584.0,580.625,580.625,4
2022-02-11T02:00:00+0000,583.625,584.75,583.625,584.75,4
2022-02-11T10:00:00+0000,588.0,588.0,588.0,588.0,2
2022-02-11T11:00:00+0000,589.0,589.0,589.0,589.0,2
2022-02-11T13:00:00+0000,588.875,588.875,587.625,587.625,6
2022-02-11T14:00:00+0000,588.0,589.75,588.0,588.375,9
2022-02-11T15:00:00+0000,589.5,589.5,589.125,589.125,2
2022-02-11T16:00:00+0000,589.0,589.0,586.5,587.0,13
2022-02-11T17:00:00+0000,586.875,588.0,586.875,587.625,13
2022-02-11T18:00:00+0000,590.0,596.375,590.0,595.25,29
2022-02-11T19:00:00+0000,595.0,595.0,591.25,591.25,9
2022-02-14T01:00:00+0000,593.75,598.0,592.875,598.0,50
2022-02-14T03:00:00+0000,598.0,598.0,598.0,598.0,5
2022-02-14T06:00:00+0000,598.0,598.0,598.0,598.0,1
2022-02-14T12:00:00+0000,592.125,592.125,592.0,592.0,2
2022-02-14T13:00:00+0000,590.25,590.25,590.25,590.25,1
2022-02-14T14:00:00+0000,590.75,590.75,589.5,589.875,9
2022-02-14T15:00:00+0000,590.0,590.5,587.5,588.0,6
2022-02-14T16:00:00+0000,589.375,591.625,589.375,590.125,7
2022-02-14T17:00:00+0000,591.125,591.125,591.0,591.0,2
2022-02-14T18:00:00+0000,593.0,596.0,593.0,596.0,6
2022-02-14T19:00:00+0000,597.0,597.75,595.875,597.75,6
2022-02-15T01:00:00+0000,595.0,596.75,594.25,595.75,7
2022-02-15T05:00:00+0000,595.375,595.375,595.125,595.125,2
2022-02-15T09:00:00+0000,593.0,593.0,593.0,593.0,1
2022-02-15T10:00:00+0000,593.5,593.5,593.5,593.5,1
2022-02-15T13:00:00+0000,592.125,592.125,592.0,592.0,3
2022-02-15T14:00:00+0000,590.0,590.875,589.5,589.5,10
2022-02-15T15:00:00+0000,589.625,590.0,586.875,586.875,9
2022-02-15T16:00:00+0000,587.75,590.0,587.75,589.5,4
2022-02-15T17:00:00+0000,588.0,588.0,588.0,588.0,3
2022-02-15T18:00:00+0000,587.125,588.0,587.125,588.0,5
2022-02-15T19:00:00+0000,587.875,587.875,587.875,587.875,1
2022-02-16T01:00:00+0000,587.625,587.625,587.5,587.5,2
2022-02-16T06:00:00+0000,588.625,588.625,588.625,588.625,1
2022-02-16T10:00:00+0000,590.0,590.0,590.0,590.0,1
2022-02-16T12:00:00+0000,591.0,591.0,591.0,591.0,4
2022-02-16T13:00:00+0000,588.5,588.875,588.375,588.875,5
2022-02-16T14:00:00+0000,589.875,590.375,589.375,590.375,7
2022-02-16T15:00:00+0000,590.375,594.0,590.375,594.0,9
2022-02-16T16:00:00+0000,591.75,593.5,591.25,591.25,11
2022-02-16T17:00:00+0000,590.875,593.0,590.875,593.0,3
2022-02-16T18:00:00+0000,593.5,593.5,592.75,592.75,5
2022-02-16T19:00:00+0000,593.25,593.875,592.375,593.875,5
2022-02-17T01:00:00+0000,592.0,592.0,592.0,592.0,1
2022-02-17T04:00:00+0000,593.0,593.0,592.75,592.75,5
2022-02-17T06:00:00+0000,593.625,593.625,593.625,593.625,2
2022-02-17T12:00:00+0000,593.0,593.0,593.0,593.0,1
2022-02-17T13:00:00+0000,593.75,594.0,593.75,594.0,2
2022-02-17T14:00:00+0000,594.0,595.0,592.5,594.375,24
2022-02-17T15:00:00+0000,594.5,594.5,594.125,594.5,6
2022-02-17T16:00:00+0000,592.0,593.375,592.0,593.375,4
2022-02-17T17:00:00+0000,592.125,593.125,592.125,593.125,5
2022-02-17T18:00:00+0000,595.0,595.0,595.0,595.0,4
2022-02-17T19:00:00+0000,595.375,596.0,593.5,593.5,9
2022-02-18T01:00:00+0000,595.0,595.0,595.0,595.0,1
2022-02-18T08:00:00+0000,595.625,595.625,595.625,595.625,1
2022-02-18T13:00:00+0000,595.0,595.375,595.0,595.375,2
2022-02-18T14:00:00+0000,595.375,598.0,595.375,598.0,47
2022-02-18T15:00:00+0000,597.125,598.75,597.125,598.125,15
2022-02-18T16:00:00+0000,597.5,598.25,597.125,597.125,24
2022-02-18T17:00:00+0000,596.875,599.75,596.875,599.0,32
2022-02-18T18:00:00+0000,599.0,599.0,597.625,598.375,27
2022-02-18T19:00:00+0000,598.75,598.75,597.375,597.375,7
2022-02-22T01:00:00+0000,598.375,602.75,598.375,602.0,130
2022-02-22T02:00:00+0000,602.125,603.0,602.125,603.0,4
2022-02-22T03:00:00+0000,602.5,602.5,602.5,602.5,3
2022-02-22T05:00:00+0000,602.0,602.0,602.0,602.0,1
2022-02-22T06:00:00+0000,600.0,600.0,600.0,600.0,1
2022-02-22T07:00:00+0000,602.125,602.125,602.0,602.0,3
2022-02-22T08:00:00+0000,603.0,605.0,603.0,605.0,55
2022-02-22T11:00:00+0000,601.625,601.625,601.625,601.625,1
2022-02-22T12:00:00+0000,601.375,601.375,599.375,599.875,8
2022-02-22T13:00:00+0000,598.25,601.5,597.5,600.0,10
2022-02-22T14:00:00+0000,600.0,602.625,599.625,601.5,22
2022-02-22T15:00:00+0000,601.75,603.125,597.875,600.0,32
2022-02-22T16:00:00+0000,600.0,601.5,598.875,598.875,30
2022-02-22T17:00:00+0000,600.0,601.375,599.625,601.375,65
2022-02-22T18:00:00+0000,602.5,604.5,602.5,604.0,27
2022-02-22T19:00:00+0000,604.375,606.0,604.375,605.75,16
2022-02-23T01:00:00+0000,605.0,605.0,601.5,604.0,26
2022-02-23T02:00:00+0000,605.0,605.0,605.0,605.0,6
2022-02-23T05:00:00+0000,604.125,604.125,604.125,604.125,1
2022-02-23T06:00:00+0000,603.625,603.625,603.625,603.625,2
2022-02-23T08:00:00+0000,604.875,605.5,604.875,605.5,3
2022-02-23T10:00:00+0000,606.0,606.0,606.0,606.0,6
2022-02-23T12:00:00+0000,605.0,605.0,605.0,605.0,2
2022-02-23T13:00:00+0000,604.875,605.875,604.875,605.875,2
2022-02-23T14:00:00+0000,605.0,607.25,604.125,607.25,33
2022-02-23T15:00:00+0000,607.375,608.875,606.625,607.875,47
2022-02-23T16:00:00+0000,608.0,608.875,605.625,607.0,35
2022-02-23T17:00:00+0000,607.125,609.875,607.125,609.375,25
2022-02-23T18:00:00+0000,609.5,611.0,609.5,610.25,60
2022-02-23T19:00:00+0000,610.0,612.0,610.0,610.25,19
2022-02-24T01:00:00+0000,610.0,614.625,607.75,614.625,42
2022-02-24T02:00:00+0000,614.75,617.0,614.75,615.75,70
2022-02-24T03:00:00+0000,618.0,622.0,615.25,622.0,71
2022-02-24T04:00:00+0000,622.0,625.0,622.0,625.0,30
2022-02-24T05:00:00+0000,621.625,626.0,621.625,626.0,42
2022-02-24T06:00:00+0000,627.0,629.0,627.0,629.0,9
2022-02-24T07:00:00+0000,629.75,637.0,629.75,637.0,60
2022-02-24T08:00:00+0000,638.0,645.0,638.0,645.0,65
2022-02-24T09:00:00+0000,643.625,646.25,643.625,646.25,2
2022-02-24T10:00:00+0000,646.25,646.25,640.0,646.25,7
2022-02-24T11:00:00+0000,642.0,642.0,637.625,638.5,5
2022-02-24T12:00:00+0000,638.5,640.625,631.125,638.625,9
2022-02-24T13:00:00+0000,637.0,639.0,632.625,633.75,19
2022-02-24T14:00:00+0000,633.75,635.0,609.125,619.0,57
2022-02-24T15:00:00+0000,620.0,624.0,616.875,618.375,68
2022-02-24T16:00:00+0000,618.75,620.625,600.0,604.0,47
2022-02-24T17:00:00+0000,595.0,608.875,588.75,605.625,67
2022-02-24T18:00:00+0000,605.0,608.125,599.125,600.625,28
2022-02-24T19:00:00+0000,603.0,605.375,603.0,605.0,14
2022-02-25T01:00:00+0000,605.375,611.0,604.0,611.0,31
2022-02-25T07:00:00+0000,609.75,609.75,609.0,609.0,2
2022-02-25T08:00:00+0000,608.375,608.375,595.875,595.875,48
2022-02-25T09:00:00+0000,596.375,596.375,589.875,589.875,22
2022-02-25T10:00:00+0000,591.0,591.0,588.0,588.0,3
2022-02-25T11:00:00+0000,586.0,591.0,580.0,591.0,37
2022-02-25T12:00:00+0000,590.375,596.0,590.125,590.125,23
2022-02-25T13:00:00+0000,593.625,593.625,587.0,587.0,11
2022-02-25T14:00:00+0000,586.0,588.0,585.25,585.25,14
2022-02-25T15:00:00+0000,586.0,587.5,583.0,587.0,21
2022-02-25T16:00:00+0000,584.75,585.0,577.5,580.25,56
2022-02-25T17:00:00+0000,580.125,582.375,578.5,582.0,26
2022-02-25T18:00:00+0000,580.625,581.5,579.5,579.625,12
2022-02-25T19:00:00+0000,581.25,581.5,578.875,578.875,10
2022-02-28T01:00:00+0000,587.625,602.0,587.625,592.0,45
2022-02-28T02:00:00+0000,592.625,592.625,592.5,592.5,2
2022-02-28T04:00:00+0000,591.125,591.125,591.125,591.125,1
2022-02-28T06:00:00+0000,593.0,593.0,593.0,593.0,1
2022-02-28T07:00:00+0000,593.125,593.125,593.125,593.125,1
2022-02-28T08:00:00+0000,593.0,597.0,593.0,597.0,2
2022-02-28T09:00:00+0000,596.375,596.375,596.375,596.375,1
2022-02-28T11:00:00+0000,597.0,597.0,597.0,597.0,1
2022-02-28T12:00:00+0000,596.5,596.5,595.375,595.375,2
2022-02-28T13:00:00+0000,597.5,598.375,597.5,598.375,2
2022-02-28T14:00:00+0000,593.375,600.0,593.0,600.0,19
2022-02-28T15:00:00+0000,598.625,600.0,595.625,599.5,14
2022-02-28T16:00:00+0000,599.0,607.0,599.0,607.0,23
2022-02-28T17:00:00+0000,609.375,612.0,604.375,611.0,30
2022-02-28T18:00:00+0000,610.0,612.0,606.75,611.5,21
2022-02-28T19:00:00+0000,610.5,611.0,604.375,606.0,13
2022-03-01T01:00:00+0000,607.0,615.625,607.0,615.625,37
2022-03-01T02:00:00+0000,615.0,616.5,614.625,616.0,16
2022-03-01T03:00:00+0000,615.25,615.5,613.625,613.625,4
2022-03-01T04:00:00+0000,614.375,614.375,614.375,614.375,1
2022-03-01T06:00:00+0000,614.75,618.0,614.75,616.625,17
2022-03-01T07:00:00+0000,617.0,617.25,616.125,616.125,3
2022-03-01T08:00:00+0000,620.0,620.0,618.5,618.5,26
2022-03-01T09:00:00+0000,619.0,620.75,617.375,617.375,4
2022-03-01T10:00:00+0000,619.625,623.0,619.625,623.0,11
2022-03-01T11:00:00+0000,619.5,620.0,619.5,620.0,2
2022-03-01T12:00:00+0000,622.75,625.375,622.75,623.375,31
2022-03-01T13:00:00+0000,624.0,629.125,624.0,629.125,22
2022-03-01T14:00:00+0000,627.75,627.75,621.0,624.375,64
2022-03-01T15:00:00+0000,623.25,626.5,621.5,625.125,55
2022-03-01T16:00:00+0000,624.0,627.875,623.125,624.125,63
2022-03-01T17:00:00+0000,624.5,626.0,623.0,623.625,50
2022-03-01T18:00:00+0000,624.5,624.5,620.5,620.625,29
2022-03-01T19:00:00+0000,622.25,625.375,620.0,625.0,15
2022-03-02T01:00:00+0000,624.75,625.0,615.375,618.0,30
2022-03-02T02:00:00+0000,618.5,623.25,618.5,623.25,5
2022-03-02T03:00:00+0000,618.625,618.625,618.625,618.625,1
2022-03-02T04:00:00+0000,617.0,617.0,615.5,615.5,2
2022-03-02T07:00:00+0000,622.125,622.125,622.125,622.125,2
2022-03-02T08:00:00+0000,627.75,630.0,627.75,630.0,30
2022-03-02T09:00:00+0000,630.0,630.5,620.125,620.125,8
2022-03-02T10:00:00+0000,620.0,620.0,620.0,620.0,1
2022-03-02T11:00:00+0000,615.0,615.0,605.0,610.0,7
2022-03-02T12:00:00+0000,615.0,615.0,615.0,615.0,1
2022-03-02T13:00:00+0000,619.0,623.625,619.0,623.625,3
2022-03-02T14:00:00+0000,620.875,620.875,613.375,615.875,31
2022-03-02T15:00:00+0000,616.375,616.625,611.625,614.125,13
2022-03-02T16:00:00+0000,614.375,615.25,610.5,610.5,21
2022-03-02T17:00:00+0000,610.0,610.0,605.0,605.5,18
2022-03-02T18:00:00+0000,605.375,616.0,605.375,610.25,15
2022-03-02T19:00:00+0000,608.5,608.5,608.5,608.5,1
2022-03-03T01:00:00+0000,609.0,617.0,609.0,617.0,11
2022-03-03T02:00:00+0000,617.5,618.0,616.25,617.125,9
2022-03-03T03:00:00+0000,615.75,615.75,615.625,615.625,4
2022-03-03T05:00:00+0000,617.5,617.5,617.5,617.5,1
2022-03-03T07:00:00+0000,618.0,618.0,618.0,618.0,2
2022-03-03T10:00:00+0000,610.0,610.0,610.0,610.0,1
2022-03-03T11:00:00+0000,609.125,609.125,609.125,609.125,1
2022-03-03T12:00:00+0000,606.75,610.625,605.875,610.625,11
2022-03-03T13:00:00+0000,610.875,612.625,610.875,612.625,3
2022-03-03T14:00:00+0000,612.25,612.25,609.0,612.125,29
2022-03-03T15:00:00+0000,611.0,620.0,611.0,619.5,31
2022-03-03T16:00:00+0000,619.0,623.0,612.625,622.125,65
2022-03-03T17:00:00+0000,620.0,623.25,614.0,619.0,80
2022-03-03T18:00:00+0000,621.0,625.0,616.375,622.5,36
2022-03-03T19:00:00+0000,622.125,622.125,615.0,616.5,17
2022-03-04T01:00:00+0000,613.125,628.0,607.75,628.0,67
2022-03-04T02:00:00+0000,629.0,630.0,627.125,629.625,11
2022-03-04T03:00:00+0000,631.0,632.0,631.0,632.0,2
2022-03-04T04:00:00+0000,628.375,628.375,628.375,628.375,2
2022-03-04T06:00:00+0000,626.625,626.625,623.5,623.5,3
2022-03-04T07:00:00+0000,631.0,631.0,630.5,630.5,7
2022-03-04T08:00:00+0000,627.625,627.625,626.125,626.125,3
2022-03-04T11:00:00+0000,631.25,633.0,629.75,629.75,12
2022-03-04T12:00:00+0000,631.0,639.0,631.0,639.0,94
2022-03-04T13:00:00+0000,635.75,637.25,633.0,635.5,16
2022-03-04T14:00:00+0000,633.125,647.0,630.75,644.75,190
2022-03-04T15:00:00+0000,637.625,647.0,634.25,636.0,91
2022-03-04T16:00:00+0000,632.5,637.25,612.0,622.25,81
2022-03-04T17:00:00+0000,623.5,637.0,619.0,627.5,62
2022-03-04T18:00:00+0000,627.5,627.5,624.0,627.0,28
2022-03-04T19:00:00+0000,627.0,630.0,627.0,630.0,4
2022-03-07T01:00:00+0000,635.5,644.5,635.5,644.5,38
2022-03-07T02:00:00+0000,645.0,645.5,645.0,645.5,16
2022-03-07T03:00:00+0000,647.0,647.0,647.0,647.0,7
2022-03-07T04:00:00+0000,647.25,647.75,647.25,647.75,4
2022-03-07T05:00:00+0000,647.375,647.375,646.125,646.125,8
2022-03-07T06:00:00+0000,646.25,647.875,646.25,647.875,3
2022-03-07T07:00:00+0000,645.75,645.75,645.75,645.75,1
2022-03-07T08:00:00+0000,648.0,648.5,647.625,647.625,15
2022-03-07T09:00:00+0000,648.0,648.0,648.0,648.0,2
2022-03-07T10:00:00+0000,649.0,649.25,648.5,649.25,7
2022-03-07T11:00:00+0000,649.375,649.375,649.375,649.375,1
2022-03-07T12:00:00+0000,648.375,648.375,643.5,643.5,12
2022-03-07T13:00:00+0000,642.625,642.625,637.75,637.75,31
2022-03-07T14:00:00+0000,638.0,638.0,631.5,633.125,58
2022-03-07T15:00:00+0000,636.125,636.125,631.75,635.5,32
2022-03-07T16:00:00+0000,638.0,643.875,635.75,640.625,36
2022-03-07T17:00:00+0000,644.875,645.0,641.625,643.75,22
2022-03-07T18:00:00+0000,642.5,646.5,642.5,644.375,40
2022-03-07T19:00:00+0000,642.875,643.0,642.0,642.25,11
2022-03-08T01:00:00+0000,640.0,640.0,637.0,640.0,10
2022-03-08T02:00:00+0000,637.0,637.0,637.0,637.0,1
2022-03-08T03:00:00+0000,640.0,640.0,640.0,640.0,1
2022-03-08T04:00:00+0000,640.5,640.5,640.5,640.5,1
2022-03-08T05:00:00+0000,643.0,643.0,643.0,643.0,1
2022-03-08T06:00:00+0000,645.0,646.0,645.0,646.0,15
2022-03-08T07:00:00+0000,646.5,646.5,646.0,646.0,2
2022-03-08T08:00:00+0000,643.625,643.625,635.75,635.75,12
2022-03-08T09:00:00+0000,636.625,640.5,636.625,639.5,6
2022-03-08T11:00:00+0000,642.5,645.5,642.5,645.5,8
2022-03-08T12:00:00+0000,643.0,643.0,637.25,637.25,5
2022-03-08T13:00:00+0000,645.0,645.75,644.75,644.75,16
2022-03-08T14:00:00+0000,645.125,647.5,641.5,647.0,74
2022-03-08T15:00:00+0000,646.25,646.25,642.0,643.5,46
2022-03-08T16:00:00+0000,643.125,643.5,639.5,639.5,8
2022-03-08T17:00:00+0000,638.625,640.0,633.0,639.0,25
2022-03-08T18:00:00+0000,640.0,654.375,637.0,643.125,203
2022-03-08T19:00:00+0000,643.625,646.5,643.625,646.5,9
2022-03-09T01:00:00+0000,642.75,644.0,640.5,644.0,13
2022-03-09T02:00:00+0000,645.0,647.0,645.0,646.0,5
2022-03-09T04:00:00+0000,644.625,644.625,644.625,644.625,1
2022-03-09T05:00:00+0000,644.75,644.75,644.75,644.75,1
2022-03-09T07:00:00+0000,645.25,645.25,642.375,642.375,3
2022-03-09T08:00:00+0000,642.375,642.375,642.375,642.375,1
2022-03-09T09:00:00+0000,644.625,644.625,644.625,644.625,3
2022-03-09T10:00:00+0000,640.0,640.0,640.0,640.0,1
2022-03-09T11:00:00+0000,641.125,641.125,641.0,641.125,9
2022-03-09T12:00:00+0000,641.875,641.875,641.875,641.875,1
2022-03-09T13:00:00+0000,640.75,640.75,639.75,639.75,4
2022-03-09T14:00:00+0000,638.5,640.5,637.0,639.5,15
2022-03-09T15:00:00+0000,638.0,640.25,637.5,640.25,21
2022-03-09T16:00:00+0000,639.25,639.75,637.5,638.625,16
2022-03-09T17:00:00+0000,638.0,644.0,631.5,634.5,19
2022-03-09T18:00:00+0000,635.5,636.5,633.5,633.5,8
2022-03-09T19:00:00+0000,632.5,632.5,632.5,632.5,2
2022-03-10T01:00:00+0000,632.75,635.75,626.875,635.75,15
2022-03-10T02:00:00+0000,633.375,635.5,633.375,635.5,5
2022-03-10T03:00:00+0000,638.0,640.0,638.0,640.0,6
2022-03-10T05:00:00+0000,639.5,639.5,639.5,639.5,2
2022-03-10T08:00:00+0000,640.0,640.0,638.0,638.0,3
2022-03-10T10:00:00+0000,643.0,643.0,643.0,643.0,1
2022-03-10T11:00:00+0000,641.875,641.875,641.875,641.875,2
2022-03-10T12:00:00+0000,645.0,645.0,640.5,640.875,9
2022-03-10T14:00:00+0000,642.875,647.0,642.0,644.75,11
2022-03-10T15:00:00+0000,641.625,647.0,639.875,644.625,13
2022-03-10T16:00:00+0000,643.0,646.0,642.125,643.5,26
2022-03-10T17:00:00+0000,645.125,652.0,645.125,649.5,43
2022-03-10T18:00:00+0000,650.5,652.0,648.625,650.5,36
2022-03-10T19:00:00+0000,652.375,652.375,648.375,648.375,12
2022-03-11T01:00:00+0000,647.0,650.0,643.25,649.0,8
2022-03-11T02:00:00+0000,650.0,650.0,650.0,650.0,1
2022-03-11T06:00:00+0000,651.0,651.75,651.0,651.75,3
2022-03-11T07:00:00+0000,651.75,651.75,651.75,651.75,1
2022-03-11T10:00:00+0000,649.0,652.5,649.0,652.5,4
2022-03-11T11:00:00+0000,650.0,650.0,645.5,645.75,12
2022-03-11T12:00:00+0000,645.25,645.25,643.0,643.0,7
2022-03-11T13:00:00+0000,643.0,643.0,643.0,643.0,4
2022-03-11T14:00:00+0000,643.375,648.125,642.25,644.875,8
2022-03-11T15:00:00+0000,645.25,650.0,645.25,649.75,9
2022-03-11T16:00:00+0000,644.5,650.0,644.5,648.75,19
2022-03-11T17:00:00+0000,650.0,651.5,649.75,650.0,12
2022-03-11T18:00:00+0000,650.625,653.0,649.625,653.0,32
2022-03-11T19:00:00+0000,653.0,656.0,647.0,647.0,72
2022-03-14T00:00:00+0000,655.0,658.0,653.75,655.0,53
2022-03-14T01:00:00+0000,654.0,654.625,654.0,654.625,2
2022-03-14T02:00:00+0000,656.375,656.5,656.375,656.5,2
2022-03-14T04:00:00+0000,653.0,653.0,652.75,652.75,4
2022-03-14T07:00:00+0000,655.625,655.75,655.625,655.75,2
2022-03-14T10:00:00+0000,650.5,650.5,650.5,650.5,1
2022-03-14T12:00:00+0000,652.0,652.625,651.25,651.25,9
2022-03-14T13:00:00+0000,650.5,652.5,649.5,650.0,19
2022-03-14T14:00:00+0000,650.25,653.25,645.0,652.0,19
2022-03-14T15:00:00+0000,652.0,652.0,645.25,646.5,21
2022-03-14T16:00:00+0000,648.5,650.5,647.75,650.5,10
2022-03-14T17:00:00+0000,650.75,651.25,649.5,650.0,7
2022-03-14T18:00:00+0000,649.0,649.5,649.0,649.5,3
2022-03-15T00:00:00+0000,649.125,649.125,649.0,649.0,3
2022-03-15T01:00:00+0000,645.75,645.75,645.75,645.75,2
2022-03-15T02:00:00+0000,645.875,645.875,645.875,645.875,2
2022-03-15T05:00:00+0000,645.875,645.875,645.875,645.875,1
2022-03-15T08:00:00+0000,645.0,645.0,644.0,644.0,2
2022-03-15T09:00:00+0000,643.0,644.25,642.5,644.25,4
2022-03-15T11:00:00+0000,642.0,642.0,639.0,641.75,9
2022-03-15T13:00:00+0000,640.0,646.75,638.0,645.125,18
2022-03-15T14:00:00+0000,644.875,647.875,644.125,646.625,22
2022-03-15T15:00:00+0000,645.375,650.5,645.0,650.5,19
2022-03-15T16:00:00+0000,652.0,652.25,650.375,651.875,40
2022-03-15T17:00:00+0000,652.5,652.5,649.875,651.125,13
2022-03-15T18:00:00+0000,650.875,651.25,650.125,650.125,6
2022-03-16T00:00:00+0000,649.75,650.5,649.75,650.5,4
2022-03-16T02:00:00+0000,649.5,649.5,649.25,649.25,2
2022-03-16T04:00:00+0000,651.0,651.0,651.0,651.0,1
2022-03-16T07:00:00+0000,650.625,650.625,650.625,650.625,1
2022-03-16T11:00:00+0000,648.0,648.0,647.75,647.75,4
2022-03-16T12:00:00+0000,648.875,648.875,648.875,648.875,2
2022-03-16T13:00:00+0000,645.625,645.625,644.75,644.75,7
2022-03-16T14:00:00+0000,644.875,644.875,632.875,635.75,41
2022-03-16T15:00:00+0000,636.875,638.625,616.25,637.375,30
2022-03-16T16:00:00+0000,634.0,634.25,634.0,634.25,3
2022-03-16T17:00:00+0000,634.0,634.0,631.25,631.25,7
2022-03-16T18:00:00+0000,632.0,632.0,626.0,626.0,17
2022-03-17T00:00:00+0000,626.5,635.875,626.5,635.5,23
2022-03-17T01:00:00+0000,635.875,637.0,635.875,636.25,5
2022-03-17T02:00:00+0000,636.0,636.0,635.0,635.0,2
2022-03-17T03:00:00+0000,634.0,634.0,633.5,634.0,3
2022-03-17T05:00:00+0000,634.375,634.375,634.375,634.375,1
2022-03-17T06:00:00+0000,634.5,634.5,634.5,634.5,1
2022-03-17T08:00:00+0000,637.75,639.0,637.75,639.0,6
2022-03-17T10:00:00+0000,639.0,640.875,639.0,640.875,5
2022-03-17T11:00:00+0000,640.125,640.125,640.125,640.125,1
2022-03-17T12:00:00+0000,639.0,639.0,638.0,638.625,6
2022-03-17T13:00:00+0000,640.5,645.5,640.5,645.5,24
2022-03-17T14:00:00+0000,644.125,646.5,643.75,644.625,27
2022-03-17T15:00:00+0000,645.5,645.5,643.625,645.0,13
2022-03-17T16:00:00+0000,645.75,647.0,645.25,645.625,19
2022-03-17T17:00:00+0000,645.625,645.625,643.375,644.0,10
2022-03-17T18:00:00+0000,644.5,645.25,644.5,645.25,5
2022-03-18T00:00:00+0000,643.375,646.0,643.375,646.0,13
2022-03-18T03:00:00+0000,645.25,645.25,645.25,645.25,1
2022-03-18T07:00:00+0000,645.0,645.0,643.75,643.75,2
2022-03-18T08:00:00+0000,643.0,643.0,643.0,643.0,7
2022-03-18T12:00:00+0000,641.375,642.0,641.375,642.0,3
2022-03-18T13:00:00+0000,640.5,641.5,640.0,640.0,13
2022-03-18T14:00:00+0000,639.0,639.25,638.75,639.25,5
2022-03-18T15:00:00+0000,638.625,641.5,638.625,641.5,15
2022-03-18T16:00:00+0000,644.0,644.25,644.0,644.0,6
2022-03-18T17:00:00+0000,643.75,645.0,643.75,645.0,8
2022-03-18T18:00:00+0000,645.0,646.0,640.0,640.0,6
2022-03-21T00:00:00+0000,646.125,650.0,646.125,650.0,27
2022-03-21T01:00:00+0000,650.0,653.0,650.0,653.0,29
2022-03-21T02:00:00+0000,653.0,653.0,653.0,653.0,3
2022-03-21T05:00:00+0000,654.5,654.5,654.5,654.5,1
2022-03-21T06:00:00+0000,654.5,655.0,654.5,655.0,11
2022-03-21T07:00:00+0000,655.625,655.625,655.625,655.625,1
2022-03-21T10:00:00+0000,658.0,658.5,658.0,658.25,6
2022-03-21T11:00:00+0000,659.0,660.75,659.0,660.75,63
2022-03-21T12:00:00+0000,661.0,661.0,657.75,657.75,5
2022-03-21T13:00:00+0000,655.25,662.0,655.25,660.875,61
2022-03-21T14:00:00+0000,661.25,667.0,660.625,665.0,123
2022-03-21T15:00:00+0000,667.5,669.75,666.375,667.875,68
2022-03-21T16:00:00+0000,666.625,668.0,664.0,664.25,33
2022-03-21T17:00:00+0000,665.0,666.0,664.0,664.0,41
2022-03-21T18:00:00+0000,666.0,666.0,661.625,661.625,12
2022-03-22T00:00:00+0000,664.0,667.0,661.625,663.875,23
2022-03-22T01:00:00+0000,663.25,667.0,663.25,667.0,15
2022-03-22T02:00:00+0000,669.0,670.0,669.0,670.0,15
2022-03-22T03:00:00+0000,670.0,670.0,670.0,670.0,1
2022-03-22T06:00:00+0000,669.5,669.5,669.5,669.5,2
2022-03-22T08:00:00+0000,667.0,667.0,664.125,664.125,4
2022-03-22T10:00:00+0000,668.125,669.75,668.125,669.0,5
2022-03-22T11:00:00+0000,670.0,670.75,670.0,670.25,30
2022-03-22T12:00:00+0000,667.875,667.875,666.625,666.625,3
2022-03-22T13:00:00+0000,665.0,667.5,663.25,667.5,27
2022-03-22T14:00:00+0000,666.375,669.5,666.375,668.0,16
2022-03-22T15:00:00+0000,667.0,667.0,664.5,666.25,40
2022-03-22T16:00:00+0000,666.25,668.0,665.25,668.0,16
2022-03-22T17:00:00+0000,667.875,669.125,667.875,668.125,20
2022-03-22T18:00:00+0000,667.25,670.0,667.25,669.0,19
2022-03-23T02:00:00+0000,666.0,666.0,665.75,665.75,2
2022-03-23T03:00:00+0000,668.0,668.0,668.0,668.0,1
2022-03-23T06:00:00+0000,667.75,667.75,667.75,667.75,1
2022-03-23T07:00:00+0000,669.0,669.0,669.0,669.0,4
2022-03-23T08:00:00+0000,669.25,672.0,669.25,672.0,20
2022-03-23T09:00:00+0000,671.75,673.0,671.75,673.0,14
2022-03-23T12:00:00+0000,673.5,674.75,672.5,674.625,18
2022-03-23T13:00:00+0000,674.25,680.0,674.25,679.25,157
2022-03-23T14:00:00+0000,680.125,680.125,675.75,677.125,69
2022-03-23T15:00:00+0000,678.125,678.125,672.75,672.75,22
2022-03-23T16:00:00+0000,674.5,675.5,672.75,673.375,25
2022-03-23T17:00:00+0000,674.0,674.0,670.75,670.75,23
2022-03-23T18:00:00+0000,670.625,671.875,670.0,670.0,17
2022-03-24T00:00:00+0000,672.0,675.5,672.0,675.5,14
2022-03-24T01:00:00+0000,675.0,675.0,675.0,675.0,1
2022-03-24T02:00:00+0000,673.0,673.0,673.0,673.0,3
2022-03-24T03:00:00+0000,669.75,669.75,668.5,668.5,11
2022-03-24T06:00:00+0000,667.5,667.5,667.0,667.0,10
2022-03-24T07:00:00+0000,669.625,669.625,669.625,669.625,3
2022-03-24T08:00:00+0000,670.0,671.375,670.0,671.375,3
2022-03-24T11:00:00+0000,670.0,670.0,669.0,670.0,3
2022-03-24T12:00:00+0000,671.0,672.5,671.0,672.5,5
2022-03-24T13:00:00+0000,669.5,669.5,658.0,665.5,44
2022-03-24T14:00:00+0000,665.5,666.625,665.0,666.625,19
2022-03-24T15:00:00+0000,666.625,668.625,666.125,666.125,9
2022-03-24T16:00:00+0000,665.875,666.0,665.875,666.0,6
2022-03-24T17:00:00+0000,665.875,667.125,665.875,667.0,6
2022-03-24T18:00:00+0000,668.375,668.375,667.5,667.5,3
2022-03-25T00:00:00+0000,664.5,667.625,664.5,667.25,11
2022-03-25T02:00:00+0000,667.125,667.125,665.5,665.5,3
2022-03-25T04:00:00+0000,665.625,666.125,665.625,666.125,2
2022-03-25T05:00:00+0000,665.25,665.25,665.25,665.25,1
2022-03-25T06:00:00+0000,663.625,663.625,663.625,663.625,1
2022-03-25T08:00:00+0000,662.0,662.0,662.0,662.0,1
2022-03-25T12:00:00+0000,666.0,667.25,666.0,667.25,2
2022-03-25T13:00:00+0000,670.0,671.0,666.5,667.875,16
2022-03-25T14:00:00+0000,667.0,667.0,663.375,663.625,13
2022-03-25T15:00:00+0000,664.375,667.0,664.375,667.0,8
2022-03-25T16:00:00+0000,668.75,669.0,667.75,668.375,6
2022-03-25T17:00:00+0000,669.0,669.125,666.625,668.0,10
2022-03-25T18:00:00+0000,666.75,668.875,666.75,668.5,10
2022-03-28T00:00:00+0000,667.5,667.5,662.75,662.75,5
2022-03-28T01:00:00+0000,661.0,662.125,661.0,662.125,12
2022-03-28T07:00:00+0000,662.0,662.0,662.0,662.0,2
2022-03-28T09:00:00+0000,661.875,661.875,661.875,661.875,3
2022-03-28T10:00:00+0000,662.625,662.625,662.625,662.625,2
2022-03-28T12:00:00+0000,661.5,661.625,661.375,661.625,7
2022-03-28T13:00:00+0000,660.0,660.0,657.75,658.0,18
2022-03-28T14:00:00+0000,658.125,660.0,658.125,659.5,12
2022-03-28T15:00:00+0000,660.375,662.25,660.375,662.25,10
2022-03-28T16:00:00+0000,660.75,662.0,660.75,661.375,6
2022-03-28T17:00:00+0000,661.75,661.75,661.75,661.75,1
2022-03-28T18:00:00+0000,661.25,663.5,661.25,663.5,13
2022-03-29T00:00:00+0000,660.25,664.0,660.25,663.0,5
2022-03-29T02:00:00+0000,661.125,661.125,661.0,661.0,6
2022-03-29T03:00:00+0000,663.5,663.5,662.125,662.125,2
2022-03-29T08:00:00+0000,663.0,663.0,663.0,663.0,2
2022-03-29T09:00:00+0000,661.375,661.375,661.375,661.375,1
2022-03-29T11:00:00+0000,661.25,661.25,658.0,658.0,21
2022-03-29T12:00:00+0000,657.25,657.25,647.25,647.25,35
2022-03-29T13:00:00+0000,648.0,648.25,629.5,637.0,76
2022-03-29T14:00:00+0000,640.75,650.0,640.75,650.0,23
2022-03-29T15:00:00+0000,647.25,652.25,647.25,650.0,26
2022-03-29T16:00:00+0000,648.25,651.0,648.25,649.75,8
2022-03-29T17:00:00+0000,649.75,652.125,649.75,652.125,4
2022-03-29T18:00:00+0000,652.875,655.125,652.0,655.125,9
2022-03-30T00:00:00+0000,651.625,656.0,651.625,654.25,12
2022-03-30T01:00:00+0000,654.25,656.375,652.75,656.375,10
2022-03-30T04:00:00+0000,655.875,655.875,655.875,655.875,2
2022-03-30T05:00:00+0000,656.25,657.5,656.25,657.5,3
2022-03-30T06:00:00+0000,656.75,657.0,655.5,657.0,3
2022-03-30T08:00:00+0000,656.5,656.5,656.5,656.5,1
2022-03-30T09:00:00+0000,658.0,658.0,658.0,658.0,2
2022-03-30T10:00:00+0000,657.75,658.0,657.75,658.0,4
2022-03-30T11:00:00+0000,658.0,658.5,658.0,658.5,3
2022-03-30T12:00:00+0000,659.0,662.5,659.0,662.5,17
2022-03-30T13:00:00+0000,660.0,665.5,660.0,665.5,91
2022-03-30T14:00:00+0000,663.5,665.0,662.625,664.0,29
2022-03-30T15:00:00+0000,664.75,664.75,661.625,662.125,13
2022-03-30T16:00:00+0000,662.875,663.5,659.75,659.75,15
2022-03-30T17:00:00+0000,659.0,659.0,655.0,655.0,8
2022-03-30T18:00:00+0000,655.25,656.625,655.25,656.625,12
2022-03-31T00:00:00+0000,654.0,654.5,653.375,654.0,45
2022-03-31T01:00:00+0000,656.0,656.0,656.0,656.0,1
2022-03-31T07:00:00+0000,658.375,658.375,658.375,658.375,1
2022-03-31T09:00:00+0000,658.5,659.125,658.5,659.125,4
2022-03-31T11:00:00+0000,659.5,659.5,659.5,659.5,4
2022-03-31T12:00:00+0000,659.0,660.0,659.0,660.0,5
2022-03-31T13:00:00+0000,660.25,663.0,660.25,662.875,7
2022-03-31T14:00:00+0000,661.5,662.75,658.625,658.75,34
2022-03-31T15:00:00+0000,658.875,660.25,657.625,657.875,20
2022-03-31T16:00:00+0000,665.0,691.0,665.0,683.0,417
2022-03-31T17:00:00+0000,680.25,683.25,677.75,682.0,54
2022-03-31T18:00:00+0000,683.0,686.0,680.625,681.0,56
2022-04-01T00:00:00+0000,682.0,685.0,677.0,684.75,75
2022-04-01T01:00:00+0000,683.375,683.75,681.5,683.75,11
2022-04-01T02:00:00+0000,684.5,684.5,684.0,684.0,5
2022-04-01T03:00:00+0000,682.375,682.375,682.125,682.125,3
2022-04-01T04:00:00+0000,683.0,683.0,682.0,682.0,7
2022-04-01T05:00:00+0000,681.0,681.0,679.75,679.75,5
2022-04-01T07:00:00+0000,679.0,679.0,678.875,678.875,2
2022-04-01T08:00:00+0000,685.0,685.0,683.5,683.5,3
2022-04-01T09:00:00+0000,686.5,686.75,686.125,686.125,12
2022-04-01T10:00:00+0000,687.125,687.125,687.125,687.125,1
2022-04-01T11:00:00+0000,687.0,687.5,685.125,686.0,9
2022-04-01T12:00:00+0000,685.5,686.25,684.5,686.0,20
2022-04-01T13:00:00+0000,686.0,690.5,685.0,685.5,55
2022-04-01T14:00:00+0000,683.625,691.625,683.125,688.125,118
2022-04-01T15:00:00+0000,688.0,693.5,687.625,689.5,84
2022-04-01T16:00:00+0000,689.875,691.0,688.375,688.375,38
2022-04-01T17:00:00+0000,689.875,691.875,689.0,689.0,27
2022-04-01T18:00:00+0000,688.5,690.0,683.75,690.0,17
2022-04-04T00:00:00+0000,688.0,695.0,688.0,694.25,64
2022-04-04T01:00:00+0000,694.0,694.0,692.875,692.875,4
2022-04-04T02:00:00+0000,694.375,694.375,694.375,694.375,1
2022-04-04T04:00:00+0000,694.75,694.75,693.5,693.5,2
2022-04-04T05:00:00+0000,695.0,695.25,695.0,695.25,48
2022-04-04T07:00:00+0000,694.875,695.25,694.875,695.25,3
2022-04-04T08:00:00+0000,695.125,697.0,695.125,697.0,8
2022-04-04T09:00:00+0000,696.375,696.375,696.375,696.375,1
2022-04-04T10:00:00+0000,696.125,696.125,694.125,694.125,6
2022-04-04T11:00:00+0000,695.0,696.125,694.75,695.25,6
2022-04-04T12:00:00+0000,696.125,697.0,695.875,697.0,9
2022-04-04T13:00:00+0000,698.0,698.5,695.0,695.0,44
2022-04-04T14:00:00+0000,695.375,699.0,694.75,698.0,38
2022-04-04T15:00:00+0000,698.5,700.0,696.0,698.0,84
2022-04-04T16:00:00+0000,697.375,698.25,696.625,696.875,29
2022-04-04T17:00:00+0000,697.125,699.0,697.125,698.25,26
2022-04-04T18:00:00+0000,698.125,699.375,698.125,698.5,17
2022-04-05T00:00:00+0000,698.125,703.0,698.125,702.625,71
2022-04-05T01:00:00+0000,703.5,704.25,703.5,703.5,6
2022-04-05T02:00:00+0000,702.75,702.75,702.75,702.75,5
2022-04-05T05:00:00+0000,702.125,702.125,702.125,702.125,1
2022-04-05T06:00:00+0000,702.0,702.0,701.75,701.75,2
2022-04-05T07:00:00+0000,702.5,702.5,702.5,702.5,1
2022-04-05T08:00:00+0000,703.0,703.25,703.0,703.25,3
2022-04-05T09:00:00+0000,704.0,704.0,704.0,704.0,1
2022-04-05T10:00:00+0000,705.0,705.0,705.0,705.0,21
2022-04-05T11:00:00+0000,704.25,706.5,704.25,705.0,8
2022-04-05T12:00:00+0000,707.0,708.0,706.75,708.0,10
2022-04-05T13:00:00+0000,708.0,710.5,707.125,708.875,89
2022-04-05T14:00:00+0000,708.375,710.0,705.375,707.0,35
2022-04-05T15:00:00+0000,707.0,708.5,706.0,707.75,66
2022-04-05T16:00:00+0000,707.5,711.25,707.25,711.25,61
2022-04-05T17:00:00+0000,710.375,712.75,710.125,710.375,57
2022-04-05T18:00:00+0000,709.5,709.5,706.625,706.875,15
2022-04-06T00:00:00+0000,703.5,705.375,703.5,705.375,26
2022-04-06T02:00:00+0000,706.0,707.0,706.0,707.0,7
2022-04-06T03:00:00+0000,708.0,708.0,708.0,708.0,3
2022-04-06T04:00:00+0000,707.25,707.5,707.25,707.5,3
2022-04-06T06:00:00+0000,707.125,707.125,705.0,705.0,3
2022-04-06T08:00:00+0000,704.25,704.375,704.25,704.375,4
2022-04-06T09:00:00+0000,707.0,707.0,707.0,707.0,1
2022-04-06T11:00:00+0000,703.875,703.875,699.375,699.375,8
2022-04-06T12:00:00+0000,701.5,703.875,701.5,703.875,8
2022-04-06T13:00:00+0000,704.0,707.0,703.5,706.25,6
2022-04-06T14:00:00+0000,709.0,710.0,703.375,704.25,29
2022-04-06T15:00:00+0000,704.25,704.375,702.0,703.0,11
2022-04-06T16:00:00+0000,703.375,706.5,702.125,706.5,31
2022-04-06T17:00:00+0000,706.25,706.25,702.375,702.5,49
2022-04-06T18:00:00+0000,702.375,704.5,700.125,700.125,26
2022-04-07T00:00:00+0000,701.5,701.5,701.0,701.5,5
2022-04-07T01:00:00+0000,701.875,703.0,701.75,703.0,3
2022-04-07T02:00:00+0000,703.0,703.0,701.625,701.625,3
2022-04-07T04:00:00+0000,702.125,702.125,702.0,702.0,2
2022-04-07T05:00:00+0000,702.0,702.0,701.75,701.75,2
2022-04-07T07:00:00+0000,703.0,703.0,703.0,703.0,1
2022-04-07T08:00:00+0000,702.0,702.0,702.0,702.0,1
2022-04-07T11:00:00+0000,704.0,704.0,704.0,704.0,2
2022-04-07T12:00:00+0000,703.875,704.625,703.25,703.375,8
2022-04-07T13:00:00+0000,703.5,705.0,703.5,704.0,13
2022-04-07T14:00:00+0000,702.5,702.5,701.75,702.5,10
2022-04-07T15:00:00+0000,706.0,706.5,704.0,706.5,26
2022-04-07T16:00:00+0000,705.75,707.5,705.75,707.25,17
2022-04-07T17:00:00+0000,708.0,709.25,707.5,708.625,29
2022-04-07T18:00:00+0000,709.875,709.875,707.875,707.875,20
2022-04-08T00:00:00+0000,707.25,709.625,707.125,709.25,17
2022-04-08T01:00:00+0000,709.75,709.75,709.75,709.75,2
2022-04-08T02:00:00+0000,709.0,709.0,709.0,709.0,1
2022-04-08T03:00:00+0000,708.125,708.125,708.125,708.125,1
2022-04-08T06:00:00+0000,710.0,710.0,710.0,710.0,2
2022-04-08T10:00:00+0000,706.5,706.5,705.5,705.5,2
2022-04-08T11:00:00+0000,710.0,710.75,710.0,710.75,5
2022-04-08T12:00:00+0000,710.0,711.0,709.125,710.0,10
2022-04-08T13:00:00+0000,710.5,713.0,710.5,713.0,33
2022-04-08T14:00:00+0000,713.0,713.125,711.125,712.0,33
2022-04-08T15:00:00+0000,712.0,714.125,710.875,710.875,54
2022-04-08T16:00:00+0000,708.125,718.0,706.0,714.25,91
2022-04-08T17:00:00+0000,715.0,716.0,712.375,713.0,32
2022-04-08T18:00:00+0000,713.25,716.25,711.25,713.125,18
2022-04-11T00:00:00+0000,714.875,718.0,714.875,716.125,29
2022-04-11T01:00:00+0000,717.75,719.0,717.75,719.0,3
2022-04-11T02:00:00+0000,718.5,720.0,718.0,720.0,11
2022-04-11T05:00:00+0000,719.125,719.125,719.0,719.0,2
2022-04-11T07:00:00+0000,720.0,720.0,720.0,720.0,28
2022-04-11T08:00:00+0000,721.0,721.0,721.0,721.0,6
2022-04-11T09:00:00+0000,722.0,722.0,722.0,722.0,8
2022-04-11T10:00:00+0000,722.0,722.0,722.0,722.0,2
2022-04-11T11:00:00+0000,722.375,722.375,722.375,722.375,1
2022-04-11T12:00:00+0000,720.375,723.0,719.875,723.0,10
2022-04-11T13:00:00+0000,722.875,723.0,718.375,719.375,24
2022-04-11T14:00:00+0000,720.0,723.375,719.875,720.125,25
2022-04-11T15:00:00+0000,720.125,721.0,718.125,720.0,15
2022-04-11T16:00:00+0000,718.0,719.0,715.0,715.0,21
2022-04-11T17:00:00+0000,714.5,714.75,714.375,714.375,9
2022-04-11T18:00:00+0000,716.375,716.375,716.375,716.375,2
2022-04-12T00:00:00+0000,717.0,720.0,717.0,720.0,18
2022-04-12T01:00:00+0000,722.0,723.0,721.625,723.0,13
2022-04-12T02:00:00+0000,723.625,724.0,723.5,723.5,13
2022-04-12T03:00:00+0000,723.5,723.5,723.25,723.25,2
2022-04-12T04:00:00+0000,724.0,724.875,724.0,724.875,5
2022-04-12T09:00:00+0000,724.125,725.0,724.125,725.0,65
2022-04-12T10:00:00+0000,725.5,728.875,725.5,728.875,21
2022-04-12T11:00:00+0000,726.75,728.375,726.75,728.0,12
2022-04-12T12:00:00+0000,727.375,727.375,726.0,726.0,7
2022-04-12T13:00:00+0000,726.0,732.375,726.0,728.875,115
2022-04-12T14:00:00+0000,728.0,729.125,726.625,728.375,30
2022-04-12T15:00:00+0000,729.0,731.125,728.875,730.0,50
2022-04-12T16:00:00+0000,730.875,731.0,729.625,730.375,36
2022-04-12T17:00:00+0000,730.5,730.5,729.625,730.0,7
2022-04-12T18:00:00+0000,730.25,731.0,730.25,731.0,20
2022-04-13T00:00:00+0000,730.0,730.875,728.5,730.5,18
2022-04-13T01:00:00+0000,730.375,730.375,729.625,729.625,2
2022-04-13T02:00:00+0000,730.5,731.0,730.5,731.0,12
2022-04-13T03:00:00+0000,730.0,730.0,730.0,730.0,3
2022-04-13T04:00:00+0000,730.375,730.375,729.5,729.5,2
2022-04-13T07:00:00+0000,730.25,730.25,730.25,730.25,1
2022-04-13T09:00:00+0000,732.0,733.0,732.0,733.0,9
2022-04-13T10:00:00+0000,733.0,733.0,733.0,733.0,1
2022-04-13T12:00:00+0000,732.5,732.5,729.5,729.5,11
2022-04-13T13:00:00+0000,731.0,731.0,724.25,724.25,35
2022-04-13T14:00:00+0000,726.375,728.625,726.375,728.625,11
2022-04-13T15:00:00+0000,730.0,734.5,730.0,732.625,28
2022-04-13T16:00:00+0000,733.5,733.875,731.625,733.875,40
2022-04-13T17:00:00+0000,735.0,737.25,734.375,737.125,91
2022-04-13T18:00:00+0000,736.25,736.25,733.5,733.5,21
2022-04-14T00:00:00+0000,734.875,736.625,732.625,736.625,24
2022-04-14T01:00:00+0000,736.0,736.0,736.0,736.0,1
2022-04-14T02:00:00+0000,736.75,737.0,736.75,737.0,4
2022-04-14T03:00:00+0000,737.75,738.625,737.625,738.25,18
2022-04-14T05:00:00+0000,737.25,737.25,737.0,737.0,2
2022-04-14T08:00:00+0000,736.75,737.25,736.75,737.25,7
2022-04-14T10:00:00+0000,738.625,738.75,738.625,738.75,2
2022-04-14T11:00:00+0000,738.5,738.5,738.0,738.5,5
2022-04-14T12:00:00+0000,739.0,739.0,739.0,739.0,3
2022-04-14T13:00:00+0000,736.0,736.0,733.875,735.125,23
2022-04-14T14:00:00+0000,735.375,738.625,735.125,738.5,31
2022-04-14T15:00:00+0000,737.625,737.875,731.125,732.375,43
2022-04-14T16:00:00+0000,733.125,735.875,733.125,735.875,16
2022-04-14T17:00:00+0000,735.125,737.625,734.625,737.0,21
2022-04-14T18:00:00+0000,736.375,736.375,735.0,735.75,11
2022-04-18T00:00:00+0000,735.0,740.5,735.0,740.25,95
2022-04-18T01:00:00+0000,740.25,741.0,740.25,741.0,3
2022-04-18T02:00:00+0000,741.0,741.5,741.0,741.5,6
2022-04-18T03:00:00+0000,742.0,742.0,741.875,742.0,9
2022-04-18T04:00:00+0000,742.0,742.0,742.0,742.0,2
2022-04-18T05:00:00+0000,741.0,741.0,741.0,741.0,2
2022-04-18T06:00:00+0000,742.875,742.875,742.875,742.875,1
2022-04-18T07:00:00+0000,743.0,743.0,743.0,743.0,4
2022-04-18T08:00:00+0000,743.625,743.625,743.625,743.625,1
2022-04-18T09:00:00+0000,743.75,744.0,743.75,744.0,7
2022-04-18T11:00:00+0000,742.5,744.0,742.5,743.5,6
2022-04-18T12:00:00+0000,744.75,744.75,743.375,743.375,6
2022-04-18T13:00:00+0000,743.625,749.5,743.625,747.375,138
2022-04-18T14:00:00+0000,748.5,749.375,744.125,745.25,58
2022-04-18T15:00:00+0000,746.375,749.75,745.875,749.75,38
2022-04-18T16:00:00+0000,749.75,749.875,748.0,748.0,69
2022-04-18T17:00:00+0000,748.25,748.25,747.0,747.25,46
2022-04-18T18:00:00+0000,748.375,749.0,746.25,746.25,21
2022-04-19T00:00:00+0000,748.0,751.0,748.0,751.0,80
2022-04-19T01:00:00+0000,752.0,753.0,752.0,753.0,12
2022-04-19T02:00:00+0000,753.5,754.0,753.0,754.0,9
2022-04-19T03:00:00+0000,753.375,753.375,753.125,753.125,3
2022-04-19T05:00:00+0000,754.0,754.5,754.0,754.5,4
2022-04-19T07:00:00+0000,753.5,753.625,752.0,752.0,7
2022-04-19T08:00:00+0000,753.0,753.0,750.0,750.0,5
2022-04-19T09:00:00+0000,748.5,749.25,747.25,748.875,10
2022-04-19T10:00:00+0000,750.625,751.125,750.625,751.0,3
2022-04-19T11:00:00+0000,750.875,752.0,750.875,752.0,5
2022-04-19T12:00:00+0000,752.5,752.5,747.375,748.0,13
2022-04-19T13:00:00+0000,745.125,746.875,742.25,745.25,32
2022-04-19T14:00:00+0000,744.75,746.0,744.75,746.0,20
2022-04-19T15:00:00+0000,746.0,749.25,745.0,748.0,20
2022-04-19T16:00:00+0000,748.0,748.5,745.75,747.0,19
2022-04-19T17:00:00+0000,746.375,747.5,745.5,745.5,18
2022-04-19T18:00:00+0000,745.75,746.0,745.75,746.0,4
2022-04-20T00:00:00+0000,745.0,749.25,745.0,749.0,49
2022-04-20T01:00:00+0000,748.125,748.125,748.125,748.125,1
2022-04-20T02:00:00+0000,748.5,750.875,748.5,750.375,17
2022-04-20T03:00:00+0000,747.625,747.625,747.625,747.625,2
2022-04-20T06:00:00+0000,747.625,748.375,747.5,748.375,5
2022-04-20T07:00:00+0000,747.5,747.5,746.0,747.25,3
2022-04-20T08:00:00+0000,745.0,745.0,743.75,743.75,5
2022-04-20T09:00:00+0000,743.875,743.875,738.5,739.0,32
2022-04-20T10:00:00+0000,740.75,741.5,740.25,740.25,6
2022-04-20T11:00:00+0000,739.5,745.0,739.5,743.0,40
2022-04-20T12:00:00+0000,746.5,747.0,745.0,747.0,11
2022-04-20T13:00:00+0000,744.75,746.5,737.75,737.75,40
2022-04-20T14:00:00+0000,737.5,743.0,736.25,743.0,81
2022-04-20T15:00:00+0000,741.375,744.625,741.375,743.875,18
2022-04-20T16:00:00+0000,744.125,747.5,744.125,747.0,13
2022-04-20T17:00:00+0000,746.375,747.625,746.375,746.5,36
2022-04-20T18:00:00+0000,746.125,748.25,746.125,746.125,18
2022-04-21T00:00:00+0000,747.0,748.25,744.25,746.25,24
2022-04-21T02:00:00+0000,746.0,746.0,746.0,746.0,1
2022-04-21T03:00:00+0000,745.5,745.5,745.5,745.5,1
2022-04-21T07:00:00+0000,744.0,744.0,744.0,744.0,1
2022-04-21T08:00:00+0000,744.5,744.5,744.5,744.5,1
2022-04-21T09:00:00+0000,744.375,744.375,744.375,744.375,2
2022-04-21T11:00:00+0000,743.875,743.875,743.375,743.375,3
2022-04-21T12:00:00+0000,741.0,741.0,740.875,740.875,4
2022-04-21T13:00:00+0000,740.0,740.0,736.75,739.375,56
2022-04-21T14:00:00+0000,740.0,742.5,739.75,742.5,52
2022-04-21T15:00:00+0000,741.0,741.0,738.375,738.375,46
2022-04-21T16:00:00+0000,738.375,739.0,735.875,736.625,17
2022-04-21T17:00:00+0000,737.125,738.375,736.875,738.375,33
2022-04-21T18:00:00+0000,738.375,739.0,738.125,738.125,27
2022-04-22T00:00:00+0000,737.125,738.25,737.125,737.125,19
2022-04-22T01:00:00+0000,734.25,734.25,731.25,731.25,18
2022-04-22T02:00:00+0000,731.625,731.625,729.0,729.125,41
2022-04-22T03:00:00+0000,728.0,728.75,727.25,728.5,7
2022-04-22T06:00:00+0000,733.0,733.75,733.0,733.75,2
2022-04-22T07:00:00+0000,735.0,735.0,734.0,734.0,3
2022-04-22T08:00:00+0000,734.125,734.125,729.625,729.625,9
2022-04-22T09:00:00+0000,732.125,732.125,732.0,732.0,10
2022-04-22T10:00:00+0000,731.375,736.875,731.375,736.875,8
2022-04-22T11:00:00+0000,737.125,743.0,737.125,742.125,24
2022-04-22T12:00:00+0000,739.5,742.0,739.5,742.0,5
2022-04-22T13:00:00+0000,742.0,742.0,730.5,730.5,17
2022-04-22T14:00:00+0000,730.0,730.0,723.125,728.375,68
2022-04-22T15:00:00+0000,726.0,727.375,725.375,725.875,29
2022-04-22T16:00:00+0000,725.125,728.625,724.875,728.625,11
2022-04-22T17:00:00+0000,728.0,728.0,725.625,727.375,34
2022-04-22T18:00:00+0000,728.0,728.0,724.375,725.0,18
2022-04-25T00:00:00+0000,725.625,730.0,720.75,722.25,19
2022-04-25T01:00:00+0000,724.125,724.5,723.0,723.0,8
2022-04-25T02:00:00+0000,721.875,721.875,720.0,720.75,5
2022-04-25T05:00:00+0000,718.0,718.0,717.5,717.5,4
2022-04-25T06:00:00+0000,717.5,717.5,715.0,715.0,13
2022-04-25T07:00:00+0000,715.25,715.5,715.25,715.5,4
2022-04-25T08:00:00+0000,715.625,716.375,715.25,715.25,8
2022-04-25T10:00:00+0000,720.0,722.625,720.0,722.625,2
2022-04-25T11:00:00+0000,720.125,720.125,720.125,720.125,1
2022-04-25T13:00:00+0000,715.5,726.0,715.5,726.0,34
2022-04-25T14:00:00+0000,726.5,726.5,719.625,720.375,18
2022-04-25T15:00:00+0000,722.625,723.625,720.375,722.625,7
2022-04-25T16:00:00+0000,723.625,730.875,722.625,730.875,42
2022-04-25T17:00:00+0000,729.125,731.25,727.375,731.25,18
2022-04-25T18:00:00+0000,732.5,733.375,732.5,733.375,4
2022-04-26T00:00:00+0000,734.0,738.0,734.0,738.0,28
2022-04-26T01:00:00+0000,737.375,738.125,737.25,737.25,6
2022-04-26T02:00:00+0000,737.625,737.625,737.625,737.625,4
2022-04-26T03:00:00+0000,738.25,738.25,737.5,737.875,10
2022-04-26T04:00:00+0000,738.875,738.875,737.5,737.5,3
2022-04-26T05:00:00+0000,738.5,738.5,738.5,738.5,2
2022-04-26T06:00:00+0000,738.625,740.0,738.625,739.0,9
2022-04-26T08:00:00+0000,737.875,738.0,737.875,738.0,2
2022-04-26T09:00:00+0000,738.625,738.625,738.625,738.625,1
2022-04-26T11:00:00+0000,739.5,741.5,739.5,741.5,8
2022-04-26T12:00:00+0000,741.25,743.0,741.25,742.125,11
2022-04-26T13:00:00+0000,743.5,745.375,740.375,740.375,36
2022-04-26T14:00:00+0000,740.0,740.25,734.875,737.625,75
2022-04-26T15:00:00+0000,737.625,743.625,737.625,740.125,18
2022-04-26T16:00:00+0000,739.875,742.75,739.375,742.75,23
2022-04-26T17:00:00+0000,742.875,743.5,741.75,743.5,21
2022-04-26T18:00:00+0000,743.0,744.5,742.25,744.5,12
2022-04-27T00:00:00+0000,738.5,740.625,737.75,740.25,13
2022-04-27T01:00:00+0000,739.5,739.5,739.5,739.5,1
2022-04-27T05:00:00+0000,739.875,739.875,739.875,739.875,1
2022-04-27T09:00:00+0000,743.0,744.0,743.0,744.0,13
2022-04-27T11:00:00+0000,743.625,743.625,743.625,743.625,1
2022-04-27T12:00:00+0000,742.875,742.875,742.5,742.5,2
2022-04-27T13:00:00+0000,742.0,748.25,742.0,748.125,38
2022-04-27T14:00:00+0000,749.0,753.375,747.625,747.625,90
2022-04-27T15:00:00+0000,747.625,750.0,746.125,750.0,44
2022-04-27T16:00:00+0000,750.375,750.875,749.125,749.375,26
2022-04-27T17:00:00+0000,748.625,750.0,748.625,748.875,28
2022-04-27T18:00:00+0000,748.75,751.625,747.0,749.0,28
2022-04-28T00:00:00+0000,749.5,752.0,749.5,751.375,46
2022-04-28T01:00:00+0000,751.375,753.875,751.375,753.875,11
2022-04-28T02:00:00+0000,754.0,754.0,754.0,754.0,12
2022-04-28T04:00:00+0000,752.25,752.25,752.25,752.25,1
2022-04-28T05:00:00+0000,750.625,750.625,750.625,750.625,4
2022-04-28T07:00:00+0000,751.0,751.0,751.0,751.0,5
2022-04-28T09:00:00+0000,752.25,752.25,752.25,752.25,1
2022-04-28T10:00:00+0000,754.0,754.0,753.75,753.75,8
2022-04-28T11:00:00+0000,754.0,754.0,753.0,753.0,5
2022-04-28T12:00:00+0000,751.75,752.0,751.5,752.0,8
2022-04-28T13:00:00+0000,752.75,752.875,747.0,752.875,51
2022-04-28T14:00:00+0000,751.375,753.25,748.875,753.0,39
2022-04-28T15:00:00+0000,751.5,752.75,750.5,752.25,16
2022-04-28T16:00:00+0000,752.25,755.0,752.25,754.0,85
2022-04-28T17:00:00+0000,754.25,754.25,751.5,751.75,16
2022-04-28T18:00:00+0000,751.0,752.5,751.0,752.0,13
2022-04-29T00:00:00+0000,750.0,751.0,748.125,750.0,9
2022-04-29T01:00:00+0000,750.0,750.0,750.0,750.0,2
2022-04-29T02:00:00+0000,749.0,749.0,749.0,749.0,1
2022-04-29T03:00:00+0000,750.0,750.0,750.0,750.0,1
2022-04-29T04:00:00+0000,752.0,752.0,752.0,752.0,4
2022-04-29T05:00:00+0000,752.0,753.0,752.0,753.0,6
2022-04-29T06:00:00+0000,754.125,754.125,754.125,754.125,2
2022-04-29T07:00:00+0000,753.625,755.0,753.625,753.875,13
2022-04-29T08:00:00+0000,754.125,754.125,753.875,754.0,9
2022-04-29T09:00:00+0000,755.0,755.875,755.0,755.25,10
2022-04-29T10:00:00+0000,753.875,753.875,751.5,751.5,20
2022-04-29T11:00:00+0000,751.5,751.5,750.875,750.875,3
2022-04-29T12:00:00+0000,750.125,750.125,748.0,748.0,11
2022-04-29T13:00:00+0000,750.75,753.75,750.75,751.125,20
2022-04-29T14:00:00+0000,751.375,756.375,751.125,756.125,39
2022-04-29T15:00:00+0000,756.125,756.875,754.5,756.0,56
2022-04-29T16:00:00+0000,755.375,756.625,755.375,756.625,22
2022-04-29T17:00:00+0000,755.875,755.875,753.75,753.75,23
2022-04-29T18:00:00+0000,754.375,754.625,750.0,750.5,29
2022-05-02T00:00:00+0000,741.375,744.875,739.375,743.625,105
2022-05-02T01:00:00+0000,742.5,742.5,741.0,741.0,12
2022-05-02T02:00:00+0000,740.5,740.5,739.5,739.5,21
2022-05-02T03:00:00+0000,739.5,742.125,739.5,741.5,7
2022-05-02T06:00:00+0000,742.0,742.0,742.0,742.0,1
2022-05-02T07:00:00+0000,741.75,742.0,741.75,741.75,3
2022-05-02T09:00:00+0000,743.875,743.875,743.875,743.875,1
2022-05-02T10:00:00+0000,741.875,741.875,741.25,741.5,4
2022-05-02T11:00:00+0000,741.0,741.125,740.125,740.125,8
2022-05-02T12:00:00+0000,744.25,744.25,743.5,744.125,4
2022-05-02T13:00:00+0000,742.0,742.0,731.0,741.0,98
2022-05-02T14:00:00+0000,741.0,741.875,736.625,737.125,22
2022-05-02T15:00:00+0000,736.375,739.0,735.0,738.0,26
2022-05-02T16:00:00+0000,737.375,737.375,733.0,734.625,13
2022-05-02T17:00:00+0000,732.625,740.0,732.625,740.0,59
2022-05-02T18:00:00+0000,739.375,742.75,739.125,742.75,14
2022-05-03T00:00:00+0000,743.625,748.5,743.625,744.125,26
2022-05-03T01:00:00+0000,745.0,746.25,744.25,746.25,10
2022-05-03T02:00:00+0000,745.25,745.25,745.25,745.25,1
2022-05-03T03:00:00+0000,744.25,744.25,743.75,743.75,7
2022-05-03T04:00:00+0000,743.625,743.625,743.625,743.625,4
2022-05-03T05:00:00+0000,744.75,744.75,744.75,744.75,2
2022-05-03T07:00:00+0000,744.75,744.75,744.75,744.75,10
2022-05-03T08:00:00+0000,743.375,743.375,741.0,741.0,9
2022-05-03T10:00:00+0000,746.5,746.5,744.125,744.375,9
2022-05-03T11:00:00+0000,745.25,745.25,745.25,745.25,8
2022-05-03T12:00:00+0000,745.0,747.0,745.0,746.125,10
2022-05-03T13:00:00+0000,744.125,748.625,744.125,748.625,21
2022-05-03T14:00:00+0000,748.5,748.5,740.0,740.0,25
2022-05-03T15:00:00+0000,740.625,741.0,734.25,734.25,53
2022-05-03T16:00:00+0000,733.0,736.875,731.75,736.875,27
2022-05-03T17:00:00+0000,737.0,737.0,731.75,732.875,19
2022-05-03T18:00:00+0000,733.25,735.125,733.125,734.5,16
2022-05-04T00:00:00+0000,734.75,737.5,734.75,736.0,8
2022-05-04T01:00:00+0000,735.5,735.5,734.25,734.625,3
2022-05-04T02:00:00+0000,735.0,735.0,735.0,735.0,1
2022-05-04T08:00:00+0000,736.375,736.375,736.375,736.375,1
2022-05-04T09:00:00+0000,736.75,736.75,736.75,736.75,1
2022-05-04T11:00:00+0000,738.0,743.0,738.0,742.625,21
2022-05-04T12:00:00+0000,742.5,743.125,741.5,741.875,21
2022-05-04T13:00:00+0000,736.375,736.375,729.125,729.125,39
2022-05-04T14:00:00+0000,729.375,733.875,729.0,733.875,20
2022-05-04T15:00:00+0000,732.5,734.5,732.0,733.0,11
2022-05-04T16:00:00+0000,733.875,733.875,731.375,731.375,9
2022-05-04T17:00:00+0000,731.0,731.25,731.0,731.25,2
2022-05-04T18:00:00+0000,732.375,736.125,732.375,735.875,20
2022-05-05T00:00:00+0000,736.0,737.5,736.0,737.5,13
2022-05-05T01:00:00+0000,738.125,738.125,738.125,738.125,2
2022-05-05T02:00:00+0000,738.875,740.875,738.875,740.875,3
2022-05-05T04:00:00+0000,740.0,740.0,740.0,740.0,2
2022-05-05T07:00:00+0000,737.75,739.0,737.75,739.0,9
2022-05-05T08:00:00+0000,739.25,739.25,737.5,737.5,4
2022-05-05T09:00:00+0000,739.0,739.0,739.0,739.0,2
2022-05-05T10:00:00+0000,739.5,740.875,739.0,739.0,4
2022-05-05T11:00:00+0000,738.25,739.75,738.25,739.75,2
2022-05-05T12:00:00+0000,739.375,739.75,739.375,739.75,5
2022-05-05T13:00:00+0000,739.125,739.125,735.875,736.0,18
2022-05-05T14:00:00+0000,734.5,735.375,733.625,734.5,15
2022-05-05T15:00:00+0000,732.0,735.125,731.875,734.875,36
2022-05-05T16:00:00+0000,733.0,733.625,732.625,733.375,14
2022-05-05T17:00:00+0000,734.375,735.125,734.375,735.125,16
2022-05-05T18:00:00+0000,735.75,738.375,735.375,736.125,17
2022-05-06T00:00:00+0000,736.0,736.0,733.375,733.375,18
2022-05-06T01:00:00+0000,733.125,733.125,729.625,729.625,5
2022-05-06T03:00:00+0000,729.375,729.375,729.0,729.0,5
2022-05-06T05:00:00+0000,729.25,729.25,729.25,729.25,5
2022-05-06T06:00:00+0000,729.0,729.0,728.25,728.25,2
2022-05-06T07:00:00+0000,727.75,727.75,726.0,726.0,13
2022-05-06T08:00:00+0000,728.375,728.375,728.0,728.0,4
2022-05-06T09:00:00+0000,728.25,728.25,728.25,728.25,3
2022-05-06T11:00:00+0000,726.75,727.125,726.75,727.125,4
2022-05-06T12:00:00+0000,727.5,730.125,727.5,730.125,2
2022-05-06T13:00:00+0000,728.0,728.0,716.5,722.0,97
2022-05-06T14:00:00+0000,722.0,724.375,721.125,722.125,37
2022-05-06T15:00:00+0000,724.375,726.125,723.125,724.0,14
2022-05-06T16:00:00+0000,723.375,723.375,720.0,720.0,11
2022-05-06T17:00:00+0000,719.75,719.75,714.875,716.875,29
2022-05-06T18:00:00+0000,716.5,723.625,716.375,721.625,34
2022-05-09T00:00:00+0000,719.625,719.625,713.0,714.5,35
2022-05-09T01:00:00+0000,714.0,714.0,710.75,711.625,9
2022-05-09T02:00:00+0000,713.125,713.125,711.125,711.5,4
2022-05-09T03:00:00+0000,711.0,711.0,711.0,711.0,1
2022-05-09T04:00:00+0000,712.0,712.0,712.0,712.0,2
2022-05-09T05:00:00+0000,713.5,713.625,713.5,713.625,2
2022-05-09T06:00:00+0000,710.75,710.75,710.0,710.0,14
2022-05-09T07:00:00+0000,710.25,710.25,710.25,710.25,2
2022-05-09T08:00:00+0000,710.25,710.25,707.25,708.5,12
2022-05-09T09:00:00+0000,707.5,708.125,707.5,708.125,2
2022-05-09T10:00:00+0000,708.5,710.0,708.375,709.625,14
2022-05-09T11:00:00+0000,709.75,709.75,709.25,709.75,3
2022-05-09T12:00:00+0000,709.0,713.0,709.0,711.75,4
2022-05-09T13:00:00+0000,710.5,714.875,709.125,713.5,32
2022-05-09T14:00:00+0000,712.625,712.625,704.375,706.375,40
2022-05-09T15:00:00+0000,704.625,706.625,703.625,706.25,41
2022-05-09T16:00:00+0000,710.0,713.75,708.625,708.625,33
2022-05-09T17:00:00+0000,709.5,710.25,706.375,710.25,48
2022-05-09T18:00:00+0000,709.5,711.0,707.375,711.0,3
2022-05-10T00:00:00+0000,710.5,711.0,708.625,708.625,26
2022-05-10T01:00:00+0000,709.375,710.75,709.375,710.75,11
2022-05-10T02:00:00+0000,713.0,714.125,713.0,714.125,4
2022-05-10T03:00:00+0000,714.5,714.5,714.5,714.5,1
2022-05-10T04:00:00+0000,714.0,714.875,714.0,714.875,5
2022-05-10T05:00:00+0000,714.0,715.0,714.0,715.0,2
2022-05-10T06:00:00+0000,714.5,714.5,714.5,714.5,1
2022-05-10T07:00:00+0000,715.125,715.5,715.125,715.5,2
2022-05-10T09:00:00+0000,715.0,715.125,715.0,715.125,3
2022-05-10T10:00:00+0000,710.375,711.0,710.375,711.0,2
2022-05-10T11:00:00+0000,713.0,714.5,713.0,714.375,8
2022-05-10T12:00:00+0000,711.5,711.5,711.125,711.125,2
2022-05-10T13:00:00+0000,710.875,712.125,710.0,710.0,12
2022-05-10T14:00:00+0000,709.0,715.375,709.0,711.875,14
2022-05-10T15:00:00+0000,711.375,713.125,711.375,712.25,11
2022-05-10T16:00:00+0000,713.75,716.25,713.75,716.25,20
2022-05-10T17:00:00+0000,715.875,718.25,715.875,718.125,12
2022-05-10T18:00:00+0000,718.875,718.875,718.875,718.875,1
2022-05-11T00:00:00+0000,720.625,721.75,720.625,721.75,9
2022-05-11T01:00:00+0000,722.5,723.875,722.5,723.875,13
2022-05-11T02:00:00+0000,723.5,724.0,723.375,724.0,6
2022-05-11T04:00:00+0000,723.0,723.75,723.0,723.75,3
2022-05-11T05:00:00+0000,723.75,723.75,723.75,723.75,1
2022-05-11T06:00:00+0000,722.75,722.75,722.75,722.75,2
2022-05-11T07:00:00+0000,721.5,721.5,720.625,720.625,3
2022-05-11T09:00:00+0000,724.125,724.25,724.125,724.25,4
2022-05-11T11:00:00+0000,725.0,725.75,724.625,724.625,8
2022-05-11T12:00:00+0000,724.0,724.875,724.0,724.0,3
2022-05-11T13:00:00+0000,724.125,732.375,724.0,729.625,48
2022-05-11T14:00:00+0000,729.75,733.625,728.75,729.625,21
2022-05-11T15:00:00+0000,730.125,731.125,729.75,730.0,23
2022-05-11T16:00:00+0000,731.625,732.5,731.0,731.625,12
2022-05-11T17:00:00+0000,730.375,732.0,730.375,732.0,11
2022-05-11T18:00:00+0000,732.5,736.125,732.5,735.5,24
2022-05-12T00:00:00+0000,734.625,741.125,734.625,740.75,32
2022-05-12T02:00:00+0000,740.625,741.5,740.625,741.5,2
2022-05-12T03:00:00+0000,737.0,737.0,737.0,737.0,2
2022-05-12T05:00:00+0000,737.0,737.0,737.0,737.0,1
2022-05-12T07:00:00+0000,738.375,738.375,738.25,738.25,10
2022-05-12T09:00:00+0000,734.5,734.875,734.5,734.875,4
2022-05-12T11:00:00+0000,739.0,740.125,739.0,740.125,13
2022-05-12T12:00:00+0000,738.5,738.5,737.125,737.125,4
2022-05-12T13:00:00+0000,737.25,738.625,736.125,736.625,37
2022-05-12T14:00:00+0000,737.0,740.0,736.875,740.0,17
2022-05-12T15:00:00+0000,740.0,742.0,739.25,741.625,38
2022-05-12T16:00:00+0000,742.0,755.0,741.875,750.0,244
2022-05-12T17:00:00+0000,746.125,753.125,746.0,753.0,25
2022-05-12T18:00:00+0000,753.125,754.0,751.125,752.0,18
2022-05-13T00:00:00+0000,748.25,757.375,748.25,756.125,59
2022-05-13T01:00:00+0000,757.5,757.625,756.25,756.25,21
2022-05-13T02:00:00+0000,755.875,756.875,754.5,755.5,10
2022-05-13T03:00:00+0000,755.5,756.75,755.5,756.75,6
2022-05-13T04:00:00+0000,756.875,757.75,756.875,757.75,5
2022-05-13T05:00:00+0000,757.625,758.0,757.625,758.0,8
2022-05-13T06:00:00+0000,757.0,757.125,757.0,757.125,3
2022-05-13T07:00:00+0000,756.0,756.0,756.0,756.0,1
2022-05-13T09:00:00+0000,756.0,756.0,756.0,756.0,5
2022-05-13T12:00:00+0000,755.375,755.375,753.875,754.25,7
2022-05-13T13:00:00+0000,753.375,755.0,749.625,752.125,39
2022-05-13T14:00:00+0000,752.125,752.125,746.125,748.375,33
2022-05-13T15:00:00+0000,748.75,748.75,747.375,748.75,16
2022-05-13T16:00:00+0000,748.125,749.125,745.125,745.375,14
2022-05-13T17:00:00+0000,747.875,749.5,747.875,749.5,10
2022-05-13T18:00:00+0000,749.625,749.625,747.0,747.0,20
2022-05-16T00:00:00+0000,755.125,765.5,755.125,760.0,197
2022-05-16T01:00:00+0000,759.75,762.0,759.75,760.375,7
2022-05-16T02:00:00+0000,760.0,760.375,760.0,760.125,4
2022-05-16T03:00:00+0000,758.25,758.375,758.125,758.375,3
2022-05-16T05:00:00+0000,760.25,761.25,760.25,761.25,3
2022-05-16T07:00:00+0000,763.0,763.0,763.0,763.0,2
2022-05-16T08:00:00+0000,761.625,761.625,761.625,761.625,2
2022-05-16T10:00:00+0000,760.5,760.5,760.5,760.5,1
2022-05-16T11:00:00+0000,761.625,763.0,760.5,760.5,9
2022-05-16T12:00:00+0000,759.25,759.75,757.375,759.0,18
2022-05-16T13:00:00+0000,760.125,766.25,758.5,760.0,64
2022-05-16T14:00:00+0000,760.625,764.875,760.0,760.625,26
2022-05-16T15:00:00+0000,760.0,762.375,760.0,760.625,33
2022-05-16T16:00:00+0000,761.375,761.625,760.625,761.0,35
2022-05-16T17:00:00+0000,762.125,764.0,762.125,764.0,20
2022-05-16T18:00:00+0000,763.0,765.125,759.375,759.375,32
2022-05-17T00:00:00+0000,761.5,765.625,761.5,762.5,37
2022-05-17T02:00:00+0000,762.5,762.5,762.5,762.5,1
2022-05-17T04:00:00+0000,759.375,759.375,759.0,759.0,9
2022-05-17T07:00:00+0000,761.375,761.375,761.375,761.375,1
2022-05-17T08:00:00+0000,758.25,759.0,755.125,759.0,9
2022-05-17T09:00:00+0000,759.75,761.375,758.0,758.0,6
2022-05-17T10:00:00+0000,758.25,758.875,757.5,758.875,6
2022-05-17T11:00:00+0000,758.75,758.75,758.0,758.75,3
2022-05-17T12:00:00+0000,759.75,764.875,759.75,764.875,13
2022-05-17T13:00:00+0000,764.0,764.625,762.5,764.125,16
2022-05-17T14:00:00+0000,760.75,763.125,760.125,763.125,35
2022-05-17T15:00:00+0000,761.625,763.625,760.125,760.125,34
2022-05-17T16:00:00+0000,759.625,760.0,759.375,759.875,7
2022-05-17T17:00:00+0000,761.125,762.5,761.0,761.0,16
2022-05-17T18:00:00+0000,760.75,761.875,760.0,761.875,8
2022-05-18T00:00:00+0000,759.125,761.0,755.5,755.5,31
2022-05-18T01:00:00+0000,756.5,756.5,753.5,753.5,22
2022-05-18T02:00:00+0000,755.0,755.0,753.375,753.375,4
2022-05-18T04:00:00+0000,753.25,753.25,753.25,753.25,1
2022-05-18T05:00:00+0000,754.875,755.0,754.875,755.0,5
2022-05-18T08:00:00+0000,756.0,756.0,755.0,755.0,2
2022-05-18T10:00:00+0000,756.0,756.0,754.0,754.0,2
2022-05-18T11:00:00+0000,754.25,756.5,754.25,755.5,5
2022-05-18T12:00:00+0000,757.0,758.25,757.0,757.375,5
2022-05-18T13:00:00+0000,754.0,754.0,747.0,747.0,41
2022-05-18T14:00:00+0000,747.0,747.0,740.375,740.375,71
2022-05-18T15:00:00+0000,741.625,743.25,739.375,741.5,53
2022-05-18T16:00:00+0000,739.0,741.875,737.875,738.375,27
2022-05-18T17:00:00+0000,737.625,741.125,736.375,737.375,15
2022-05-18T18:00:00+0000,738.0,740.25,738.0,740.25,19
2022-05-19T00:00:00+0000,739.0,742.5,738.5,742.5,13
2022-05-19T01:00:00+0000,743.125,743.125,740.75,740.75,4
2022-05-19T02:00:00+0000,742.375,742.375,742.375,742.375,1
2022-05-19T03:00:00+0000,741.125,741.125,741.125,741.125,3
2022-05-19T04:00:00+0000,740.75,740.75,740.125,740.125,2
2022-05-19T05:00:00+0000,739.375,739.375,739.375,739.375,1
2022-05-19T07:00:00+0000,738.0,738.0,734.125,734.125,17
2022-05-19T08:00:00+0000,733.875,733.875,733.875,733.875,1
2022-05-19T09:00:00+0000,734.125,734.125,731.125,731.125,9
2022-05-19T10:00:00+0000,729.625,730.25,726.875,729.5,17
2022-05-19T11:00:00+0000,730.625,732.0,730.375,730.375,8
2022-05-19T12:00:00+0000,730.375,730.5,728.75,728.75,15
2022-05-19T13:00:00+0000,730.0,739.5,730.0,737.0,41
2022-05-19T14:00:00+0000,740.0,740.5,739.125,740.0,23
2022-05-19T15:00:00+0000,741.125,741.5,736.75,738.0,18
2022-05-19T16:00:00+0000,736.0,736.5,734.0,735.0,13
2022-05-19T17:00:00+0000,736.0,737.0,735.0,736.0,16
2022-05-19T18:00:00+0000,737.5,737.5,736.375,736.375,6
2022-05-20T00:00:00+0000,731.0,734.875,730.25,730.25,5
2022-05-20T01:00:00+0000,732.375,732.375,732.375,732.375,1
2022-05-20T02:00:00+0000,730.75,730.75,729.25,729.75,8
2022-05-20T03:00:00+0000,729.625,729.625,729.625,729.625,1
2022-05-20T04:00:00+0000,731.0,731.0,731.0,731.0,1
2022-05-20T05:00:00+0000,731.125,731.125,731.125,731.125,2
2022-05-20T07:00:00+0000,734.5,734.5,733.375,734.0,3
2022-05-20T08:00:00+0000,732.5,733.75,732.5,733.75,3
2022-05-20T10:00:00+0000,730.375,730.5,729.5,729.5,5
2022-05-20T11:00:00+0000,729.0,729.25,729.0,729.25,6
2022-05-20T12:00:00+0000,729.25,729.25,727.375,727.375,6
2022-05-20T13:00:00+0000,728.375,730.875,728.375,729.0,15
2022-05-20T14:00:00+0000,728.875,731.5,728.375,731.5,18
2022-05-20T15:00:00+0000,731.0,732.375,731.0,731.125,9
2022-05-20T16:00:00+0000,730.875,730.875,730.375,730.375,10
2022-05-20T17:00:00+0000,731.125,733.125,731.125,733.125,23
2022-05-20T18:00:00+0000,733.375,733.375,727.625,727.625,18
2022-05-23T00:00:00+0000,736.5,737.0,733.875,736.625,19
2022-05-23T01:00:00+0000,738.625,739.375,738.0,739.375,6
2022-05-23T02:00:00+0000,738.0,738.0,737.0,737.0,4
2022-05-23T03:00:00+0000,737.0,737.0,737.0,737.0,2
2022-05-23T04:00:00+0000,737.75,738.5,737.75,738.5,3
2022-05-23T05:00:00+0000,738.625,738.625,738.625,738.625,1
2022-05-23T07:00:00+0000,735.75,735.75,735.75,735.75,1
2022-05-23T09:00:00+0000,736.375,736.375,736.375,736.375,1
2022-05-23T12:00:00+0000,735.5,737.0,735.5,736.0,7
2022-05-23T13:00:00+0000,734.75,735.75,728.875,729.625,28
2022-05-23T14:00:00+0000,730.875,737.0,730.875,737.0,30
2022-05-23T15:00:00+0000,736.875,740.0,735.25,738.5,22
2022-05-23T16:00:00+0000,738.5,738.875,737.625,738.625,30
2022-05-23T17:00:00+0000,737.625,739.125,737.125,737.125,9
2022-05-23T18:00:00+0000,738.375,739.5,737.875,739.5,13
2022-05-24T00:00:00+0000,735.625,736.125,733.75,735.25,29
2022-05-24T02:00:00+0000,734.25,734.25,734.25,734.25,8
2022-05-24T05:00:00+0000,733.375,733.375,732.125,732.125,3
2022-05-24T06:00:00+0000,732.0,732.25,732.0,732.25,3
2022-05-24T07:00:00+0000,731.0,731.0,731.0,731.0,1
2022-05-24T08:00:00+0000,733.875,736.375,733.875,735.375,5
2022-05-24T12:00:00+0000,733.75,735.25,733.75,735.0,5
2022-05-24T13:00:00+0000,730.125,731.5,729.375,731.375,11
2022-05-24T14:00:00+0000,730.625,730.625,726.375,728.125,46
2022-05-24T15:00:00+0000,728.625,728.625,721.375,722.375,64
2022-05-24T16:00:00+0000,721.375,723.25,714.375,723.25,66
2022-05-24T17:00:00+0000,720.0,723.25,720.0,723.25,9
2022-05-24T18:00:00+0000,722.875,725.375,722.125,722.125,13
2022-05-25T00:00:00+0000,725.0,725.0,719.0,719.75,10
2022-05-25T01:00:00+0000,718.5,718.5,718.5,718.5,2
2022-05-25T02:00:00+0000,720.0,720.0,718.625,720.0,3
2022-05-25T03:00:00+0000,719.25,719.5,719.25,719.5,2
2022-05-25T05:00:00+0000,719.5,719.5,719.5,719.5,1
2022-05-25T07:00:00+0000,719.875,719.875,712.875,712.875,14
2022-05-25T08:00:00+0000,714.0,714.0,713.0,713.5,6
2022-05-25T09:00:00+0000,715.5,717.0,714.5,717.0,4
2022-05-25T10:00:00+0000,714.0,714.0,714.0,714.0,1
2022-05-25T11:00:00+0000,713.375,713.375,713.25,713.25,3
2022-05-25T12:00:00+0000,712.5,712.5,709.0,711.5,34
2022-05-25T13:00:00+0000,710.0,711.5,706.875,711.25,50
2022-05-25T14:00:00+0000,711.375,716.25,711.375,716.25,29
2022-05-25T15:00:00+0000,716.5,718.5,714.875,716.5,19
2022-05-25T16:00:00+0000,716.625,717.0,715.125,717.0,12
2022-05-25T17:00:00+0000,719.0,721.0,718.125,721.0,14
2022-05-25T18:00:00+0000,722.0,724.375,721.125,721.625,25
2022-05-26T00:00:00+0000,716.625,716.625,709.5,712.5,18
2022-05-26T01:00:00+0000,711.5,712.0,710.5,710.5,7
2022-05-26T02:00:00+0000,713.25,713.25,713.25,713.25,1
2022-05-26T03:00:00+0000,714.0,714.0,714.0,714.0,2
2022-05-26T04:00:00+0000,714.5,714.5,714.5,714.5,1
2022-05-26T06:00:00+0000,713.5,713.5,713.5,713.5,1
2022-05-26T11:00:00+0000,715.25,715.375,715.25,715.375,3
2022-05-26T12:00:00+0000,714.125,714.125,714.125,714.125,1
2022-05-26T13:00:00+0000,715.625,719.375,713.0,719.375,9
2022-05-26T14:00:00+0000,717.75,722.125,716.0,716.0,38
2022-05-26T15:00:00+0000,718.125,726.75,718.125,726.0,46
2022-05-26T16:00:00+0000,724.125,724.375,720.75,720.75,9
2022-05-26T17:00:00+0000,721.0,721.0,719.0,719.0,6
2022-05-26T18:00:00+0000,719.5,719.5,716.75,716.75,6
2022-05-27T00:00:00+0000,716.25,719.0,716.125,719.0,8
2022-05-27T04:00:00+0000,719.75,719.75,719.75,719.75,1
2022-05-27T06:00:00+0000,720.0,720.0,720.0,720.0,1
2022-05-27T07:00:00+0000,720.875,720.875,720.875,720.875,1
2022-05-27T09:00:00+0000,723.375,723.375,723.375,723.375,1
2022-05-27T11:00:00+0000,719.25,722.25,717.75,722.25,6
2022-05-27T12:00:00+0000,721.625,723.5,721.625,723.5,5
2022-05-27T13:00:00+0000,725.5,730.75,725.5,727.25,30
2022-05-27T14:00:00+0000,729.875,731.0,728.375,728.375,23
2022-05-27T15:00:00+0000,729.0,732.75,729.0,730.0,47
2022-05-27T16:00:00+0000,731.625,731.625,729.625,729.625,7
2022-05-27T17:00:00+0000,730.0,730.625,728.5,730.375,18
2022-05-27T18:00:00+0000,731.125,731.125,728.375,728.875,8
2022-05-31T00:00:00+0000,729.125,729.125,724.125,724.125,24
2022-05-31T01:00:00+0000,722.125,723.25,721.625,723.25,8
2022-05-31T02:00:00+0000,724.0,724.0,722.75,723.5,9
2022-05-31T04:00:00+0000,723.125,723.125,723.0,723.0,3
2022-05-31T06:00:00+0000,725.0,725.0,725.0,725.0,2
2022-05-31T07:00:00+0000,724.875,724.875,724.875,724.875,1
2022-05-31T08:00:00+0000,727.0,727.0,726.0,726.625,7
2022-05-31T10:00:00+0000,727.875,727.875,725.25,725.25,2
2022-05-31T11:00:00+0000,725.125,725.125,724.0,725.125,11
2022-05-31T12:00:00+0000,725.875,726.375,725.5,725.625,26
2022-05-31T13:00:00+0000,725.125,727.5,717.0,719.625,53
2022-05-31T14:00:00+0000,716.625,722.625,716.125,720.25,35
2022-05-31T15:00:00+0000,716.375,716.375,709.125,711.625,65
2022-05-31T16:00:00+0000,712.75,713.125,708.625,713.125,39
2022-05-31T17:00:00+0000,711.0,711.5,707.5,708.25,19
2022-05-31T18:00:00+0000,707.375,711.25,707.125,711.25,12
2022-06-01T00:00:00+0000,711.25,711.25,708.375,710.0,16
2022-06-01T01:00:00+0000,708.125,708.625,707.75,708.625,4
2022-06-01T05:00:00+0000,706.5,706.5,705.0,705.25,12
2022-06-01T06:00:00+0000,708.75,708.75,708.75,708.75,2
2022-06-01T10:00:00+0000,710.25,710.375,710.25,710.375,2
2022-06-01T11:00:00+0000,710.5,710.5,710.5,710.5,1
2022-06-01T12:00:00+0000,711.625,714.0,711.625,713.75,7
2022-06-01T13:00:00+0000,714.0,715.5,709.25,710.0,32
2022-06-01T14:00:00+0000,708.625,708.625,693.0,694.125,118
2022-06-01T15:00:00+0000,694.625,694.625,682.0,684.0,95
2022-06-01T16:00:00+0000,684.75,692.375,684.125,692.0,48
2022-06-01T17:00:00+0000,691.625,693.0,690.125,690.125,6
2022-06-01T18:00:00+0000,689.875,693.0,689.875,691.5,19
2022-06-02T00:00:00+0000,691.5,691.5,688.125,688.125,12
2022-06-02T01:00:00+0000,688.125,688.125,688.125,688.125,4
2022-06-02T02:00:00+0000,688.375,688.375,688.375,688.375,2
2022-06-02T03:00:00+0000,689.375,690.375,689.375,690.375,2
2022-06-02T04:00:00+0000,689.75,689.75,689.75,689.75,1
2022-06-02T05:00:00+0000,689.0,689.0,689.0,689.0,1
2022-06-02T08:00:00+0000,690.375,691.125,690.375,691.125,3
2022-06-02T09:00:00+0000,693.375,693.375,693.375,693.375,3
2022-06-02T10:00:00+0000,694.5,694.5,693.5,693.5,6
2022-06-02T11:00:00+0000,693.25,695.375,693.25,695.375,3
2022-06-02T12:00:00+0000,691.0,696.0,691.0,695.5,10
2022-06-02T13:00:00+0000,695.5,699.375,691.125,692.5,41
2022-06-02T14:00:00+0000,692.25,695.625,691.25,691.375,44
2022-06-02T15:00:00+0000,691.875,698.5,691.875,695.125,39
2022-06-02T16:00:00+0000,693.875,695.125,692.625,693.625,24
2022-06-02T17:00:00+0000,696.625,697.625,693.875,693.875,13
2022-06-02T18:00:00+0000,694.75,694.75,692.875,693.375,11
2022-06-03T00:00:00+0000,691.5,691.5,691.5,691.5,3
2022-06-03T01:00:00+0000,692.875,693.0,692.875,693.0,2
2022-06-03T02:00:00+0000,692.625,692.625,692.625,692.625,1
2022-06-03T03:00:00+0000,693.375,693.5,693.375,693.5,2
2022-06-03T05:00:00+0000,692.125,692.125,692.125,692.125,1
2022-06-03T06:00:00+0000,692.125,692.125,692.125,692.125,1
2022-06-03T07:00:00+0000,691.875,691.875,691.875,691.875,1
2022-06-03T10:00:00+0000,694.875,695.125,694.125,694.125,15
2022-06-03T11:00:00+0000,693.125,693.125,693.125,693.125,2
2022-06-03T12:00:00+0000,695.0,695.0,692.0,692.0,3
2022-06-03T13:00:00+0000,686.125,697.5,686.125,697.5,69
2022-06-03T14:00:00+0000,696.75,696.75,693.125,696.375,17
2022-06-03T15:00:00+0000,693.625,694.875,693.375,694.875,11
2022-06-03T16:00:00+0000,693.375,696.125,693.375,694.5,14
2022-06-03T17:00:00+0000,693.375,694.625,693.0,693.0,16
2022-06-03T18:00:00+0000,693.375,693.375,688.375,689.0,16
2022-06-06T00:00:00+0000,695.0,703.625,695.0,702.125,37
2022-06-06T01:00:00+0000,702.0,703.75,701.75,701.75,5
2022-06-06T02:00:00+0000,701.5,701.5,701.5,701.5,2
2022-06-06T03:00:00+0000,701.375,701.5,701.375,701.5,3
2022-06-06T05:00:00+0000,700.75,700.75,700.75,700.75,1
2022-06-06T06:00:00+0000,700.875,700.875,700.875,700.875,1
2022-06-06T07:00:00+0000,701.75,701.75,701.75,701.75,1
2022-06-06T08:00:00+0000,703.0,704.375,703.0,704.375,2
2022-06-06T10:00:00+0000,704.0,704.0,704.0,704.0,2
2022-06-06T11:00:00+0000,702.0,702.0,696.5,702.0,88
2022-06-06T12:00:00+0000,701.875,701.875,699.25,699.25,8
2022-06-06T13:00:00+0000,701.0,701.0,696.0,697.875,24
2022-06-06T14:00:00+0000,700.0,702.0,699.0,702.0,19
2022-06-06T15:00:00+0000,701.0,704.375,700.875,703.875,24
2022-06-06T16:00:00+0000,701.75,702.625,701.125,701.5,9
2022-06-06T17:00:00+0000,701.375,703.875,701.375,703.75,29
2022-06-06T18:00:00+0000,702.125,702.125,700.875,701.125,6
2022-06-07T00:00:00+0000,699.5,699.5,699.5,699.5,1
2022-06-07T01:00:00+0000,699.75,699.75,698.25,698.625,4
2022-06-07T02:00:00+0000,699.75,699.75,699.125,699.125,2
2022-06-07T07:00:00+0000,697.125,697.125,697.0,697.0,6
2022-06-07T08:00:00+0000,697.875,697.875,697.875,697.875,1
2022-06-07T11:00:00+0000,702.0,705.5,702.0,705.5,5
2022-06-07T12:00:00+0000,705.875,709.375,705.875,708.0,11
2022-06-07T13:00:00+0000,709.125,712.5,704.875,712.0,34
2022-06-07T14:00:00+0000,710.5,711.0,707.5,709.625,24
2022-06-07T15:00:00+0000,710.25,714.875,710.25,714.875,21
2022-06-07T16:00:00+0000,714.375,719.875,714.375,716.5,36
2022-06-07T17:00:00+0000,715.5,717.625,713.625,713.625,30
2022-06-07T18:00:00+0000,714.375,714.5,712.375,712.375,16
2022-06-08T00:00:00+0000,710.75,718.0,710.75,716.75,24
2022-06-08T01:00:00+0000,717.875,719.25,717.875,719.25,6
2022-06-08T02:00:00+0000,719.875,719.875,719.0,719.0,2
2022-06-08T06:00:00+0000,719.0,719.0,718.625,718.625,6
2022-06-08T07:00:00+0000,717.625,717.625,717.625,717.625,1
2022-06-08T08:00:00+0000,719.75,719.75,719.75,719.75,1
2022-06-08T09:00:00+0000,716.0,718.5,716.0,718.5,3
2022-06-08T10:00:00+0000,720.0,720.0,720.0,720.0,3
2022-06-08T11:00:00+0000,722.125,722.5,722.125,722.5,5
2022-06-08T12:00:00+0000,720.625,720.625,720.25,720.25,3
2022-06-08T13:00:00+0000,720.125,724.0,718.875,721.5,33
2022-06-08T14:00:00+0000,720.0,720.0,716.375,718.0,30
2022-06-08T15:00:00+0000,719.125,719.625,715.375,715.5,31
2022-06-08T16:00:00+0000,716.375,716.625,713.625,714.125,28
2022-06-08T17:00:00+0000,715.0,716.375,714.125,716.375,10
2022-06-08T18:00:00+0000,717.375,718.0,714.75,714.75,27
2022-06-09T00:00:00+0000,718.0,718.0,715.0,715.0,3
2022-06-09T04:00:00+0000,714.375,714.375,714.375,714.375,1
2022-06-09T06:00:00+0000,714.375,714.625,714.375,714.625,2
2022-06-09T07:00:00+0000,716.0,716.0,716.0,716.0,1
2022-06-09T08:00:00+0000,714.0,715.25,714.0,715.25,2
2022-06-09T09:00:00+0000,713.875,713.875,712.5,712.5,2
2022-06-09T10:00:00+0000,711.5,711.5,710.5,711.0,6
2022-06-09T11:00:00+0000,710.0,712.5,710.0,712.0,3
2022-06-09T12:00:00+0000,714.25,714.25,712.5,712.5,8
2022-06-09T13:00:00+0000,710.375,715.625,710.375,714.875,15
2022-06-09T14:00:00+0000,714.875,720.625,713.375,720.625,24
2022-06-09T15:00:00+0000,722.0,725.0,721.625,723.5,56
2022-06-09T16:00:00+0000,722.625,722.625,718.5,719.125,17
2022-06-09T17:00:00+0000,719.375,721.125,719.375,720.0,16
2022-06-09T18:00:00+0000,720.625,720.625,716.5,716.625,18
2022-06-10T00:00:00+0000,715.875,719.375,715.875,719.375,6
2022-06-10T01:00:00+0000,716.125,716.125,716.125,716.125,1
2022-06-10T05:00:00+0000,716.75,716.75,716.375,716.375,2
2022-06-10T10:00:00+0000,713.125,713.125,713.125,713.125,1
2022-06-10T11:00:00+0000,714.0,714.0,714.0,714.0,3
2022-06-10T12:00:00+0000,716.0,716.0,716.0,716.0,1
2022-06-10T13:00:00+0000,716.0,716.0,711.625,712.25,18
2022-06-10T14:00:00+0000,712.625,713.75,711.875,712.5,18
2022-06-10T15:00:00+0000,714.125,715.875,714.125,715.375,35
2022-06-10T16:00:00+0000,718.0,720.125,711.5,716.5,25
2022-06-10T17:00:00+0000,716.5,720.375,716.5,718.5,12
2022-06-10T18:00:00+0000,718.375,721.125,717.125,721.0,9
2022-06-13T00:00:00+0000,726.0,729.0,725.0,726.5,46
2022-06-13T01:00:00+0000,726.5,727.375,725.625,725.625,6
2022-06-13T02:00:00+0000,726.25,726.25,726.25,726.25,1
2022-06-13T04:00:00+0000,723.375,723.375,723.375,723.375,1
2022-06-13T05:00:00+0000,723.0,723.75,722.625,723.75,3
2022-06-13T06:00:00+0000,723.25,724.0,723.25,724.0,2
2022-06-13T07:00:00+0000,722.125,722.75,721.5,722.75,3
2022-06-13T08:00:00+0000,722.875,722.875,722.875,722.875,2
2022-06-13T09:00:00+0000,723.0,723.125,719.125,719.125,9
2022-06-13T10:00:00+0000,722.125,722.125,721.5,721.5,2
2022-06-13T11:00:00+0000,721.375,726.125,721.375,724.375,10
2022-06-13T12:00:00+0000,724.625,727.0,722.0,726.375,10
2022-06-13T13:00:00+0000,726.25,726.25,718.375,718.375,31
2022-06-13T14:00:00+0000,719.0,721.875,707.375,709.625,104
2022-06-13T15:00:00+0000,708.5,720.75,708.0,719.75,56
2022-06-13T16:00:00+0000,718.375,723.5,718.375,722.625,8
2022-06-13T17:00:00+0000,721.625,721.625,719.0,719.0,7
2022-06-13T18:00:00+0000,720.0,720.0,718.0,718.0,6
2022-06-14T00:00:00+0000,720.0,720.375,717.125,720.375,9
2022-06-14T01:00:00+0000,719.75,722.0,719.75,722.0,3
2022-06-14T02:00:00+0000,721.875,721.875,721.875,721.875,1
2022-06-14T03:00:00+0000,721.875,721.875,720.875,720.875,3
2022-06-14T06:00:00+0000,719.0,719.0,718.0,718.125,5
2022-06-14T07:00:00+0000,718.125,718.125,718.125,718.125,1
2022-06-14T09:00:00+0000,715.0,715.0,712.5,714.0,9
2022-06-14T10:00:00+0000,716.0,716.0,716.0,716.0,1
2022-06-14T11:00:00+0000,718.25,718.5,718.25,718.375,3
2022-06-14T13:00:00+0000,717.875,723.875,717.875,721.125,34
2022-06-14T14:00:00+0000,720.0,721.375,718.375,720.375,16
2022-06-14T15:00:00+0000,721.625,723.0,720.125,720.75,22
2022-06-14T16:00:00+0000,719.5,720.375,717.375,720.375,37
2022-06-14T17:00:00+0000,721.875,722.375,720.875,721.25,8
2022-06-14T18:00:00+0000,720.125,720.125,719.875,719.875,3
2022-06-15T00:00:00+0000,720.5,720.75,720.5,720.75,3
2022-06-15T01:00:00+0000,721.0,721.0,721.0,721.0,1
2022-06-15T05:00:00+0000,719.125,719.125,719.125,719.125,1
2022-06-15T06:00:00+0000,720.0,720.125,719.875,719.875,6
2022-06-15T08:00:00+0000,718.5,718.5,717.875,717.875,8
2022-06-15T09:00:00+0000,719.5,719.5,717.125,717.125,9
2022-06-15T10:00:00+0000,716.5,716.5,716.5,716.5,1
2022-06-15T11:00:00+0000,716.25,717.125,716.25,716.5,3
2022-06-15T12:00:00+0000,718.375,718.375,718.375,718.375,1
2022-06-15T13:00:00+0000,720.125,723.875,719.625,723.875,18
2022-06-15T14:00:00+0000,723.125,727.125,722.5,726.625,42
2022-06-15T15:00:00+0000,727.625,728.0,723.5,723.75,21
2022-06-15T16:00:00+0000,723.125,724.375,722.5,723.125,14
2022-06-15T17:00:00+0000,722.0,722.5,721.125,721.125,9
2022-06-15T18:00:00+0000,722.0,722.0,720.375,720.5,16
2022-06-16T00:00:00+0000,720.125,724.25,720.125,724.25,10
2022-06-16T02:00:00+0000,724.75,724.75,724.125,724.125,2
2022-06-16T05:00:00+0000,722.375,722.375,722.0,722.0,2
2022-06-16T06:00:00+0000,722.5,722.5,722.5,722.5,2
2022-06-16T08:00:00+0000,725.25,725.25,725.25,725.25,1
2022-06-16T10:00:00+0000,724.5,724.5,724.5,724.5,1
2022-06-16T11:00:00+0000,727.625,730.25,727.625,730.25,32
2022-06-16T12:00:00+0000,730.25,733.5,730.25,732.125,13
2022-06-16T13:00:00+0000,731.875,739.625,731.875,735.0,82
2022-06-16T14:00:00+0000,735.625,735.875,731.375,733.875,43
2022-06-16T15:00:00+0000,733.5,738.875,733.375,738.875,39
2022-06-16T16:00:00+0000,737.875,737.875,735.125,735.125,34
2022-06-16T17:00:00+0000,735.5,741.0,735.5,736.5,67
2022-06-16T18:00:00+0000,735.625,736.0,734.0,734.125,26
2022-06-17T00:00:00+0000,734.875,737.875,734.875,736.875,20
2022-06-17T01:00:00+0000,735.75,739.5,735.75,739.5,5
2022-06-17T02:00:00+0000,739.125,739.125,737.5,738.75,5
2022-06-17T05:00:00+0000,739.875,739.875,739.875,739.875,1
2022-06-17T06:00:00+0000,740.0,740.0,739.0,740.0,11
2022-06-17T07:00:00+0000,741.0,744.75,741.0,744.75,22
2022-06-17T08:00:00+0000,744.75,747.0,744.75,746.75,55
2022-06-17T09:00:00+0000,744.5,744.5,744.25,744.25,2
2022-06-17T10:00:00+0000,744.0,745.25,744.0,745.25,2
2022-06-17T11:00:00+0000,743.25,745.0,743.25,744.625,8
2022-06-17T12:00:00+0000,745.625,748.0,745.625,746.5,10
2022-06-17T13:00:00+0000,747.5,748.25,741.75,744.0,52
2022-06-17T14:00:00+0000,743.0,743.0,740.5,742.375,43
2022-06-17T15:00:00+0000,740.75,740.75,737.875,739.75,15
2022-06-17T16:00:00+0000,740.25,743.375,736.875,737.25,34
2022-06-17T17:00:00+0000,739.125,739.125,730.5,731.875,37
2022-06-17T18:00:00+0000,732.0,736.625,729.0,731.875,22
2022-06-21T00:00:00+0000,727.5,727.5,710.5,717.0,93
2022-06-21T01:00:00+0000,716.125,720.125,716.125,719.125,20
2022-06-21T02:00:00+0000,720.0,720.0,718.125,718.125,4
2022-06-21T03:00:00+0000,717.875,717.875,717.125,717.625,4
2022-06-21T04:00:00+0000,717.875,717.875,715.875,715.875,7
2022-06-21T05:00:00+0000,715.625,715.625,713.875,713.875,4
2022-06-21T06:00:00+0000,712.75,713.625,711.875,711.875,14
2022-06-21T07:00:00+0000,712.125,714.875,711.875,714.875,14
2022-06-21T08:00:00+0000,716.75,718.875,716.75,717.625,13
2022-06-21T09:00:00+0000,716.125,716.125,714.625,714.625,6
2022-06-21T10:00:00+0000,714.625,714.625,714.625,714.625,3
2022-06-21T11:00:00+0000,715.25,715.25,702.0,704.625,44
2022-06-21T12:00:00+0000,705.375,711.375,704.0,709.0,48
2022-06-21T13:00:00+0000,708.125,715.5,705.875,706.0,75
2022-06-21T14:00:00+0000,705.125,711.875,700.75,708.0,206
2022-06-21T15:00:00+0000,707.625,707.875,702.375,703.125,49
2022-06-21T16:00:00+0000,703.375,703.375,695.125,696.0,87
2022-06-21T17:00:00+0000,697.0,697.0,690.375,696.0,57
2022-06-21T18:00:00+0000,697.875,703.125,697.5,701.125,40
2022-06-22T00:00:00+0000,701.375,706.5,700.375,701.875,49
2022-06-22T01:00:00+0000,701.375,701.375,700.625,700.625,14
2022-06-22T02:00:00+0000,699.625,699.625,698.375,698.375,2
2022-06-22T03:00:00+0000,696.875,697.125,696.625,696.625,8
2022-06-22T04:00:00+0000,697.0,697.0,697.0,697.0,3
2022-06-22T05:00:00+0000,695.875,695.875,694.625,695.125,5
2022-06-22T06:00:00+0000,694.125,694.125,692.75,693.0,6
2022-06-22T07:00:00+0000,692.25,692.25,691.375,692.0,6
2022-06-22T08:00:00+0000,691.125,691.125,690.625,690.625,5
2022-06-22T09:00:00+0000,691.375,701.625,690.25,700.875,25
2022-06-22T10:00:00+0000,701.75,705.0,698.375,702.125,21
2022-06-22T11:00:00+0000,703.375,703.375,696.25,696.25,21
2022-06-22T12:00:00+0000,695.125,695.375,692.875,693.625,15
2022-06-22T13:00:00+0000,700.0,704.625,698.125,703.0,74
2022-06-22T14:00:00+0000,701.125,704.625,695.25,696.0,53
2022-06-22T15:00:00+0000,697.125,703.125,697.125,699.875,53
2022-06-22T16:00:00+0000,700.125,700.375,695.375,696.375,35
2022-06-22T17:00:00+0000,695.0,697.375,693.25,696.125,42
2022-06-22T18:00:00+0000,695.625,696.5,693.125,693.125,30
2022-06-23T00:00:00+0000,691.75,691.75,685.875,687.0,60
2022-06-23T01:00:00+0000,686.875,686.875,680.125,680.625,91
2022-06-23T02:00:00+0000,681.125,681.125,677.375,678.875,46
2022-06-23T03:00:00+0000,678.375,678.375,677.125,677.125,9
2022-06-23T04:00:00+0000,677.375,677.625,675.5,677.125,30
2022-06-23T05:00:00+0000,677.875,677.875,677.125,677.375,3
2022-06-23T06:00:00+0000,676.875,678.875,676.625,678.375,13
2022-06-23T07:00:00+0000,678.0,678.0,677.375,677.375,3
2022-06-23T08:00:00+0000,676.375,676.375,669.875,669.875,31
2022-06-23T09:00:00+0000,670.375,673.125,670.375,672.875,20
2022-06-23T10:00:00+0000,674.875,675.125,674.875,674.875,11
2022-06-23T11:00:00+0000,674.625,677.125,674.625,675.375,19
2022-06-23T12:00:00+0000,676.0,676.0,672.0,672.875,5
2022-06-23T13:00:00+0000,672.375,677.375,670.625,672.125,140
2022-06-23T14:00:00+0000,671.875,671.875,655.75,656.5,318
2022-06-23T15:00:00+0000,655.75,658.625,645.5,647.25,231
2022-06-23T16:00:00+0000,647.25,657.375,647.25,652.875,119
2022-06-23T17:00:00+0000,653.0,660.0,652.625,658.125,62
2022-06-23T18:00:00+0000,657.75,659.75,653.5,656.0,51
2022-06-24T00:00:00+0000,655.0,657.625,655.0,656.625,36
2022-06-24T01:00:00+0000,656.125,656.125,653.625,654.125,28
2022-06-24T02:00:00+0000,653.625,653.625,651.375,651.375,25
2022-06-24T03:00:00+0000,653.625,653.625,653.25,653.25,4
2022-06-24T04:00:00+0000,654.0,655.625,654.0,655.0,7
2022-06-24T05:00:00+0000,655.0,656.375,655.0,656.375,2
2022-06-24T06:00:00+0000,652.375,652.375,652.375,652.375,2
2022-06-24T07:00:00+0000,652.625,652.625,652.625,652.625,1
2022-06-24T08:00:00+0000,653.875,657.625,653.875,657.625,8
2022-06-24T09:00:00+0000,657.375,660.875,657.375,660.625,34
2022-06-24T10:00:00+0000,660.125,664.625,660.125,664.625,20
2022-06-24T11:00:00+0000,663.375,669.0,663.375,669.0,46
2022-06-24T12:00:00+0000,668.375,672.125,668.125,669.75,62
2022-06-24T13:00:00+0000,669.0,669.125,663.625,664.375,82
2022-06-24T14:00:00+0000,665.125,670.5,662.875,670.5,115
2022-06-24T15:00:00+0000,671.625,675.125,671.125,675.0,106
2022-06-24T16:00:00+0000,674.625,676.125,670.875,675.0,86
2022-06-24T17:00:00+0000,674.125,675.625,673.125,674.0,91
2022-06-24T18:00:00+0000,674.875,674.875,672.875,673.0,48
2022-06-27T00:00:00+0000,657.125,657.125,652.125,654.625,119
2022-06-27T01:00:00+0000,655.375,658.375,655.375,658.375,44
2022-06-27T02:00:00+0000,658.25,658.25,657.625,658.125,24
2022-06-27T03:00:00+0000,657.875,658.5,657.25,657.25,7
2022-06-27T04:00:00+0000,657.5,657.5,657.5,657.5,1
2022-06-27T05:00:00+0000,658.125,658.5,657.625,658.5,9
2022-06-27T06:00:00+0000,658.125,659.875,658.125,659.125,12
2022-06-27T07:00:00+0000,658.5,658.5,656.625,656.875,21
2022-06-27T08:00:00+0000,658.625,660.125,658.625,659.875,19
2022-06-27T09:00:00+0000,659.375,661.625,658.25,661.625,17
2022-06-27T10:00:00+0000,660.25,660.25,658.25,659.625,20
2022-06-27T11:00:00+0000,659.875,661.625,659.0,661.0,16
2022-06-27T12:00:00+0000,659.625,660.5,657.75,659.875,40
2022-06-27T13:00:00+0000,659.5,660.375,644.5,644.875,209
2022-06-27T14:00:00+0000,645.125,658.125,644.375,654.625,220
2022-06-27T15:00:00+0000,655.0,657.875,653.375,654.375,135
2022-06-27T16:00:00+0000,653.875,655.25,648.375,653.625,131
2022-06-27T17:00:00+0000,653.625,655.25,650.875,652.0,94
2022-06-27T18:00:00+0000,652.25,654.0,650.25,650.25,41
2022-06-28T00:00:00+0000,657.875,661.375,656.25,656.375,96
2022-06-28T01:00:00+0000,656.625,657.625,655.75,657.5,35
2022-06-28T02:00:00+0000,657.625,658.625,657.375,658.625,8
2022-06-28T03:00:00+0000,658.625,658.625,657.875,658.0,10
2022-06-28T04:00:00+0000,658.75,658.75,658.75,658.75,1
2022-06-28T05:00:00+0000,658.5,659.25,658.5,659.125,13
2022-06-28T06:00:00+0000,659.125,661.125,659.125,660.625,27
2022-06-28T07:00:00+0000,660.625,663.0,660.625,661.125,26
2022-06-28T08:00:00+0000,661.375,663.25,661.375,662.625,24
2022-06-28T09:00:00+0000,662.125,665.5,662.125,665.5,28
2022-06-28T10:00:00+0000,664.75,665.75,663.125,663.125,36
2022-06-28T11:00:00+0000,663.625,663.625,662.625,663.375,17
2022-06-28T12:00:00+0000,663.375,663.375,662.125,662.125,23
2022-06-28T13:00:00+0000,662.0,665.5,659.875,664.875,135
2022-06-28T14:00:00+0000,665.625,666.625,663.0,664.625,95
2022-06-28T15:00:00+0000,664.625,667.625,661.125,662.25,124
2022-06-28T16:00:00+0000,661.125,664.625,660.875,664.375,43
2022-06-28T17:00:00+0000,664.875,664.875,658.125,660.125,91
2022-06-28T18:00:00+0000,659.875,660.0,655.625,655.875,62
2022-06-29T00:00:00+0000,657.375,660.0,655.625,656.125,73
2022-06-29T01:00:00+0000,656.25,656.75,654.75,654.875,33
2022-06-29T02:00:00+0000,655.0,656.375,654.875,656.0,23
2022-06-29T03:00:00+0000,655.5,656.25,655.125,656.0,15
2022-06-29T04:00:00+0000,656.375,657.125,656.125,657.125,18
2022-06-29T05:00:00+0000,656.75,659.25,656.75,659.0,15
2022-06-29T06:00:00+0000,659.375,659.375,658.25,658.625,18
2022-06-29T07:00:00+0000,659.875,660.875,657.625,659.25,36
2022-06-29T08:00:00+0000,659.375,660.125,659.375,660.0,19
2022-06-29T09:00:00+0000,660.25,661.875,659.625,659.625,32
2022-06-29T10:00:00+0000,659.625,660.875,659.625,659.625,37
2022-06-29T11:00:00+0000,659.25,662.625,659.0,661.5,35
2022-06-29T12:00:00+0000,662.25,662.375,658.625,659.5,65
2022-06-29T13:00:00+0000,658.25,660.0,652.875,653.625,160
2022-06-29T14:00:00+0000,652.75,658.125,652.0,656.5,178
2022-06-29T15:00:00+0000,655.0,657.25,654.375,657.25,77
2022-06-29T16:00:00+0000,657.5,657.875,654.0,656.5,53
2022-06-29T17:00:00+0000,655.5,655.875,654.375,655.0,84
2022-06-29T18:00:00+0000,654.75,654.875,651.875,652.75,56
2022-06-30T00:00:00+0000,653.0,653.0,650.125,651.875,76
2022-06-30T01:00:00+0000,651.25,651.25,648.625,650.625,77
2022-06-30T02:00:00+0000,651.5,652.25,650.75,652.125,18
2022-06-30T03:00:00+0000,652.125,652.25,651.5,652.25,8
2022-06-30T04:00:00+0000,652.625,653.0,652.375,653.0,27
2022-06-30T05:00:00+0000,653.125,653.125,652.375,652.875,17
2022-06-30T06:00:00+0000,652.375,652.75,650.5,650.5,16
2022-06-30T07:00:00+0000,651.0,651.25,650.625,650.625,12
2022-06-30T08:00:00+0000,651.75,652.5,647.5,649.0,40
2022-06-30T09:00:00+0000,648.375,648.375,646.625,648.375,48
2022-06-30T10:00:00+0000,648.25,648.375,647.625,647.875,31
2022-06-30T11:00:00+0000,647.75,648.125,646.375,646.625,18
2022-06-30T12:00:00+0000,646.5,646.5,643.875,645.5,107
2022-06-30T13:00:00+0000,645.625,647.125,641.875,642.25,130
2022-06-30T14:00:00+0000,642.5,645.25,636.75,639.5,245
2022-06-30T15:00:00+0000,639.625,639.625,635.75,636.5,189
2022-06-30T16:00:00+0000,640.0,652.875,626.5,629.125,1173
2022-06-30T17:00:00+0000,628.75,629.625,621.75,627.0,348
2022-06-30T18:00:00+0000,627.0,627.125,618.875,623.5,162
2022-07-01T00:00:00+0000,624.875,626.875,622.375,625.875,114
2022-07-01T01:00:00+0000,625.5,625.5,615.875,616.875,90
2022-07-01T02:00:00+0000,616.75,618.375,616.75,618.375,22
2022-07-01T03:00:00+0000,618.5,618.625,618.125,618.625,19
2022-07-01T04:00:00+0000,618.625,618.625,617.5,617.875,15
2022-07-01T05:00:00+0000,617.875,618.625,612.0,613.5,65
2022-07-01T06:00:00+0000,614.625,616.5,614.625,615.375,19
2022-07-01T07:00:00+0000,614.875,617.5,613.5,616.75,34
2022-07-01T08:00:00+0000,616.375,620.5,614.625,619.75,46
2022-07-01T09:00:00+0000,620.25,623.25,618.5,623.25,41
2022-07-01T10:00:00+0000,623.5,623.875,621.5,621.625,41
2022-07-01T11:00:00+0000,621.0,624.875,621.0,624.0,26
2022-07-01T12:00:00+0000,622.25,623.0,621.125,622.25,39
2022-07-01T13:00:00+0000,622.5,623.375,604.5,607.0,328
2022-07-01T14:00:00+0000,607.125,613.875,604.375,608.0,381
2022-07-01T15:00:00+0000,608.375,612.125,605.75,609.375,211
2022-07-01T16:00:00+0000,608.75,611.375,606.75,609.25,87
2022-07-01T17:00:00+0000,608.625,610.0,607.75,608.875,57
2022-07-01T18:00:00+0000,609.0,609.5,604.5,605.75,103
2022-07-05T13:00:00+0000,602.25,602.25,570.75,579.0,998
2022-07-05T14:00:00+0000,578.75,589.125,577.75,583.375,387
2022-07-05T15:00:00+0000,582.625,583.125,577.375,578.875,268
2022-07-05T16:00:00+0000,579.125,580.25,571.875,574.25,277
2022-07-05T17:00:00+0000,574.625,578.125,572.75,577.125,136
2022-07-05T18:00:00+0000,578.375,579.25,575.875,579.25,99
2022-07-06T00:00:00+0000,581.125,582.875,579.125,579.125,104
2022-07-06T01:00:00+0000,579.125,579.625,577.625,577.625,14
2022-07-06T02:00:00+0000,577.625,577.625,573.0,573.625,32
2022-07-06T03:00:00+0000,573.375,574.125,571.625,573.625,53
2022-07-06T04:00:00+0000,573.5,573.5,573.0,573.125,11
2022-07-06T05:00:00+0000,573.25,573.5,571.875,572.0,25
2022-07-06T06:00:00+0000,572.875,573.875,571.875,573.875,23
2022-07-06T07:00:00+0000,574.75,575.75,573.875,575.25,52
2022-07-06T08:00:00+0000,574.75,576.875,573.625,576.0,17
2022-07-06T09:00:00+0000,575.875,576.75,573.875,575.375,29
2022-07-06T10:00:00+0000,575.75,578.125,575.25,578.0,32
2022-07-06T11:00:00+0000,578.375,580.875,577.625,580.875,56
2022-07-06T12:00:00+0000,580.5,585.0,580.375,583.625,106
2022-07-06T13:00:00+0000,582.375,583.75,576.375,578.25,238
2022-07-06T14:00:00+0000,578.625,578.75,569.875,571.875,336
2022-07-06T15:00:00+0000,572.375,574.375,566.625,569.75,200
2022-07-06T16:00:00+0000,570.125,576.75,568.625,576.75,113
2022-07-06T17:00:00+0000,576.125,583.0,576.0,582.5,118
2022-07-06T18:00:00+0000,583.125,586.25,582.75,584.5,179
2022-07-07T00:00:00+0000,585.5,594.875,585.5,592.75,188
2022-07-07T01:00:00+0000,592.5,592.5,589.875,590.5,60
2022-07-07T02:00:00+0000,591.625,595.125,591.0,595.125,65
2022-07-07T03:00:00+0000,595.5,597.625,595.5,597.0,38
2022-07-07T04:00:00+0000,596.875,597.875,596.125,596.125,12
2022-07-07T05:00:00+0000,596.75,597.125,594.0,594.0,25
2022-07-07T06:00:00+0000,594.25,594.75,591.5,591.5,25
2022-07-07T07:00:00+0000,593.125,593.75,592.625,593.125,19
2022-07-07T08:00:00+0000,593.125,594.625,592.0,592.0,35
2022-07-07T09:00:00+0000,593.25,595.75,593.25,595.75,39
2022-07-07T10:00:00+0000,595.625,596.625,594.0,594.875,51
2022-07-07T11:00:00+0000,595.125,599.0,594.625,599.0,40
2022-07-07T12:00:00+0000,599.125,599.375,596.625,597.25,54
2022-07-07T13:00:00+0000,599.625,608.375,596.625,603.75,393
2022-07-07T14:00:00+0000,604.375,606.375,596.5,596.625,218
2022-07-07T15:00:00+0000,597.625,597.625,590.625,594.75,212
2022-07-07T16:00:00+0000,596.0,598.625,593.625,598.5,139
2022-07-07T17:00:00+0000,597.875,600.5,597.875,599.875,92
2022-07-07T18:00:00+0000,600.125,601.125,595.5,597.375,69
2022-07-08T00:00:00+0000,596.5,606.5,596.5,606.0,108
2022-07-08T01:00:00+0000,605.25,606.125,602.375,603.5,46
2022-07-08T02:00:00+0000,604.0,604.5,602.25,602.625,34
2022-07-08T03:00:00+0000,602.25,602.25,600.875,601.5,16
2022-07-08T04:00:00+0000,601.625,601.875,601.375,601.5,9
2022-07-08T05:00:00+0000,601.625,603.375,601.625,602.0,19
2022-07-08T06:00:00+0000,601.75,603.5,601.75,602.75,11
2022-07-08T07:00:00+0000,601.875,602.375,601.0,602.125,10
2022-07-08T08:00:00+0000,602.0,602.0,597.125,599.375,63
2022-07-08T09:00:00+0000,600.0,602.875,599.625,602.875,36
2022-07-08T10:00:00+0000,601.5,602.0,601.25,601.75,12
2022-07-08T11:00:00+0000,602.875,606.375,602.875,605.5,14
2022-07-08T12:00:00+0000,605.25,607.625,602.75,604.0,44
2022-07-08T13:00:00+0000,605.125,612.875,605.0,608.375,248
2022-07-08T14:00:00+0000,610.0,615.125,609.875,614.625,208
2022-07-08T15:00:00+0000,615.0,617.5,613.375,614.75,141
2022-07-08T16:00:00+0000,614.375,621.125,612.25,619.125,139
2022-07-08T17:00:00+0000,618.625,623.375,618.375,621.625,151
2022-07-08T18:00:00+0000,621.5,626.875,621.375,626.75,159
2022-07-11T00:00:00+0000,640.0,658.25,640.0,650.5,545
2022-07-11T01:00:00+0000,649.375,652.5,648.375,649.875,120
2022-07-11T02:00:00+0000,649.0,652.0,649.0,651.75,180
2022-07-11T03:00:00+0000,652.5,652.875,651.25,651.75,21
2022-07-11T04:00:00+0000,651.5,651.5,649.0,649.625,31
2022-07-11T05:00:00+0000,649.875,649.875,646.625,646.625,27
2022-07-11T06:00:00+0000,647.125,648.5,646.125,648.5,32
2022-07-11T07:00:00+0000,648.875,648.875,641.375,641.375,54
2022-07-11T08:00:00+0000,641.25,642.875,640.125,640.125,46
2022-07-11T09:00:00+0000,640.0,642.75,638.875,639.125,63
2022-07-11T10:00:00+0000,638.875,640.5,638.5,638.75,34
2022-07-11T11:00:00+0000,639.625,642.25,638.625,641.375,61
2022-07-11T12:00:00+0000,641.875,642.0,638.5,642.0,51
2022-07-11T13:00:00+0000,643.25,644.5,633.625,638.625,399
2022-07-11T14:00:00+0000,638.125,638.375,631.0,633.375,269
2022-07-11T15:00:00+0000,633.125,640.0,633.125,638.625,134
2022-07-11T16:00:00+0000,638.5,638.5,627.0,633.0,349
2022-07-11T17:00:00+0000,634.0,635.125,626.625,629.0,109
2022-07-11T18:00:00+0000,628.625,630.25,626.625,626.625,70
2022-07-12T00:00:00+0000,627.5,633.875,627.375,627.5,96
2022-07-12T01:00:00+0000,627.25,631.875,626.375,631.875,76
2022-07-12T02:00:00+0000,632.125,633.625,631.875,633.125,36
2022-07-12T03:00:00+0000,633.5,633.625,632.125,632.625,19
2022-07-12T04:00:00+0000,632.375,632.375,631.625,631.875,33
2022-07-12T05:00:00+0000,631.625,632.0,630.0,630.0,14
2022-07-12T06:00:00+0000,630.125,630.75,628.25,628.25,19
2022-07-12T07:00:00+0000,628.875,629.125,625.625,627.25,42
2022-07-12T08:00:00+0000,626.875,626.875,620.875,620.875,77
2022-07-12T09:00:00+0000,620.875,622.375,618.75,619.625,67
2022-07-12T10:00:00+0000,619.75,622.0,618.0,618.25,63
2022-07-12T11:00:00+0000,617.875,619.75,613.625,619.75,114
2022-07-12T12:00:00+0000,619.875,622.125,618.125,618.125,53
2022-07-12T13:00:00+0000,619.0,620.375,606.25,611.0,446
2022-07-12T14:00:00+0000,611.125,611.125,600.125,604.625,534
2022-07-12T15:00:00+0000,604.25,607.375,603.0,604.125,197
2022-07-12T16:00:00+0000,604.0,604.125,584.125,584.375,891
2022-07-12T17:00:00+0000,584.0,587.125,582.375,587.125,303
2022-07-12T18:00:00+0000,587.125,588.75,584.75,586.75,136
2022-07-13T00:00:00+0000,586.125,586.125,576.875,583.375,154
2022-07-13T01:00:00+0000,583.125,585.875,582.625,584.875,111
2022-07-13T02:00:00+0000,584.875,585.375,584.0,585.125,64
2022-07-13T03:00:00+0000,585.375,587.375,585.375,587.25,44
2022-07-13T04:00:00+0000,587.375,587.375,586.375,587.375,20
2022-07-13T05:00:00+0000,586.5,587.0,584.5,586.375,17
2022-07-13T06:00:00+0000,586.0,592.625,585.375,592.375,59
2022-07-13T07:00:00+0000,591.875,596.375,591.0,594.25,82
2022-07-13T08:00:00+0000,594.5,594.5,590.5,592.875,22
2022-07-13T09:00:00+0000,590.625,592.25,587.375,587.375,41
2022-07-13T10:00:00+0000,588.75,588.75,581.75,582.625,51
2022-07-13T11:00:00+0000,583.0,593.375,583.0,588.0,98
2022-07-13T12:00:00+0000,588.125,590.375,579.5,586.375,153
2022-07-13T13:00:00+0000,586.0,600.375,585.625,598.5,250
2022-07-13T14:00:00+0000,598.375,605.5,595.625,603.625,257
2022-07-13T15:00:00+0000,602.875,605.125,599.375,602.0,162
2022-07-13T16:00:00+0000,602.375,604.0,601.5,602.375,118
2022-07-13T17:00:00+0000,602.375,603.375,593.875,595.625,166
2022-07-13T18:00:00+0000,595.0,595.875,594.5,595.875,126
2022-07-14T00:00:00+0000,597.875,603.0,597.125,598.0,86
2022-07-14T01:00:00+0000,599.0,603.375,598.875,603.125,62
2022-07-14T02:00:00+0000,603.625,603.625,602.625,603.125,37
2022-07-14T03:00:00+0000,604.0,605.25,604.0,604.0,36
2022-07-14T05:00:00+0000,602.5,603.0,600.875,601.25,21
2022-07-14T06:00:00+0000,601.25,601.25,599.0,599.0,37
2022-07-14T07:00:00+0000,599.375,602.0,599.375,601.875,14
2022-07-14T08:00:00+0000,602.25,603.125,599.625,599.75,46
2022-07-14T09:00:00+0000,598.625,598.625,594.375,595.125,87
2022-07-14T10:00:00+0000,595.25,595.5,589.375,589.75,77
2022-07-14T11:00:00+0000,589.625,594.75,589.375,594.75,48
2022-07-14T12:00:00+0000,596.0,600.375,593.0,600.375,62
2022-07-14T13:00:00+0000,597.125,607.625,591.0,606.25,349
2022-07-14T14:00:00+0000,607.0,607.875,598.5,599.0,284
2022-07-14T15:00:00+0000,599.125,605.625,598.875,604.0,240
2022-07-14T16:00:00+0000,604.0,604.75,599.625,602.375,87
2022-07-14T17:00:00+0000,601.875,602.375,596.25,597.5,126
2022-07-14T18:00:00+0000,597.375,602.875,597.375,601.375,60
2022-07-15T00:00:00+0000,602.0,606.75,602.0,604.0,92
2022-07-15T01:00:00+0000,605.375,605.375,603.625,604.625,27
2022-07-15T02:00:00+0000,605.5,607.625,605.5,607.125,43
2022-07-15T03:00:00+0000,607.625,607.625,606.125,607.0,19
2022-07-15T04:00:00+0000,606.5,607.125,606.5,607.125,9
2022-07-15T05:00:00+0000,607.75,608.625,607.375,608.5,16
2022-07-15T06:00:00+0000,608.125,609.125,605.0,605.0,35
2022-07-15T07:00:00+0000,605.375,605.375,601.375,601.875,31
2022-07-15T08:00:00+0000,600.5,604.375,600.375,604.25,52
2022-07-15T09:00:00+0000,604.875,606.75,604.5,605.875,17
2022-07-15T10:00:00+0000,604.625,607.375,604.0,605.75,40
2022-07-15T11:00:00+0000,607.125,607.25,604.0,605.125,51
2022-07-15T12:00:00+0000,604.0,605.375,601.5,605.375,39
2022-07-15T13:00:00+0000,605.125,606.375,601.375,601.875,210
2022-07-15T14:00:00+0000,604.75,608.125,603.5,606.0,108
2022-07-15T15:00:00+0000,605.375,605.625,597.25,600.375,191
2022-07-15T16:00:00+0000,600.25,600.75,594.875,600.25,130
2022-07-15T17:00:00+0000,599.375,604.625,598.0,604.0,99
2022-07-15T18:00:00+0000,604.25,606.375,602.875,606.375,54
2022-07-18T00:00:00+0000,609.25,611.25,601.0,602.0,163
2022-07-18T01:00:00+0000,603.0,605.625,603.0,604.875,34
2022-07-18T02:00:00+0000,604.875,606.0,604.375,606.0,17
2022-07-18T03:00:00+0000,605.875,607.625,605.875,607.5,24
2022-07-18T04:00:00+0000,607.5,607.625,607.125,607.625,15
2022-07-18T05:00:00+0000,607.75,609.125,607.625,607.625,36
2022-07-18T06:00:00+0000,607.375,609.375,606.875,609.375,29
2022-07-18T07:00:00+0000,609.375,615.375,609.375,614.5,71
2022-07-18T08:00:00+0000,614.375,615.25,612.875,614.0,55
2022-07-18T09:00:00+0000,612.75,613.625,611.75,611.75,56
2022-07-18T10:00:00+0000,612.125,612.375,609.75,610.25,25
2022-07-18T11:00:00+0000,610.375,613.75,609.75,613.75,65
2022-07-18T12:00:00+0000,613.75,615.375,613.0,613.5,79
2022-07-18T13:00:00+0000,616.0,623.625,613.125,620.0,326
2022-07-18T14:00:00+0000,620.0,621.0,610.375,612.875,250
2022-07-18T15:00:00+0000,613.125,615.125,611.125,614.25,94
2022-07-18T16:00:00+0000,614.875,617.625,612.25,613.0,153
2022-07-18T17:00:00+0000,612.25,615.125,611.125,612.25,74
2022-07-18T18:00:00+0000,612.25,612.375,609.0,609.0,83
2022-07-19T00:00:00+0000,607.625,609.0,605.25,605.625,89
2022-07-19T01:00:00+0000,606.125,606.125,603.625,604.0,61
2022-07-19T02:00:00+0000,604.625,605.375,603.625,604.0,43
2022-07-19T03:00:00+0000,603.5,604.75,603.375,603.5,10
2022-07-19T04:00:00+0000,603.125,604.75,603.125,604.5,18
2022-07-19T05:00:00+0000,604.625,605.125,603.125,603.125,33
2022-07-19T06:00:00+0000,603.5,604.375,602.125,602.5,73
2022-07-19T07:00:00+0000,602.75,603.5,601.375,602.0,41
2022-07-19T08:00:00+0000,602.0,602.75,597.5,597.875,72
2022-07-19T09:00:00+0000,598.375,598.625,596.0,596.875,57
2022-07-19T10:00:00+0000,597.0,598.0,590.375,591.625,124
2022-07-19T11:00:00+0000,592.375,594.75,589.5,593.875,95
2022-07-19T12:00:00+0000,593.875,596.375,588.25,589.625,78
2022-07-19T13:00:00+0000,588.625,590.25,582.5,586.375,377
2022-07-19T14:00:00+0000,586.75,590.375,583.375,590.125,214
2022-07-19T15:00:00+0000,590.75,595.875,590.0,594.875,167
2022-07-19T16:00:00+0000,593.875,598.25,591.625,597.875,220
2022-07-19T17:00:00+0000,597.125,599.125,595.125,595.125,123
2022-07-19T18:00:00+0000,595.375,595.875,594.25,595.125,85
2022-07-20T00:00:00+0000,593.125,593.625,589.625,590.0,61
2022-07-20T01:00:00+0000,590.0,590.5,589.375,589.75,23
2022-07-20T02:00:00+0000,589.75,591.375,589.75,591.25,27
2022-07-20T03:00:00+0000,591.125,591.375,590.25,590.25,15
2022-07-20T04:00:00+0000,590.125,590.625,590.125,590.375,14
2022-07-20T05:00:00+0000,590.125,590.125,588.125,588.125,23
2022-07-20T06:00:00+0000,588.25,589.0,588.125,588.75,14
2022-07-20T07:00:00+0000,588.375,588.75,587.875,588.75,11
2022-07-20T08:00:00+0000,589.25,590.75,589.25,589.75,27
2022-07-20T09:00:00+0000,590.625,595.125,590.625,594.875,64
2022-07-20T10:00:00+0000,594.875,597.25,593.0,595.75,64
2022-07-20T11:00:00+0000,595.875,597.0,592.125,593.375,54
2022-07-20T12:00:00+0000,593.375,593.75,590.75,591.375,45
2022-07-20T13:00:00+0000,592.625,592.625,586.0,590.0,129
2022-07-20T14:00:00+0000,588.75,592.0,584.875,591.625,146
2022-07-20T15:00:00+0000,592.0,592.0,586.625,588.0,69
2022-07-20T16:00:00+0000,588.25,592.875,588.25,589.625,111
2022-07-20T17:00:00+0000,590.375,592.125,588.125,588.5,68
2022-07-20T18:00:00+0000,588.375,591.75,588.375,590.0,75
2022-07-21T00:00:00+0000,588.0,589.5,587.75,588.875,31
2022-07-21T01:00:00+0000,588.75,589.25,586.375,587.0,16
2022-07-21T02:00:00+0000,586.625,587.25,584.5,586.25,40
2022-07-21T03:00:00+0000,585.5,586.0,585.5,585.75,23
2022-07-21T04:00:00+0000,585.875,586.375,585.375,585.375,12
2022-07-21T05:00:00+0000,585.75,587.625,585.125,587.0,20
2022-07-21T06:00:00+0000,586.75,589.125,586.75,588.0,21
2022-07-21T07:00:00+0000,586.75,589.0,586.125,586.125,30
2022-07-21T08:00:00+0000,586.625,586.625,582.125,582.125,83
2022-07-21T09:00:00+0000,582.0,583.625,580.25,582.625,76
2022-07-21T10:00:00+0000,582.5,584.375,578.5,579.875,89
2022-07-21T11:00:00+0000,579.875,581.375,572.5,575.625,221
2022-07-21T12:00:00+0000,575.75,577.125,571.375,575.375,114
2022-07-21T13:00:00+0000,582.125,587.625,573.375,584.25,242
2022-07-21T14:00:00+0000,584.0,584.375,574.875,577.25,205
2022-07-21T15:00:00+0000,577.625,583.125,577.625,582.625,137
2022-07-21T16:00:00+0000,583.125,585.375,581.125,582.0,97
2022-07-21T17:00:00+0000,581.875,583.375,573.125,573.625,160
2022-07-21T18:00:00+0000,573.375,575.25,570.0,572.375,169
2022-07-22T00:00:00+0000,572.25,573.125,564.5,565.375,267
2022-07-22T01:00:00+0000,565.125,567.125,563.5,566.5,103
2022-07-22T02:00:00+0000,566.25,568.5,566.0,567.0,81
2022-07-22T03:00:00+0000,567.5,567.625,566.0,567.0,33
2022-07-22T04:00:00+0000,567.0,568.25,566.75,567.5,17
2022-07-22T05:00:00+0000,566.875,567.625,566.625,567.125,34
2022-07-22T06:00:00+0000,567.25,568.875,567.25,568.0,23
2022-07-22T07:00:00+0000,567.0,569.125,566.625,567.625,70
2022-07-22T08:00:00+0000,567.125,567.5,564.25,567.0,68
2022-07-22T09:00:00+0000,567.5,569.125,566.375,569.0,35
2022-07-22T10:00:00+0000,568.75,569.75,566.25,569.75,43
2022-07-22T11:00:00+0000,569.125,571.375,567.25,569.625,58
2022-07-22T12:00:00+0000,568.5,570.5,567.0,568.875,120
2022-07-22T13:00:00+0000,569.0,574.625,569.0,574.25,416
2022-07-22T14:00:00+0000,574.5,581.75,570.625,575.125,588
2022-07-22T15:00:00+0000,575.125,576.875,569.375,572.25,270
2022-07-22T16:00:00+0000,571.0,571.875,565.375,566.5,242
2022-07-22T17:00:00+0000,567.0,569.5,566.125,567.875,87
2022-07-22T18:00:00+0000,567.375,567.625,561.75,561.75,135
2022-07-25T00:00:00+0000,575.0,579.125,570.375,570.375,466
2022-07-25T01:00:00+0000,570.5,572.875,570.5,571.75,43
2022-07-25T02:00:00+0000,571.625,571.875,570.75,571.25,12
2022-07-25T03:00:00+0000,571.5,571.625,570.875,571.125,12
2022-07-25T04:00:00+0000,571.625,572.0,571.125,571.125,11
2022-07-25T05:00:00+0000,570.625,570.75,570.0,570.75,26
2022-07-25T06:00:00+0000,571.5,572.25,571.5,571.875,22
2022-07-25T07:00:00+0000,571.5,573.625,571.5,573.0,39
2022-07-25T08:00:00+0000,573.75,576.5,573.75,575.0,45
2022-07-25T09:00:00+0000,574.625,576.0,574.0,574.0,60
2022-07-25T10:00:00+0000,573.75,575.125,572.5,574.75,68
2022-07-25T11:00:00+0000,574.375,578.25,574.25,578.125,110
2022-07-25T12:00:00+0000,578.125,579.5,577.125,578.25,75
2022-07-25T13:00:00+0000,578.875,581.375,572.875,574.75,246
2022-07-25T14:00:00+0000,575.125,575.125,568.625,571.625,220
2022-07-25T15:00:00+0000,572.0,579.25,571.625,576.0,294
2022-07-25T16:00:00+0000,576.25,578.5,573.875,578.5,100
2022-07-25T17:00:00+0000,578.125,583.875,577.625,583.375,188
2022-07-25T18:00:00+0000,583.375,584.5,581.75,583.0,111
2022-07-26T00:00:00+0000,592.75,597.125,589.5,594.625,229
2022-07-26T01:00:00+0000,595.5,599.375,595.5,599.0,158
2022-07-26T02:00:00+0000,598.375,599.25,598.0,598.75,45
2022-07-26T03:00:00+0000,598.75,598.875,597.25,597.375,33
2022-07-26T04:00:00+0000,597.5,597.625,596.625,596.625,19
2022-07-26T05:00:00+0000,596.625,598.25,596.625,597.5,48
2022-07-26T06:00:00+0000,597.5,597.625,597.0,597.25,11
2022-07-26T07:00:00+0000,596.25,597.75,596.125,597.375,20
2022-07-26T08:00:00+0000,597.75,598.625,597.25,598.25,29
2022-07-26T09:00:00+0000,597.75,598.375,597.0,598.0,81
2022-07-26T10:00:00+0000,597.75,597.75,596.125,597.125,23
2022-07-26T11:00:00+0000,597.5,597.75,596.375,597.75,17
2022-07-26T12:00:00+0000,597.875,602.25,597.875,599.875,133
2022-07-26T13:00:00+0000,600.875,603.0,596.375,601.0,291
2022-07-26T14:00:00+0000,602.0,602.0,593.5,596.25,302
2022-07-26T15:00:00+0000,596.5,597.0,589.25,595.75,212
2022-07-26T16:00:00+0000,595.75,601.375,593.375,601.375,187
2022-07-26T17:00:00+0000,600.125,601.125,597.75,600.75,91
2022-07-26T18:00:00+0000,601.0,602.0,599.25,600.0,62
2022-07-27T00:00:00+0000,600.125,602.875,597.125,599.125,79
2022-07-27T01:00:00+0000,597.5,597.875,594.75,595.5,75
2022-07-27T02:00:00+0000,595.25,597.125,594.625,597.125,35
2022-07-27T03:00:00+0000,596.5,597.5,596.5,597.25,25
2022-07-27T04:00:00+0000,598.125,598.125,598.0,598.0,2
2022-07-27T05:00:00+0000,597.75,599.5,597.75,599.375,23
2022-07-27T06:00:00+0000,599.375,599.375,596.0,596.0,14
2022-07-27T07:00:00+0000,597.125,597.625,596.25,597.625,29
2022-07-27T08:00:00+0000,597.375,600.75,595.75,600.375,58
2022-07-27T09:00:00+0000,599.75,600.125,598.25,599.375,27
2022-07-27T10:00:00+0000,599.5,605.5,599.5,604.25,110
2022-07-27T11:00:00+0000,604.125,606.875,604.125,605.75,96
2022-07-27T12:00:00+0000,605.0,605.375,602.375,604.375,67
2022-07-27T13:00:00+0000,603.625,605.75,599.5,600.75,259
2022-07-27T14:00:00+0000,600.625,603.125,596.375,603.125,262
2022-07-27T15:00:00+0000,603.0,605.75,601.375,604.125,138
2022-07-27T16:00:00+0000,602.875,606.125,599.875,599.875,127
2022-07-27T17:00:00+0000,600.25,601.375,598.125,599.375,201
2022-07-27T18:00:00+0000,600.125,604.25,599.75,602.75,78
2022-07-28T00:00:00+0000,605.0,608.75,604.25,608.0,121
2022-07-28T01:00:00+0000,608.125,610.125,608.125,609.0,102
2022-07-28T02:00:00+0000,609.125,609.625,607.625,609.0,36
2022-07-28T03:00:00+0000,609.25,609.25,607.5,607.5,17
2022-07-28T04:00:00+0000,607.75,608.5,607.5,608.375,11
2022-07-28T05:00:00+0000,608.125,609.5,607.875,609.0,22
2022-07-28T06:00:00+0000,609.5,612.0,609.5,611.625,37
2022-07-28T07:00:00+0000,610.25,611.0,609.0,609.25,36
2022-07-28T08:00:00+0000,609.75,613.125,609.5,612.0,42
2022-07-28T09:00:00+0000,612.625,615.875,612.375,615.25,79
2022-07-28T10:00:00+0000,615.625,615.625,611.375,612.5,45
2022-07-28T11:00:00+0000,612.0,617.375,612.0,615.125,104
2022-07-28T12:00:00+0000,614.875,619.125,614.125,616.625,135
2022-07-28T13:00:00+0000,616.125,619.625,615.125,618.0,258
2022-07-28T14:00:00+0000,618.5,619.75,613.25,616.375,218
2022-07-28T15:00:00+0000,616.875,617.375,614.25,617.375,108
2022-07-28T16:00:00+0000,617.25,619.125,615.0,619.125,77
2022-07-28T17:00:00+0000,618.625,621.875,617.625,619.125,179
2022-07-28T18:00:00+0000,619.5,620.5,617.25,620.0,208
2022-07-29T00:00:00+0000,618.75,619.25,617.125,617.75,75
2022-07-29T01:00:00+0000,617.5,621.0,616.625,618.375,78
2022-07-29T02:00:00+0000,619.5,619.5,616.25,616.5,34
2022-07-29T03:00:00+0000,616.625,617.125,616.125,616.625,22
2022-07-29T04:00:00+0000,617.0,617.25,616.625,616.625,10
2022-07-29T05:00:00+0000,616.125,617.125,616.125,616.5,13
2022-07-29T06:00:00+0000,616.625,618.75,616.625,618.75,12
2022-07-29T07:00:00+0000,618.125,620.625,617.125,620.625,25
2022-07-29T08:00:00+0000,621.125,623.125,620.5,622.5,89
2022-07-29T09:00:00+0000,622.875,624.125,622.125,623.375,57
2022-07-29T10:00:00+0000,624.0,624.875,622.25,623.625,37
2022-07-29T11:00:00+0000,624.5,630.75,624.5,629.625,162
2022-07-29T12:00:00+0000,629.375,633.0,629.0,633.0,119
2022-07-29T13:00:00+0000,633.0,636.125,632.75,634.625,280
2022-07-29T14:00:00+0000,634.875,635.125,626.875,628.25,267
2022-07-29T15:00:00+0000,628.25,631.875,624.875,629.875,272
2022-07-29T16:00:00+0000,630.0,630.375,620.75,622.0,216
2022-07-29T17:00:00+0000,621.875,623.125,615.875,619.5,204
2022-07-29T18:00:00+0000,619.75,622.25,618.125,622.25,73
2022-08-01T00:00:00+0000,623.75,623.75,616.375,616.375,161
2022-08-01T01:00:00+0000,616.5,617.125,613.375,613.5,153
2022-08-01T02:00:00+0000,614.25,616.5,613.75,616.5,26
2022-08-01T03:00:00+0000,616.125,616.125,612.75,613.875,45
2022-08-01T04:00:00+0000,613.875,614.0,613.375,613.75,17
2022-08-01T05:00:00+0000,613.375,613.375,610.625,611.375,76
2022-08-01T06:00:00+0000,612.125,615.0,611.625,612.375,31
2022-08-01T07:00:00+0000,612.375,615.125,612.25,613.5,51
2022-08-01T08:00:00+0000,613.875,613.875,608.5,609.875,89
2022-08-01T09:00:00+0000,609.375,610.25,606.25,607.875,71
2022-08-01T10:00:00+0000,608.125,608.75,605.125,606.125,36
2022-08-01T11:00:00+0000,606.125,607.125,601.0,603.0,115
2022-08-01T12:00:00+0000,602.875,607.625,600.75,605.0,62
2022-08-01T13:00:00+0000,603.625,607.25,597.375,604.75,319
2022-08-01T14:00:00+0000,604.75,606.375,600.125,601.125,216
2022-08-01T15:00:00+0000,601.875,602.625,597.875,601.5,96
2022-08-01T16:00:00+0000,601.875,605.375,601.25,603.0,107
2022-08-01T17:00:00+0000,603.0,606.375,602.5,606.0,83
2022-08-01T18:00:00+0000,605.75,611.5,605.75,611.5,88
2022-08-02T00:00:00+0000,607.375,607.375,598.125,603.0,154
2022-08-02T01:00:00+0000,603.375,606.875,603.375,605.625,76
2022-08-02T02:00:00+0000,606.125,606.75,602.375,603.5,29
2022-08-02T03:00:00+0000,603.75,603.75,603.0,603.25,10
2022-08-02T04:00:00+0000,603.0,603.5,603.0,603.375,8
2022-08-02T05:00:00+0000,603.25,603.875,603.0,603.875,27
2022-08-02T06:00:00+0000,603.375,606.75,603.375,606.5,33
2022-08-02T07:00:00+0000,606.375,607.0,604.25,605.0,76
2022-08-02T08:00:00+0000,604.625,604.625,600.5,601.625,90
2022-08-02T09:00:00+0000,601.875,603.0,601.625,602.0,9
2022-08-02T10:00:00+0000,602.125,602.25,599.75,599.75,27
2022-08-02T11:00:00+0000,600.625,602.875,600.625,602.75,27
2022-08-02T12:00:00+0000,602.375,603.0,599.25,599.25,54
2022-08-02T13:00:00+0000,599.25,603.5,597.75,599.875,176
2022-08-02T14:00:00+0000,599.375,599.375,592.875,593.375,272
2022-08-02T15:00:00+0000,593.25,598.875,592.875,598.375,144
2022-08-02T16:00:00+0000,599.0,603.5,598.5,602.0,120
2022-08-02T17:00:00+0000,602.5,603.25,597.0,597.0,69
2022-08-02T18:00:00+0000,597.125,597.125,592.125,593.25,94
2022-08-03T00:00:00+0000,590.0,592.125,587.5,590.5,96
2022-08-03T01:00:00+0000,590.875,596.125,590.25,596.125,65
2022-08-03T02:00:00+0000,596.25,597.125,595.75,595.875,30
2022-08-03T03:00:00+0000,596.5,597.75,596.5,597.625,17
2022-08-03T04:00:00+0000,598.0,598.25,597.375,597.375,26
2022-08-03T05:00:00+0000,597.375,599.25,597.375,598.5,33
2022-08-03T06:00:00+0000,599.375,599.5,597.25,597.25,26
2022-08-03T07:00:00+0000,597.625,598.375,596.75,597.0,24
2022-08-03T08:00:00+0000,597.5,598.625,597.125,598.125,15
2022-08-03T09:00:00+0000,598.25,598.5,596.375,596.375,16
2022-08-03T10:00:00+0000,596.875,597.125,596.125,596.125,18
2022-08-03T11:00:00+0000,596.125,597.0,596.0,596.375,24
2022-08-03T12:00:00+0000,597.0,598.375,595.875,598.375,45
2022-08-03T13:00:00+0000,598.0,598.0,593.375,594.75,161
2022-08-03T14:00:00+0000,595.0,596.75,590.0,590.125,239
2022-08-03T15:00:00+0000,590.625,594.0,588.125,591.25,201
2022-08-03T16:00:00+0000,591.625,591.625,587.625,590.25,83
2022-08-03T17:00:00+0000,590.5,594.375,590.125,593.75,107
2022-08-03T18:00:00+0000,593.375,597.625,593.25,595.0,107
2022-08-04T00:00:00+0000,595.875,596.5,592.0,594.25,99
2022-08-04T01:00:00+0000,594.0,594.75,593.0,593.375,41
2022-08-04T02:00:00+0000,592.75,593.25,591.875,593.25,22
2022-08-04T03:00:00+0000,593.75,593.75,592.125,592.625,6
2022-08-04T04:00:00+0000,592.25,593.25,592.25,593.25,9
2022-08-04T05:00:00+0000,592.75,593.375,592.125,592.125,9
2022-08-04T06:00:00+0000,591.75,592.875,590.5,592.625,32
2022-08-04T07:00:00+0000,593.25,595.375,593.0,595.25,22
2022-08-04T08:00:00+0000,595.375,595.375,593.25,593.25,19
2022-08-04T09:00:00+0000,592.75,592.875,590.5,591.875,19
2022-08-04T10:00:00+0000,592.75,595.0,592.375,595.0,7
2022-08-04T11:00:00+0000,594.0,594.375,592.875,594.0,10
2022-08-04T12:00:00+0000,594.25,598.875,594.25,598.25,86
2022-08-04T13:00:00+0000,598.25,603.375,595.125,602.25,313
2022-08-04T14:00:00+0000,601.125,604.75,599.0,604.125,173
2022-08-04T15:00:00+0000,604.0,606.875,603.125,605.5,183
2022-08-04T16:00:00+0000,605.5,605.75,603.625,605.125,106
2022-08-04T17:00:00+0000,605.5,611.0,605.5,609.5,164
2022-08-04T18:00:00+0000,608.625,609.25,605.875,606.25,92
2022-08-05T00:00:00+0000,606.0,612.125,606.0,609.5,74
2022-08-05T01:00:00+0000,608.5,611.25,607.375,611.25,25
2022-08-05T02:00:00+0000,610.25,612.75,610.25,611.625,29
2022-08-05T03:00:00+0000,611.375,612.125,611.375,612.125,21
2022-08-05T04:00:00+0000,612.625,612.625,612.25,612.25,6
2022-08-05T05:00:00+0000,611.75,612.375,610.625,610.625,21
2022-08-05T06:00:00+0000,610.375,611.875,609.0,611.25,50
2022-08-05T07:00:00+0000,610.875,610.875,608.0,609.0,33
2022-08-05T08:00:00+0000,609.125,609.125,604.0,604.125,53
2022-08-05T09:00:00+0000,603.625,603.625,600.75,601.75,81
2022-08-05T10:00:00+0000,602.5,603.625,600.625,601.5,66
2022-08-05T11:00:00+0000,601.875,605.125,601.625,604.5,46
2022-08-05T12:00:00+0000,605.25,606.125,602.875,604.625,65
2022-08-05T13:00:00+0000,604.5,607.25,602.625,606.75,163
2022-08-05T14:00:00+0000,607.25,615.625,606.0,614.0,430
2022-08-05T15:00:00+0000,614.25,614.25,608.625,610.5,122
2022-08-05T16:00:00+0000,611.5,613.875,611.25,611.5,83
2022-08-05T17:00:00+0000,612.0,612.0,608.25,610.25,137
2022-08-05T18:00:00+0000,610.0,611.375,608.5,609.0,101
2022-08-08T00:00:00+0000,603.0,610.125,602.0,608.125,175
2022-08-08T01:00:00+0000,607.5,609.25,607.125,608.875,26
2022-08-08T02:00:00+0000,608.875,609.75,608.5,609.25,13
2022-08-08T03:00:00+0000,609.0,609.0,608.5,608.75,12
2022-08-08T04:00:00+0000,608.625,609.0,608.5,608.75,12
2022-08-08T05:00:00+0000,608.0,608.375,607.75,608.125,4
2022-08-08T06:00:00+0000,608.5,609.375,608.375,609.375,15
2022-08-08T07:00:00+0000,610.125,610.5,607.625,608.0,34
2022-08-08T08:00:00+0000,607.625,607.75,606.25,607.125,39
2022-08-08T09:00:00+0000,606.5,606.75,603.375,603.375,54
2022-08-08T10:00:00+0000,603.25,604.25,602.625,603.0,40
2022-08-08T11:00:00+0000,603.25,603.75,601.875,602.375,54
2022-08-08T12:00:00+0000,603.0,603.625,601.0,602.5,51
2022-08-08T13:00:00+0000,602.75,608.0,602.75,605.75,163
2022-08-08T14:00:00+0000,605.875,610.625,605.75,608.0,152
2022-08-08T15:00:00+0000,609.125,611.5,605.75,606.25,166
2022-08-08T16:00:00+0000,606.875,608.875,602.375,602.375,134
2022-08-08T17:00:00+0000,603.875,604.625,603.5,604.0,34
2022-08-08T18:00:00+0000,604.25,608.0,604.25,607.875,76
2022-08-09T00:00:00+0000,611.875,616.375,611.875,616.0,139
2022-08-09T01:00:00+0000,615.875,617.25,615.75,617.0,48
2022-08-09T02:00:00+0000,617.125,618.375,616.375,618.375,47
2022-08-09T03:00:00+0000,618.375,618.75,618.375,618.5,13
2022-08-09T04:00:00+0000,618.5,619.125,618.5,619.125,7
2022-08-09T05:00:00+0000,618.875,619.75,618.5,619.75,21
2022-08-09T06:00:00+0000,620.0,620.375,616.875,618.125,71
2022-08-09T07:00:00+0000,618.125,619.125,617.875,619.125,32
2022-08-09T08:00:00+0000,619.0,619.0,617.625,617.875,5
2022-08-09T09:00:00+0000,618.0,620.875,618.0,620.75,19
2022-08-09T10:00:00+0000,620.875,622.0,620.625,621.875,62
2022-08-09T11:00:00+0000,621.875,624.375,620.25,622.125,79
2022-08-09T12:00:00+0000,622.25,623.625,622.25,622.625,58
2022-08-09T13:00:00+0000,622.125,623.0,616.375,616.5,162
2022-08-09T14:00:00+0000,617.375,617.375,612.625,613.375,231
2022-08-09T15:00:00+0000,614.25,618.625,614.125,617.5,128
2022-08-09T16:00:00+0000,617.25,619.75,617.25,617.625,61
2022-08-09T17:00:00+0000,617.625,618.625,615.5,615.625,85
2022-08-09T18:00:00+0000,615.75,615.75,613.25,614.375,85
2022-08-10T00:00:00+0000,614.125,615.625,613.375,613.75,48
2022-08-10T01:00:00+0000,613.625,613.875,611.125,613.25,66
2022-08-10T02:00:00+0000,613.5,613.875,612.625,613.0,15
2022-08-10T03:00:00+0000,612.875,612.875,612.375,612.625,10
2022-08-10T04:00:00+0000,612.5,612.75,612.375,612.75,8
2022-08-10T05:00:00+0000,612.625,612.75,611.875,612.375,17
2022-08-10T06:00:00+0000,611.5,612.0,610.5,612.0,45
2022-08-10T07:00:00+0000,612.25,613.375,612.25,612.75,18
2022-08-10T08:00:00+0000,613.25,616.625,612.875,616.125,44
2022-08-10T09:00:00+0000,615.625,617.25,615.25,616.75,30
2022-08-10T10:00:00+0000,616.875,618.25,616.125,616.5,14
2022-08-10T11:00:00+0000,616.25,617.75,615.25,616.75,26
2022-08-10T12:00:00+0000,616.625,620.625,616.125,618.375,147
2022-08-10T13:00:00+0000,620.0,622.875,619.5,620.5,144
2022-08-10T14:00:00+0000,621.625,625.0,620.0,623.0,137
2022-08-10T15:00:00+0000,622.875,627.875,621.125,626.75,172
2022-08-10T16:00:00+0000,627.25,627.625,619.5,620.125,138
2022-08-10T17:00:00+0000,620.625,620.625,616.5,617.0,82
2022-08-10T18:00:00+0000,616.25,618.625,616.25,617.25,96
2022-08-11T00:00:00+0000,617.25,617.375,613.625,616.375,59
2022-08-11T01:00:00+0000,616.625,617.75,616.625,617.25,26
2022-08-11T02:00:00+0000,616.875,617.375,616.25,616.5,18
2022-08-11T03:00:00+0000,616.75,616.75,616.125,616.75,17
2022-08-11T04:00:00+0000,616.625,616.75,616.25,616.25,8
2022-08-11T05:00:00+0000,616.0,616.625,616.0,616.625,12
2022-08-11T06:00:00+0000,617.125,617.625,617.0,617.0,12
2022-08-11T07:00:00+0000,617.0,618.25,616.75,617.5,20
2022-08-11T08:00:00+0000,618.5,620.75,618.5,620.75,18
2022-08-11T09:00:00+0000,620.375,623.25,620.375,622.375,29
2022-08-11T10:00:00+0000,621.5,621.5,619.875,620.75,18
2022-08-11T11:00:00+0000,621.125,623.375,621.125,622.625,43
2022-08-11T12:00:00+0000,622.625,625.5,622.25,625.375,49
2022-08-11T13:00:00+0000,623.375,626.5,622.0,622.0,126
2022-08-11T14:00:00+0000,622.125,628.125,620.5,627.0,244
2022-08-11T15:00:00+0000,627.125,627.25,623.625,623.875,123
2022-08-11T16:00:00+0000,623.75,626.375,623.125,625.5,75
2022-08-11T17:00:00+0000,624.875,628.125,624.5,627.25,83
2022-08-11T18:00:00+0000,627.75,628.75,627.125,628.5,69
2022-08-12T00:00:00+0000,627.0,628.125,624.5,624.875,62
2022-08-12T01:00:00+0000,626.0,627.625,625.875,627.0,15
2022-08-12T02:00:00+0000,626.875,627.5,626.25,627.25,15
2022-08-12T03:00:00+0000,627.375,628.125,627.125,628.125,9
2022-08-12T04:00:00+0000,627.75,627.75,627.5,627.5,2
2022-08-12T05:00:00+0000,627.0,627.25,627.0,627.25,3
2022-08-12T06:00:00+0000,627.25,627.375,626.875,626.875,6
2022-08-12T07:00:00+0000,627.875,628.875,627.0,628.25,23
2022-08-12T08:00:00+0000,628.375,628.375,627.375,628.0,13
2022-08-12T09:00:00+0000,628.0,631.625,628.0,630.75,89
2022-08-12T10:00:00+0000,630.75,630.75,626.75,626.75,42
2022-08-12T11:00:00+0000,626.875,627.0,625.375,627.0,44
2022-08-12T12:00:00+0000,627.125,629.5,625.875,627.125,62
2022-08-12T13:00:00+0000,627.0,632.625,626.5,630.75,215
2022-08-12T14:00:00+0000,630.625,630.625,627.75,629.375,147
2022-08-12T15:00:00+0000,630.0,635.0,626.125,626.125,242
2022-08-12T16:00:00+0000,630.125,637.875,616.375,636.25,871
2022-08-12T17:00:00+0000,635.75,639.375,634.125,638.375,218
2022-08-12T18:00:00+0000,638.125,642.5,638.125,638.5,171
2022-08-15T00:00:00+0000,633.5,637.75,632.25,637.5,138
2022-08-15T01:00:00+0000,638.0,638.0,636.0,637.0,48
2022-08-15T02:00:00+0000,636.5,636.5,633.0,633.625,83
2022-08-15T03:00:00+0000,633.625,634.125,633.5,633.625,19
2022-08-15T04:00:00+0000,633.5,633.5,633.0,633.125,14
2022-08-15T05:00:00+0000,633.0,633.125,631.875,632.25,31
2022-08-15T06:00:00+0000,632.5,632.5,631.25,632.0,19
2022-08-15T07:00:00+0000,631.75,631.75,629.5,631.75,44
2022-08-15T08:00:00+0000,632.125,633.625,629.75,629.75,44
2022-08-15T09:00:00+0000,629.25,629.25,625.625,625.75,80
2022-08-15T10:00:00+0000,626.0,627.0,623.25,624.75,78
2022-08-15T11:00:00+0000,624.75,627.5,624.625,627.25,60
2022-08-15T12:00:00+0000,627.0,627.0,622.375,622.5,61
2022-08-15T13:00:00+0000,621.875,623.375,618.625,622.25,229
2022-08-15T14:00:00+0000,622.75,622.75,618.125,619.125,130
2022-08-15T15:00:00+0000,619.375,624.625,619.0,624.25,118
2022-08-15T16:00:00+0000,624.125,631.25,624.125,628.5,164
2022-08-15T17:00:00+0000,628.5,628.5,624.0,627.375,73
2022-08-15T18:00:00+0000,627.5,628.625,626.5,627.75,49
2022-08-16T00:00:00+0000,625.75,629.0,624.625,627.5,80
2022-08-16T01:00:00+0000,627.5,627.5,624.625,626.5,49
2022-08-16T02:00:00+0000,627.0,629.125,627.0,628.125,29
2022-08-16T03:00:00+0000,628.125,628.25,627.625,628.25,8
2022-08-16T04:00:00+0000,628.375,628.375,627.75,627.75,7
2022-08-16T05:00:00+0000,628.25,628.25,627.25,627.75,6
2022-08-16T06:00:00+0000,627.25,627.5,625.75,626.5,15
2022-08-16T07:00:00+0000,625.5,625.5,624.0,624.875,26
2022-08-16T08:00:00+0000,625.0,625.0,621.875,622.25,63
2022-08-16T09:00:00+0000,622.0,623.75,621.375,621.375,21
2022-08-16T10:00:00+0000,621.25,621.75,619.5,620.75,88
2022-08-16T11:00:00+0000,620.0,622.75,620.0,621.75,36
2022-08-16T12:00:00+0000,621.125,622.0,619.5,620.75,57
2022-08-16T13:00:00+0000,620.875,623.5,616.125,617.125,267
2022-08-16T14:00:00+0000,617.25,619.375,612.125,614.625,300
2022-08-16T15:00:00+0000,615.0,615.125,609.25,609.75,199
2022-08-16T16:00:00+0000,609.5,612.125,608.125,612.0,177
2022-08-16T17:00:00+0000,611.875,612.875,609.75,610.25,79
2022-08-16T18:00:00+0000,609.75,611.375,609.0,609.5,55
2022-08-17T00:00:00+0000,609.875,611.5,607.0,611.25,65
2022-08-17T01:00:00+0000,611.25,611.875,610.75,611.625,28
2022-08-17T02:00:00+0000,611.875,612.75,611.875,612.375,49
2022-08-17T03:00:00+0000,612.5,612.75,611.125,612.125,13
2022-08-17T04:00:00+0000,612.375,612.625,612.25,612.625,3
2022-08-17T05:00:00+0000,612.25,612.75,612.0,612.75,13
2022-08-17T06:00:00+0000,614.0,614.125,613.25,613.25,14
2022-08-17T07:00:00+0000,613.0,613.0,612.5,612.625,10
2022-08-17T08:00:00+0000,612.125,612.625,610.625,612.375,51
2022-08-17T09:00:00+0000,612.375,612.375,608.875,610.125,28
2022-08-17T10:00:00+0000,610.125,610.875,609.25,609.75,36
2022-08-17T11:00:00+0000,610.0,613.125,610.0,613.125,32
2022-08-17T12:00:00+0000,613.375,617.0,613.0,615.5,67
2022-08-17T13:00:00+0000,615.0,615.25,609.75,610.25,212
2022-08-17T14:00:00+0000,610.5,613.0,608.625,610.875,171
2022-08-17T15:00:00+0000,611.0,611.875,607.25,611.75,174
2022-08-17T16:00:00+0000,612.75,615.25,611.75,612.625,91
2022-08-17T17:00:00+0000,612.625,613.75,611.75,612.25,55
2022-08-17T18:00:00+0000,613.0,613.25,611.875,613.125,63
2022-08-18T00:00:00+0000,610.5,614.75,610.0,613.25,57
2022-08-18T01:00:00+0000,613.25,614.0,613.25,613.5,16
2022-08-18T02:00:00+0000,613.5,613.5,611.875,612.0,25
2022-08-18T03:00:00+0000,610.875,611.25,610.5,611.125,18
2022-08-18T04:00:00+0000,610.75,611.125,610.5,611.125,15
2022-08-18T05:00:00+0000,610.75,612.0,610.75,611.375,11
2022-08-18T06:00:00+0000,611.125,611.25,609.25,609.75,24
2022-08-18T07:00:00+0000,609.5,609.625,606.625,606.75,48
2022-08-18T08:00:00+0000,606.875,608.0,606.125,607.0,51
2022-08-18T09:00:00+0000,607.25,607.5,605.25,605.75,56
2022-08-18T10:00:00+0000,605.625,606.0,603.875,605.875,57
2022-08-18T11:00:00+0000,605.5,609.5,605.25,609.25,26
2022-08-18T12:00:00+0000,609.5,610.25,608.625,610.25,34
2022-08-18T13:00:00+0000,611.25,611.25,605.25,609.125,161
2022-08-18T14:00:00+0000,608.5,619.75,604.875,617.75,423
2022-08-18T15:00:00+0000,618.0,620.375,614.125,614.25,214
2022-08-18T16:00:00+0000,614.0,614.25,610.5,611.625,100
2022-08-18T17:00:00+0000,610.5,616.375,610.125,615.75,115
2022-08-18T18:00:00+0000,615.75,616.25,612.375,614.375,60
2022-08-19T00:00:00+0000,615.0,617.5,613.5,616.625,62
2022-08-19T01:00:00+0000,616.875,617.0,615.125,616.5,33
2022-08-19T02:00:00+0000,616.625,618.5,616.625,618.5,30
2022-08-19T03:00:00+0000,618.5,618.5,617.375,617.75,27
2022-08-19T04:00:00+0000,617.625,617.875,617.0,617.125,21
2022-08-19T05:00:00+0000,616.875,617.5,616.25,617.125,12
2022-08-19T06:00:00+0000,616.875,617.75,616.875,617.0,4
2022-08-19T07:00:00+0000,616.25,617.0,615.875,616.5,19
2022-08-19T08:00:00+0000,616.5,616.5,614.375,615.5,35
2022-08-19T09:00:00+0000,615.5,616.25,614.0,614.5,33
2022-08-19T10:00:00+0000,614.375,614.375,612.375,612.875,20
2022-08-19T11:00:00+0000,613.125,615.25,613.125,614.0,406
2022-08-19T12:00:00+0000,614.375,617.375,614.25,616.875,79
2022-08-19T13:00:00+0000,615.875,619.625,615.125,615.125,122
2022-08-19T14:00:00+0000,615.375,621.375,614.875,619.0,231
2022-08-19T15:00:00+0000,619.125,624.625,618.5,621.875,188
2022-08-19T16:00:00+0000,621.75,623.125,620.375,623.0,63
2022-08-19T17:00:00+0000,621.75,622.875,620.75,622.625,68
2022-08-19T18:00:00+0000,622.125,623.75,621.625,623.75,54
2022-08-22T00:00:00+0000,618.25,622.375,615.0,620.0,178
2022-08-22T01:00:00+0000,619.5,621.75,619.5,621.5,30
2022-08-22T02:00:00+0000,621.5,621.5,620.25,620.5,14
2022-08-22T03:00:00+0000,620.625,621.375,620.5,621.25,14
2022-08-22T04:00:00+0000,621.125,621.75,620.75,621.75,9
2022-08-22T05:00:00+0000,621.5,621.5,621.0,621.0,2
2022-08-22T06:00:00+0000,620.0,622.375,620.0,622.125,10
2022-08-22T07:00:00+0000,621.5,621.5,619.5,619.5,19
2022-08-22T08:00:00+0000,619.25,620.125,618.375,619.25,47
2022-08-22T09:00:00+0000,619.75,620.75,619.25,620.25,51
2022-08-22T10:00:00+0000,620.375,623.625,620.375,623.0,38
2022-08-22T11:00:00+0000,623.125,623.625,622.0,623.625,25
2022-08-22T12:00:00+0000,623.75,624.375,622.75,623.25,33
2022-08-22T13:00:00+0000,622.625,625.375,620.125,620.375,159
2022-08-22T14:00:00+0000,620.0,621.875,614.5,620.875,260
2022-08-22T15:00:00+0000,620.25,626.625,620.25,625.375,304
2022-08-22T16:00:00+0000,625.375,631.0,625.375,628.75,195
2022-08-22T17:00:00+0000,629.0,629.0,626.625,628.875,111
2022-08-22T18:00:00+0000,629.125,630.25,626.375,628.5,78
2022-08-23T00:00:00+0000,632.25,639.0,630.5,638.5,190
2022-08-23T01:00:00+0000,638.375,642.25,638.0,641.5,101
2022-08-23T02:00:00+0000,642.375,644.0,641.625,644.0,57
2022-08-23T03:00:00+0000,644.0,645.0,642.75,643.125,57
2022-08-23T04:00:00+0000,643.125,643.625,642.375,642.5,25
2022-08-23T05:00:00+0000,642.5,642.5,641.5,642.0,54
2022-08-23T06:00:00+0000,641.75,643.0,641.375,642.875,45
2022-08-23T07:00:00+0000,642.75,645.625,642.125,643.75,65
2022-08-23T08:00:00+0000,643.75,645.0,642.375,644.5,43
2022-08-23T09:00:00+0000,644.25,647.0,643.75,646.875,117
2022-08-23T10:00:00+0000,647.125,647.25,643.5,643.5,116
2022-08-23T11:00:00+0000,644.0,645.75,643.625,645.0,42
2022-08-23T12:00:00+0000,644.0,646.0,642.75,645.375,61
2022-08-23T13:00:00+0000,645.0,654.0,645.0,650.875,514
2022-08-23T14:00:00+0000,651.625,661.875,650.375,658.0,574
2022-08-23T15:00:00+0000,656.875,659.5,653.75,658.375,325
2022-08-23T16:00:00+0000,658.75,659.75,655.0,655.0,205
2022-08-23T17:00:00+0000,655.375,656.5,652.5,652.75,186
2022-08-23T18:00:00+0000,653.375,656.875,653.25,656.5,81
2022-08-24T00:00:00+0000,655.25,662.5,655.25,660.5,219
2022-08-24T01:00:00+0000,660.25,665.25,660.25,663.375,217
2022-08-24T02:00:00+0000,663.375,664.5,663.25,664.0,62
2022-08-24T03:00:00+0000,664.25,665.25,664.125,665.25,47
2022-08-24T04:00:00+0000,665.125,665.25,664.25,664.25,34
2022-08-24T05:00:00+0000,664.0,664.75,663.75,664.125,43
2022-08-24T06:00:00+0000,664.0,665.0,663.375,664.125,28
2022-08-24T07:00:00+0000,664.0,664.25,662.625,663.75,45
2022-08-24T08:00:00+0000,664.0,665.25,663.25,665.0,31
2022-08-24T09:00:00+0000,665.0,666.75,665.0,666.25,42
2022-08-24T10:00:00+0000,666.125,666.625,662.875,664.25,37
2022-08-24T11:00:00+0000,664.75,666.125,663.25,663.75,73
2022-08-24T12:00:00+0000,664.375,666.625,663.875,664.875,72
2022-08-24T13:00:00+0000,665.375,670.75,658.0,662.0,404
2022-08-24T14:00:00+0000,661.75,664.125,650.25,651.125,517
2022-08-24T15:00:00+0000,651.25,655.75,650.5,653.625,268
2022-08-24T16:00:00+0000,654.5,657.75,654.125,655.625,129
2022-08-24T17:00:00+0000,656.375,657.375,653.375,655.625,157
2022-08-24T18:00:00+0000,656.0,657.75,655.625,657.625,134
2022-08-25T00:00:00+0000,656.125,661.0,656.125,659.625,125
2022-08-25T01:00:00+0000,660.375,662.0,659.625,661.375,76
2022-08-25T02:00:00+0000,661.75,662.0,661.0,662.0,45
2022-08-25T03:00:00+0000,662.0,662.0,661.25,661.375,16
2022-08-25T04:00:00+0000,661.5,662.375,661.125,662.375,18
2022-08-25T05:00:00+0000,662.375,663.0,661.75,661.875,49
2022-08-25T06:00:00+0000,662.0,663.25,661.5,662.5,33
2022-08-25T07:00:00+0000,662.5,664.375,662.5,664.375,21
2022-08-25T08:00:00+0000,663.625,663.625,661.75,661.75,37
2022-08-25T09:00:00+0000,662.0,662.25,660.5,660.625,55
2022-08-25T10:00:00+0000,660.25,663.0,660.25,662.375,30
2022-08-25T11:00:00+0000,662.0,666.5,662.0,665.0,116
2022-08-25T12:00:00+0000,664.625,665.625,658.375,658.375,111
2022-08-25T13:00:00+0000,658.5,663.875,658.375,663.875,272
2022-08-25T14:00:00+0000,663.75,665.375,658.0,658.0,273
2022-08-25T15:00:00+0000,658.25,658.25,652.375,656.0,332
2022-08-25T16:00:00+0000,656.0,656.125,651.25,654.0,153
2022-08-25T17:00:00+0000,653.875,655.125,650.375,650.875,140
2022-08-25T18:00:00+0000,650.375,652.25,649.25,650.0,127
2022-08-26T00:00:00+0000,648.25,652.5,645.5,651.0,176
2022-08-26T01:00:00+0000,651.375,656.125,651.375,654.75,104
2022-08-26T02:00:00+0000,654.75,657.625,654.5,657.375,48
2022-08-26T03:00:00+0000,657.125,657.125,656.125,657.0,13
2022-08-26T04:00:00+0000,656.5,656.625,656.125,656.5,17
2022-08-26T05:00:00+0000,656.125,656.5,655.25,656.0,34
2022-08-26T06:00:00+0000,656.0,657.125,655.875,656.5,20
2022-08-26T07:00:00+0000,656.25,656.625,654.75,656.5,38
2022-08-26T08:00:00+0000,656.5,656.875,655.75,655.875,29
2022-08-26T09:00:00+0000,654.75,656.25,652.875,656.0,46
2022-08-26T10:00:00+0000,657.0,657.125,654.875,655.375,43
2022-08-26T11:00:00+0000,656.125,657.375,655.5,656.5,28
2022-08-26T12:00:00+0000,657.0,657.875,653.25,653.25,52
2022-08-26T13:00:00+0000,653.75,661.875,653.75,660.0,289
2022-08-26T14:00:00+0000,659.75,663.5,653.0,657.125,333
2022-08-26T15:00:00+0000,656.75,663.375,656.5,662.5,210
2022-08-26T16:00:00+0000,662.25,662.25,659.875,661.75,142
2022-08-26T17:00:00+0000,662.0,664.625,662.0,664.125,150
2022-08-26T18:00:00+0000,664.25,668.875,662.5,667.75,215
2022-08-29T00:00:00+0000,670.0,673.875,666.125,666.875,394
2022-08-29T01:00:00+0000,666.875,670.0,666.75,670.0,65
2022-08-29T02:00:00+0000,670.0,671.875,669.5,671.625,52
2022-08-29T03:00:00+0000,671.625,672.625,671.125,672.375,29
2022-08-29T04:00:00+0000,672.25,673.0,671.75,672.5,32
2022-08-29T05:00:00+0000,672.25,674.75,672.25,673.25,79
2022-08-29T06:00:00+0000,673.25,673.5,671.375,673.5,54
2022-08-29T07:00:00+0000,673.375,673.75,671.375,672.5,49
2022-08-29T08:00:00+0000,672.5,672.625,668.5,668.5,40
2022-08-29T09:00:00+0000,668.875,671.0,668.875,670.625,54
2022-08-29T10:00:00+0000,670.375,672.125,669.875,671.0,39
2022-08-29T11:00:00+0000,670.75,671.375,669.375,670.875,51
2022-08-29T12:00:00+0000,670.375,674.625,669.125,674.5,100
2022-08-29T13:00:00+0000,674.5,674.5,668.875,671.125,175
2022-08-29T14:00:00+0000,671.25,678.625,671.125,677.75,446
2022-08-29T15:00:00+0000,678.25,681.25,676.75,679.0,321
2022-08-29T16:00:00+0000,679.0,680.75,677.5,680.0,244
2022-08-29T17:00:00+0000,680.125,683.625,679.625,683.625,220
2022-08-29T18:00:00+0000,683.25,684.0,681.375,684.0,146
2022-08-30T00:00:00+0000,681.875,682.25,676.875,677.0,149
2022-08-30T01:00:00+0000,676.875,677.75,674.25,674.25,82
2022-08-30T02:00:00+0000,674.5,676.125,673.375,674.5,83
2022-08-30T03:00:00+0000,674.25,674.25,673.75,673.875,38
2022-08-30T04:00:00+0000,673.75,675.125,673.125,675.125,38
2022-08-30T05:00:00+0000,675.0,676.5,675.0,676.5,17
2022-08-30T06:00:00+0000,676.5,677.5,676.5,676.5,19
2022-08-30T07:00:00+0000,676.75,678.625,675.0,677.0,50
2022-08-30T08:00:00+0000,677.0,678.0,677.0,677.0,28
2022-08-30T09:00:00+0000,676.5,676.5,673.75,675.25,73
2022-08-30T10:00:00+0000,675.0,675.0,673.125,673.25,25
2022-08-30T11:00:00+0000,673.875,673.875,671.25,671.25,98
2022-08-30T12:00:00+0000,671.125,674.375,670.875,671.375,79
2022-08-30T13:00:00+0000,671.75,679.125,671.625,678.0,343
2022-08-30T14:00:00+0000,677.875,677.875,673.5,675.75,288
2022-08-30T15:00:00+0000,675.5,676.0,672.0,675.0,155
2022-08-30T16:00:00+0000,674.5,675.25,671.125,672.875,105
2022-08-30T17:00:00+0000,673.0,675.75,672.625,675.75,157
2022-08-30T18:00:00+0000,675.375,678.625,674.875,678.625,194
2022-08-31T00:00:00+0000,677.5,678.0,675.625,676.875,79
2022-08-31T01:00:00+0000,677.5,677.625,676.0,676.0,21
2022-08-31T02:00:00+0000,675.75,676.0,674.75,676.0,19
2022-08-31T03:00:00+0000,676.5,676.5,676.125,676.25,15
2022-08-31T04:00:00+0000,676.75,678.625,676.75,678.5,27
2022-08-31T05:00:00+0000,678.5,680.625,678.5,679.75,120
2022-08-31T06:00:00+0000,679.875,679.875,678.875,679.0,59
2022-08-31T07:00:00+0000,679.375,679.375,676.875,677.0,39
2022-08-31T08:00:00+0000,677.75,677.75,671.625,671.625,94
2022-08-31T09:00:00+0000,671.125,671.125,666.75,668.625,209
2022-08-31T10:00:00+0000,668.5,670.375,668.5,669.625,69
2022-08-31T11:00:00+0000,669.75,669.75,667.375,667.75,79
2022-08-31T12:00:00+0000,667.5,667.5,663.625,665.0,147
2022-08-31T13:00:00+0000,665.125,668.625,662.5,665.625,317
2022-08-31T14:00:00+0000,666.0,667.5,661.125,666.0,378
2022-08-31T15:00:00+0000,666.0,673.0,663.75,670.25,248
2022-08-31T16:00:00+0000,670.125,671.25,666.5,670.875,172
2022-08-31T17:00:00+0000,670.5,670.5,666.125,669.375,131
2022-08-31T18:00:00+0000,670.0,671.25,669.375,670.0,130
2022-09-01T00:00:00+0000,669.875,671.25,666.375,671.25,101
2022-09-01T01:00:00+0000,671.5,672.75,670.75,671.25,46
2022-09-01T02:00:00+0000,671.25,671.625,668.0,668.0,46
2022-09-01T03:00:00+0000,668.125,668.5,667.125,667.5,32
2022-09-01T04:00:00+0000,667.5,667.875,667.375,667.375,36
2022-09-01T05:00:00+0000,667.5,667.75,667.5,667.5,17
2022-09-01T06:00:00+0000,667.0,668.0,666.125,667.5,38
2022-09-01T07:00:00+0000,666.875,666.875,664.125,665.75,60
2022-09-01T08:00:00+0000,665.875,665.875,661.625,662.5,119
2022-09-01T09:00:00+0000,662.75,666.125,662.75,664.0,44
2022-09-01T10:00:00+0000,663.875,663.875,661.125,662.0,69
2022-09-01T11:00:00+0000,661.875,662.25,658.625,660.875,133
2022-09-01T12:00:00+0000,661.375,662.875,660.25,662.0,68
2022-09-01T13:00:00+0000,662.125,670.5,662.125,665.625,373
2022-09-01T14:00:00+0000,665.875,670.875,662.125,662.375,340
2022-09-01T15:00:00+0000,662.25,664.375,658.25,659.5,279
2022-09-01T16:00:00+0000,659.75,661.625,654.125,655.875,268
2022-09-01T17:00:00+0000,655.625,659.875,655.0,658.375,159
2022-09-01T18:00:00+0000,658.5,658.75,657.375,658.75,53
2022-09-02T00:00:00+0000,657.5,660.0,656.625,659.5,97
2022-09-02T01:00:00+0000,659.5,659.875,659.0,659.5,16
2022-09-02T02:00:00+0000,659.25,660.75,658.5,660.625,19
2022-09-02T03:00:00+0000,661.125,661.125,660.375,660.75,24
2022-09-02T04:00:00+0000,661.0,661.25,660.625,661.0,12
2022-09-02T05:00:00+0000,661.0,661.25,660.0,660.375,24
2022-09-02T06:00:00+0000,660.875,661.75,660.5,661.5,12
2022-09-02T07:00:00+0000,660.375,662.0,660.375,660.75,17
2022-09-02T08:00:00+0000,660.5,663.125,660.5,662.25,27
2022-09-02T09:00:00+0000,663.0,664.5,663.0,664.125,31
2022-09-02T10:00:00+0000,663.75,664.375,662.25,663.5,21
2022-09-02T11:00:00+0000,662.75,664.0,662.125,663.5,17
2022-09-02T12:00:00+0000,663.5,665.75,663.0,665.5,78
2022-09-02T13:00:00+0000,665.25,666.375,661.875,666.125,139
2022-09-02T14:00:00+0000,666.125,669.625,665.125,667.25,255
2022-09-02T15:00:00+0000,666.75,668.5,666.375,668.5,151
2022-09-02T16:00:00+0000,668.75,668.75,665.125,666.75,83
2022-09-02T17:00:00+0000,666.5,666.875,664.5,666.0,144
2022-09-02T18:00:00+0000,666.0,666.5,664.0,664.0,89
2022-09-06T00:00:00+0000,664.375,672.625,664.375,671.125,220
2022-09-06T01:00:00+0000,671.125,673.5,670.75,672.125,97
2022-09-06T02:00:00+0000,671.625,671.875,670.25,671.0,34
2022-09-06T03:00:00+0000,670.875,671.625,670.375,671.25,16
2022-09-06T04:00:00+0000,671.0,671.375,670.5,671.375,12
2022-09-06T05:00:00+0000,671.0,671.0,670.25,670.25,10
2022-09-06T06:00:00+0000,670.625,671.5,670.0,671.5,32
2022-09-06T07:00:00+0000,670.875,670.875,669.375,669.75,19
2022-09-06T08:00:00+0000,670.0,670.25,668.0,668.0,24
2022-09-06T09:00:00+0000,667.875,667.875,666.25,667.5,44
2022-09-06T10:00:00+0000,667.5,667.75,666.625,667.0,34
2022-09-06T11:00:00+0000,667.125,667.625,664.625,666.25,47
2022-09-06T12:00:00+0000,665.25,667.5,664.25,666.75,23
2022-09-06T13:00:00+0000,666.0,668.0,661.375,666.25,185
2022-09-06T14:00:00+0000,666.0,669.125,665.125,668.125,211
2022-09-06T15:00:00+0000,667.875,671.5,667.0,671.0,126
2022-09-06T16:00:00+0000,671.0,676.375,670.5,675.125,280
2022-09-06T17:00:00+0000,674.25,675.25,672.625,674.5,150
2022-09-06T18:00:00+0000,674.625,677.5,673.5,676.75,91
2022-09-07T00:00:00+0000,675.625,675.625,670.625,671.25,91
2022-09-07T01:00:00+0000,671.375,671.375,669.375,669.875,80
2022-09-07T02:00:00+0000,669.75,670.25,668.875,670.25,28
2022-09-07T03:00:00+0000,670.125,670.125,669.125,669.5,37
2022-09-07T04:00:00+0000,669.5,670.0,669.5,669.875,7
2022-09-07T05:00:00+0000,669.5,670.0,669.25,670.0,20
2022-09-07T06:00:00+0000,670.125,671.25,670.0,671.125,35
2022-09-07T07:00:00+0000,671.5,677.5,670.0,677.5,148
2022-09-07T08:00:00+0000,677.875,681.875,677.625,680.5,211
2022-09-07T09:00:00+0000,680.5,680.625,678.75,679.0,56
2022-09-07T10:00:00+0000,679.0,681.875,679.0,681.75,73
2022-09-07T11:00:00+0000,681.125,683.75,681.125,682.125,120
2022-09-07T12:00:00+0000,682.5,683.0,680.5,681.375,52
2022-09-07T13:00:00+0000,680.375,687.75,678.0,682.625,439
2022-09-07T14:00:00+0000,681.625,686.625,680.75,681.125,356
2022-09-07T15:00:00+0000,681.25,681.25,671.75,674.0,363
2022-09-07T16:00:00+0000,673.625,674.5,671.0,673.0,132
2022-09-07T17:00:00+0000,673.125,674.625,671.75,673.0,88
2022-09-07T18:00:00+0000,672.625,673.0,669.625,669.625,112
2022-09-08T00:00:00+0000,671.0,673.375,667.5,672.5,123
2022-09-08T01:00:00+0000,674.0,675.125,673.5,673.5,42
2022-09-08T02:00:00+0000,673.5,673.625,672.5,673.25,29
2022-09-08T03:00:00+0000,673.25,673.375,672.5,672.5,18
2022-09-08T04:00:00+0000,672.75,672.75,671.75,672.0,13
2022-09-08T05:00:00+0000,672.125,673.25,672.125,672.875,29
2022-09-08T06:00:00+0000,672.375,672.625,670.75,670.75,28
2022-09-08T07:00:00+0000,671.75,673.5,671.625,673.375,23
2022-09-08T08:00:00+0000,673.75,673.75,671.25,673.0,20
2022-09-08T09:00:00+0000,672.75,673.0,671.125,671.375,18
2022-09-08T10:00:00+0000,671.25,671.25,667.625,670.5,115
2022-09-08T11:00:00+0000,669.875,670.0,667.875,668.75,43
2022-09-08T12:00:00+0000,668.0,670.875,666.625,667.0,107
2022-09-08T13:00:00+0000,667.5,672.625,667.0,668.125,314
2022-09-08T14:00:00+0000,667.625,670.125,659.125,662.25,450
2022-09-08T15:00:00+0000,662.0,666.5,662.0,663.625,176
2022-09-08T16:00:00+0000,663.5,665.875,663.0,665.5,100
2022-09-08T17:00:00+0000,665.0,669.625,665.0,669.375,86
2022-09-08T18:00:00+0000,669.625,671.0,667.5,669.75,87
2022-09-09T00:00:00+0000,668.5,671.5,668.125,671.0,104
2022-09-09T01:00:00+0000,670.875,672.5,670.5,672.5,32
2022-09-09T02:00:00+0000,672.25,673.5,672.0,672.875,40
2022-09-09T03:00:00+0000,672.75,672.75,671.25,671.625,15
2022-09-09T04:00:00+0000,671.875,672.0,671.625,671.875,9
2022-09-09T05:00:00+0000,671.625,672.875,671.25,672.5,13
2022-09-09T06:00:00+0000,672.25,672.5,670.25,670.25,31
2022-09-09T07:00:00+0000,671.0,673.25,670.75,673.25,25
2022-09-09T08:00:00+0000,672.75,674.125,672.625,673.5,29
2022-09-09T09:00:00+0000,673.875,675.0,673.625,674.25,37
2022-09-09T10:00:00+0000,674.375,674.375,672.375,672.875,25
2022-09-09T11:00:00+0000,673.125,673.125,671.0,671.625,30
2022-09-09T12:00:00+0000,671.75,673.75,671.5,673.375,32
2022-09-09T13:00:00+0000,672.75,677.5,672.625,674.0,215
2022-09-09T14:00:00+0000,673.875,678.75,673.625,677.0,258
2022-09-09T15:00:00+0000,677.375,680.5,677.0,680.5,206
2022-09-09T16:00:00+0000,680.0,684.125,679.625,683.125,319
2022-09-09T17:00:00+0000,682.75,685.125,682.25,684.125,222
2022-09-09T18:00:00+0000,684.0,686.0,681.875,684.875,127
2022-09-12T00:00:00+0000,683.25,683.25,679.375,680.25,133
2022-09-12T01:00:00+0000,679.625,679.75,678.375,679.25,46
2022-09-12T02:00:00+0000,679.25,680.625,679.0,679.25,30
2022-09-12T03:00:00+0000,679.375,680.25,679.375,680.25,11
2022-09-12T04:00:00+0000,680.25,681.125,680.25,681.0,28
2022-09-12T05:00:00+0000,680.5,680.5,680.25,680.25,5
2022-09-12T06:00:00+0000,680.0,683.125,680.0,683.0,33
2022-09-12T07:00:00+0000,683.25,683.625,682.0,682.0,33
2022-09-12T08:00:00+0000,683.375,684.75,683.125,684.5,27
2022-09-12T09:00:00+0000,685.0,687.375,683.5,686.5,91
2022-09-12T10:00:00+0000,685.75,686.75,684.625,685.5,38
2022-09-12T11:00:00+0000,685.625,685.75,679.875,680.0,70
2022-09-12T12:00:00+0000,680.25,680.75,679.0,679.875,64
2022-09-12T13:00:00+0000,680.5,682.5,675.75,679.25,297
2022-09-12T14:00:00+0000,679.25,682.25,677.375,680.75,201
2022-09-12T15:00:00+0000,681.0,683.625,679.375,682.125,173
2022-09-12T16:00:00+0000,683.5,699.375,681.0,699.25,1295
2022-09-12T17:00:00+0000,699.125,699.125,693.625,695.875,302
2022-09-12T18:00:00+0000,696.25,696.25,693.25,693.625,78
2022-09-13T00:00:00+0000,695.0,697.375,694.0,696.375,166
2022-09-13T01:00:00+0000,695.25,696.0,692.625,695.625,103
2022-09-13T02:00:00+0000,695.375,696.125,695.0,696.125,31
2022-09-13T03:00:00+0000,696.0,696.75,696.0,696.375,23
2022-09-13T04:00:00+0000,696.375,696.5,696.25,696.25,7
2022-09-13T05:00:00+0000,696.375,697.5,696.375,696.75,16
2022-09-13T06:00:00+0000,696.75,697.75,696.0,696.0,36
2022-09-13T07:00:00+0000,695.75,696.5,695.625,695.625,23
2022-09-13T08:00:00+0000,695.625,697.125,695.625,697.0,23
2022-09-13T09:00:00+0000,696.875,697.0,692.625,693.75,61
2022-09-13T10:00:00+0000,693.875,697.125,693.75,696.625,52
2022-09-13T11:00:00+0000,696.5,698.125,696.5,697.5,42
2022-09-13T12:00:00+0000,697.875,697.875,690.375,692.0,143
2022-09-13T13:00:00+0000,690.5,696.0,689.125,692.375,276
2022-09-13T14:00:00+0000,692.375,695.375,691.0,693.0,291
2022-09-13T15:00:00+0000,693.0,696.0,692.0,692.25,121
2022-09-13T16:00:00+0000,692.375,693.5,690.75,691.5,136
2022-09-13T17:00:00+0000,691.0,691.875,688.125,690.25,121
2022-09-13T18:00:00+0000,690.875,693.0,690.375,690.375,82
2022-09-14T00:00:00+0000,690.5,691.5,688.875,689.25,127
2022-09-14T01:00:00+0000,689.25,689.875,687.375,689.0,42
2022-09-14T02:00:00+0000,689.625,691.25,689.625,691.0,34
2022-09-14T03:00:00+0000,690.0,690.875,689.625,690.25,13
2022-09-14T04:00:00+0000,690.25,690.25,689.875,690.25,3
2022-09-14T05:00:00+0000,690.75,690.75,690.0,690.625,17
2022-09-14T06:00:00+0000,690.625,692.0,690.5,691.5,57
2022-09-14T07:00:00+0000,691.75,691.75,689.125,689.625,19
2022-09-14T08:00:00+0000,690.0,692.5,690.0,691.875,21
2022-09-14T09:00:00+0000,691.5,692.5,690.25,690.75,19
2022-09-14T10:00:00+0000,691.125,691.75,690.0,690.25,20
2022-09-14T11:00:00+0000,689.875,689.875,685.5,685.625,107
2022-09-14T12:00:00+0000,685.625,686.875,682.875,686.375,173
2022-09-14T13:00:00+0000,686.0,689.5,684.875,688.0,166
2022-09-14T14:00:00+0000,688.0,690.125,686.375,686.375,208
2022-09-14T15:00:00+0000,687.0,687.0,681.375,684.75,203
2022-09-14T16:00:00+0000,684.5,685.5,683.0,684.625,118
2022-09-14T17:00:00+0000,684.875,685.0,683.5,683.75,73
2022-09-14T18:00:00+0000,684.125,684.25,681.625,681.75,107
2022-09-15T00:00:00+0000,681.625,682.875,679.0,681.125,145
2022-09-15T01:00:00+0000,681.0,682.875,679.375,682.5,116
2022-09-15T02:00:00+0000,682.625,683.5,681.125,681.125,39
2022-09-15T03:00:00+0000,681.125,681.125,679.75,679.75,23
2022-09-15T04:00:00+0000,679.625,679.875,678.625,679.125,41
2022-09-15T05:00:00+0000,679.0,679.875,678.625,679.375,22
2022-09-15T06:00:00+0000,679.375,679.5,679.0,679.0,16
2022-09-15T07:00:00+0000,678.5,681.0,678.5,680.0,24
2022-09-15T08:00:00+0000,679.5,680.5,677.375,680.5,53
2022-09-15T09:00:00+0000,680.5,683.25,680.25,682.75,64
2022-09-15T10:00:00+0000,683.25,685.375,683.0,684.0,80
2022-09-15T11:00:00+0000,683.875,685.875,683.375,684.0,57
2022-09-15T12:00:00+0000,683.75,684.375,681.25,684.125,82
2022-09-15T13:00:00+0000,684.25,686.25,680.875,686.0,261
2022-09-15T14:00:00+0000,686.25,689.875,680.375,681.125,325
2022-09-15T15:00:00+0000,680.625,681.875,678.25,679.0,190
2022-09-15T16:00:00+0000,678.5,682.375,678.375,680.625,182
2022-09-15T17:00:00+0000,680.375,680.625,677.625,678.125,130
2022-09-15T18:00:00+0000,678.875,680.0,676.0,677.0,113
2022-09-16T00:00:00+0000,676.25,679.375,674.375,678.625,128
2022-09-16T01:00:00+0000,678.375,680.25,677.75,678.125,50
2022-09-16T02:00:00+0000,678.375,678.375,676.625,676.625,46
2022-09-16T03:00:00+0000,676.75,676.75,675.375,675.375,33
2022-09-16T04:00:00+0000,676.25,676.5,675.875,675.875,31
2022-09-16T05:00:00+0000,676.0,676.5,675.625,676.5,23
2022-09-16T06:00:00+0000,676.25,677.125,676.25,677.0,27
2022-09-16T07:00:00+0000,678.0,678.0,674.75,675.5,58
2022-09-16T08:00:00+0000,675.5,675.5,672.75,673.375,125
2022-09-16T09:00:00+0000,673.5,675.0,671.875,672.25,35
2022-09-16T10:00:00+0000,671.75,673.25,671.75,672.5,30
2022-09-16T11:00:00+0000,672.625,674.875,672.375,674.0,79
2022-09-16T12:00:00+0000,674.25,675.125,673.5,675.0,53
2022-09-16T13:00:00+0000,674.75,676.25,668.375,671.0,257
2022-09-16T14:00:00+0000,671.75,677.125,667.625,674.75,267
2022-09-16T15:00:00+0000,674.75,680.0,671.625,678.25,219
2022-09-16T16:00:00+0000,678.375,679.875,674.625,674.875,169
2022-09-16T17:00:00+0000,674.75,680.875,674.5,678.125,120
2022-09-16T18:00:00+0000,678.25,679.0,677.0,679.0,103
2022-09-19T00:00:00+0000,676.125,679.75,675.0,678.375,54
2022-09-19T01:00:00+0000,679.0,679.875,678.625,678.75,32
2022-09-19T02:00:00+0000,678.5,679.25,676.875,679.25,39
2022-09-19T03:00:00+0000,679.0,679.0,678.25,678.5,9
2022-09-19T04:00:00+0000,678.375,679.0,678.0,678.125,26
2022-09-19T05:00:00+0000,678.0,678.625,677.25,677.25,17
2022-09-19T06:00:00+0000,677.375,677.375,676.125,676.125,26
2022-09-19T07:00:00+0000,676.125,677.0,674.375,674.375,44
2022-09-19T08:00:00+0000,674.25,675.375,674.25,674.5,10
2022-09-19T09:00:00+0000,674.125,674.375,672.5,672.875,30
2022-09-19T10:00:00+0000,673.25,675.0,673.0,675.0,20
2022-09-19T11:00:00+0000,675.0,675.0,671.125,673.0,74
2022-09-19T12:00:00+0000,672.75,673.0,671.25,671.5,53
2022-09-19T13:00:00+0000,672.125,675.375,668.75,670.5,259
2022-09-19T14:00:00+0000,670.75,676.375,669.75,674.25,880
2022-09-19T15:00:00+0000,673.75,675.875,672.0,673.625,100
2022-09-19T16:00:00+0000,673.875,675.25,672.75,675.25,52
2022-09-19T17:00:00+0000,675.0,679.0,674.625,678.25,73
2022-09-19T18:00:00+0000,678.5,679.0,677.25,677.25,42
2022-09-20T00:00:00+0000,677.125,681.375,677.125,679.25,137
2022-09-20T01:00:00+0000,679.25,679.75,678.5,679.5,39
2022-09-20T02:00:00+0000,679.875,680.625,679.625,680.25,27
2022-09-20T03:00:00+0000,679.125,680.0,679.125,680.0,6
2022-09-20T04:00:00+0000,680.25,680.75,679.875,680.75,16
2022-09-20T05:00:00+0000,680.625,681.125,680.0,681.125,19
2022-09-20T06:00:00+0000,681.25,682.875,681.0,681.5,76
2022-09-20T07:00:00+0000,681.625,683.125,681.625,682.875,21
2022-09-20T08:00:00+0000,683.0,683.25,682.0,682.75,23
2022-09-20T09:00:00+0000,683.125,683.375,680.875,681.5,56
2022-09-20T10:00:00+0000,682.0,683.875,681.625,682.5,49
2022-09-20T11:00:00+0000,682.5,682.5,679.875,680.5,64
2022-09-20T12:00:00+0000,680.0,683.125,679.125,683.125,60
2022-09-20T13:00:00+0000,681.5,688.5,681.5,687.125,412
2022-09-20T14:00:00+0000,686.625,691.0,685.375,689.375,420
2022-09-20T15:00:00+0000,689.625,693.5,689.0,692.25,392
2022-09-20T16:00:00+0000,692.875,692.875,689.5,692.0,256
2022-09-20T17:00:00+0000,692.375,692.75,690.625,691.375,164
2022-09-20T18:00:00+0000,691.125,693.375,691.0,691.0,105
2022-09-21T00:00:00+0000,691.125,692.0,688.125,688.125,144
2022-09-21T01:00:00+0000,688.25,689.625,688.25,688.625,42
2022-09-21T02:00:00+0000,688.625,689.75,688.375,689.5,25
2022-09-21T03:00:00+0000,689.75,690.375,689.625,690.375,33
2022-09-21T04:00:00+0000,690.375,690.375,689.75,689.75,7
2022-09-21T05:00:00+0000,690.0,691.0,689.875,691.0,17
2022-09-21T06:00:00+0000,691.0,697.5,691.0,697.5,247
2022-09-21T07:00:00+0000,697.375,698.25,695.375,695.375,49
2022-09-21T08:00:00+0000,695.25,696.625,693.5,694.0,55
2022-09-21T09:00:00+0000,694.0,696.5,694.0,695.0,35
2022-09-21T10:00:00+0000,694.625,696.0,693.25,695.875,49
2022-09-21T11:00:00+0000,694.875,696.125,694.0,695.125,55
2022-09-21T12:00:00+0000,695.0,695.0,690.375,691.0,102
2022-09-21T13:00:00+0000,691.0,695.125,683.875,684.375,442
2022-09-21T14:00:00+0000,684.125,685.625,679.375,684.0,476
2022-09-21T15:00:00+0000,684.0,686.25,683.0,685.75,475
2022-09-21T16:00:00+0000,685.625,686.625,684.125,686.5,78
2022-09-21T17:00:00+0000,686.5,688.5,685.875,686.25,252
2022-09-21T18:00:00+0000,686.375,686.625,684.875,685.625,290
2022-09-22T00:00:00+0000,685.0,685.0,681.625,683.75,69
2022-09-22T01:00:00+0000,683.875,686.875,683.5,686.875,63
2022-09-22T02:00:00+0000,686.875,687.875,685.25,687.0,40
2022-09-22T03:00:00+0000,686.625,687.625,686.0,686.0,14
2022-09-22T04:00:00+0000,686.5,686.5,685.125,685.25,44
2022-09-22T05:00:00+0000,685.5,687.625,685.5,687.625,16
2022-09-22T06:00:00+0000,687.5,688.0,686.375,686.375,40
2022-09-22T07:00:00+0000,686.375,689.125,685.25,689.0,44
2022-09-22T08:00:00+0000,689.0,691.375,688.375,688.375,91
2022-09-22T09:00:00+0000,688.5,690.0,688.0,688.0,57
2022-09-22T10:00:00+0000,688.25,688.5,686.625,687.5,25
2022-09-22T11:00:00+0000,686.875,688.5,684.875,688.0,38
2022-09-22T12:00:00+0000,687.75,689.25,685.25,686.125,57
2022-09-22T13:00:00+0000,686.0,690.875,685.875,686.875,238
2022-09-22T14:00:00+0000,686.875,687.125,682.5,685.75,263
2022-09-22T15:00:00+0000,685.0,688.625,684.375,686.5,94
2022-09-22T16:00:00+0000,687.625,691.125,685.75,689.875,148
2022-09-22T17:00:00+0000,690.0,690.625,688.625,689.25,78
2022-09-22T18:00:00+0000,689.625,690.0,687.0,687.625,45
2022-09-23T00:00:00+0000,687.0,687.875,685.75,686.5,59
2022-09-23T01:00:00+0000,686.0,686.25,684.75,686.0,47
2022-09-23T02:00:00+0000,685.875,685.875,684.75,684.75,18
2022-09-23T03:00:00+0000,685.0,685.0,684.125,684.375,17
2022-09-23T04:00:00+0000,684.25,684.5,683.75,684.5,11
2022-09-23T05:00:00+0000,684.125,684.375,682.5,682.5,41
2022-09-23T06:00:00+0000,682.5,683.5,680.75,681.75,117
2022-09-23T07:00:00+0000,681.875,682.5,678.875,681.5,120
2022-09-23T08:00:00+0000,681.125,681.5,680.5,680.75,30
2022-09-23T09:00:00+0000,680.25,680.25,678.0,679.0,69
2022-09-23T10:00:00+0000,679.375,680.25,676.625,676.625,65
2022-09-23T11:00:00+0000,676.875,679.875,676.875,678.25,74
2022-09-23T12:00:00+0000,678.0,678.0,673.625,674.0,152
2022-09-23T13:00:00+0000,674.5,676.0,670.0,671.5,366
2022-09-23T14:00:00+0000,671.0,675.125,671.0,674.5,253
2022-09-23T15:00:00+0000,674.5,679.125,674.125,676.5,318
2022-09-23T16:00:00+0000,677.0,677.0,673.375,676.5,175
2022-09-23T17:00:00+0000,676.75,680.625,676.75,678.5,115
2022-09-23T18:00:00+0000,678.5,678.75,674.5,674.5,113
2022-09-26T00:00:00+0000,673.875,675.25,671.25,673.5,151
2022-09-26T01:00:00+0000,673.0,674.875,672.125,672.125,60
2022-09-26T02:00:00+0000,672.125,672.25,670.125,670.5,47
2022-09-26T03:00:00+0000,670.5,670.875,670.125,670.5,34
2022-09-26T04:00:00+0000,670.125,670.875,669.875,670.5,31
2022-09-26T05:00:00+0000,670.25,670.875,670.0,670.875,19
2022-09-26T06:00:00+0000,670.5,671.0,670.375,671.0,17
2022-09-26T07:00:00+0000,671.0,674.375,671.0,673.75,60
2022-09-26T08:00:00+0000,674.125,674.5,672.625,673.625,35
2022-09-26T09:00:00+0000,673.0,674.0,671.125,671.125,21
2022-09-26T10:00:00+0000,671.0,673.125,670.75,672.875,56
2022-09-26T11:00:00+0000,673.125,673.875,672.625,673.0,37
2022-09-26T12:00:00+0000,673.0,673.875,671.5,673.875,74
2022-09-26T13:00:00+0000,673.0,678.125,672.625,677.0,307
2022-09-26T14:00:00+0000,676.875,679.0,673.625,674.375,165
2022-09-26T15:00:00+0000,673.5,674.375,670.0,671.25,193
2022-09-26T16:00:00+0000,671.625,671.75,666.875,668.5,205
2022-09-26T17:00:00+0000,667.5,668.25,665.5,666.5,292
2022-09-26T18:00:00+0000,666.125,666.875,664.0,664.5,104
2022-09-27T00:00:00+0000,666.125,670.0,666.125,669.25,81
2022-09-27T01:00:00+0000,669.5,669.5,668.375,668.625,28
2022-09-27T02:00:00+0000,668.5,668.625,667.5,667.5,27
2022-09-27T03:00:00+0000,668.25,668.625,668.0,668.0,22
2022-09-27T04:00:00+0000,668.125,668.125,667.25,667.25,8
2022-09-27T05:00:00+0000,667.75,669.375,667.5,669.375,29
2022-09-27T06:00:00+0000,669.5,669.875,668.5,668.75,25
2022-09-27T07:00:00+0000,668.625,669.625,668.625,669.0,19
2022-09-27T08:00:00+0000,669.0,669.5,668.5,668.625,24
2022-09-27T09:00:00+0000,668.5,669.75,668.5,668.875,29
2022-09-27T10:00:00+0000,668.875,670.125,668.25,669.375,32
2022-09-27T11:00:00+0000,669.0,669.75,668.75,669.5,13
2022-09-27T12:00:00+0000,669.375,674.375,669.375,674.0,84
2022-09-27T13:00:00+0000,674.0,675.25,672.0,673.5,238
2022-09-27T14:00:00+0000,673.875,678.125,671.5,673.375,397
2022-09-27T15:00:00+0000,673.0,674.0,670.75,672.25,153
2022-09-27T16:00:00+0000,671.5,672.125,667.5,669.25,188
2022-09-27T17:00:00+0000,668.875,670.75,668.5,670.375,79
2022-09-27T18:00:00+0000,669.75,669.75,667.375,668.5,62
2022-09-28T00:00:00+0000,668.0,668.875,666.375,666.5,70
2022-09-28T01:00:00+0000,667.0,667.0,663.875,663.875,111
2022-09-28T02:00:00+0000,664.25,665.25,664.25,664.875,30
2022-09-28T03:00:00+0000,665.0,666.25,665.0,665.5,18
2022-09-28T04:00:00+0000,665.125,665.375,664.875,665.375,12
2022-09-28T05:00:00+0000,665.0,665.75,663.625,665.0,34
2022-09-28T06:00:00+0000,665.25,666.0,665.25,665.375,23
2022-09-28T07:00:00+0000,664.0,664.0,661.25,661.875,138
2022-09-28T08:00:00+0000,662.125,664.125,661.875,663.875,49
2022-09-28T09:00:00+0000,664.75,666.5,663.625,663.625,56
2022-09-28T10:00:00+0000,663.625,666.875,663.25,666.875,68
2022-09-28T11:00:00+0000,667.0,668.0,666.75,666.75,42
2022-09-28T12:00:00+0000,666.5,670.5,665.625,669.625,140
2022-09-28T13:00:00+0000,671.25,672.375,667.625,670.0,216
2022-09-28T14:00:00+0000,669.75,673.125,667.5,668.625,205
2022-09-28T15:00:00+0000,668.375,669.875,666.625,667.75,167
2022-09-28T16:00:00+0000,667.75,670.375,667.75,668.875,109
2022-09-28T17:00:00+0000,669.5,671.25,669.375,670.75,108
2022-09-28T18:00:00+0000,670.125,671.625,669.375,671.5,91
2022-09-29T00:00:00+0000,670.0,671.625,669.0,669.125,89
2022-09-29T01:00:00+0000,668.5,674.125,668.5,673.0,110
2022-09-29T02:00:00+0000,672.75,673.875,671.625,673.875,61
2022-09-29T03:00:00+0000,674.0,674.5,673.75,674.5,39
2022-09-29T04:00:00+0000,674.5,674.875,674.375,674.5,15
2022-09-29T05:00:00+0000,674.5,675.375,673.625,673.625,42
2022-09-29T06:00:00+0000,673.5,673.5,672.25,672.75,19
2022-09-29T07:00:00+0000,672.0,672.0,669.5,670.0,74
2022-09-29T08:00:00+0000,669.75,672.0,669.5,671.25,41
2022-09-29T09:00:00+0000,671.625,674.5,671.25,673.625,37
2022-09-29T10:00:00+0000,674.0,676.5,673.5,675.0,96
2022-09-29T11:00:00+0000,674.5,674.75,671.25,671.75,54
2022-09-29T12:00:00+0000,671.875,673.25,669.625,672.0,74
2022-09-29T13:00:00+0000,672.0,674.875,669.875,672.625,112
2022-09-29T14:00:00+0000,671.875,671.875,666.125,670.125,280
2022-09-29T15:00:00+0000,670.125,671.75,669.0,671.375,142
2022-09-29T16:00:00+0000,671.25,672.375,669.875,670.25,44
2022-09-29T17:00:00+0000,670.125,671.75,669.0,670.0,76
2022-09-29T18:00:00+0000,669.875,670.0,668.875,669.875,72
2022-09-30T00:00:00+0000,669.5,671.75,668.625,671.375,77
2022-09-30T01:00:00+0000,671.875,672.0,670.625,671.5,25
2022-09-30T02:00:00+0000,670.0,671.25,669.375,670.875,18
2022-09-30T03:00:00+0000,671.375,671.625,670.625,670.625,17
2022-09-30T04:00:00+0000,670.375,671.0,670.375,670.625,9
2022-09-30T05:00:00+0000,670.625,671.625,670.5,670.625,20
2022-09-30T06:00:00+0000,671.125,673.125,670.375,672.75,38
2022-09-30T07:00:00+0000,673.0,674.875,672.75,673.875,53
2022-09-30T08:00:00+0000,674.25,674.5,673.75,674.0,35
2022-09-30T09:00:00+0000,674.5,675.25,673.0,673.25,37
2022-09-30T10:00:00+0000,673.625,674.625,673.625,674.25,11
2022-09-30T11:00:00+0000,674.375,674.75,672.375,674.75,20
2022-09-30T12:00:00+0000,674.875,675.375,672.0,673.625,82
2022-09-30T13:00:00+0000,673.625,674.0,669.5,671.75,207
2022-09-30T14:00:00+0000,672.375,680.75,670.375,680.625,304
2022-09-30T15:00:00+0000,680.875,683.625,678.0,679.125,324
2022-09-30T16:00:00+0000,678.25,696.5,672.5,690.875,1022
2022-09-30T17:00:00+0000,691.0,694.25,681.125,682.625,262
2022-09-30T18:00:00+0000,682.25,682.25,676.625,677.125,228
2022-10-03T00:00:00+0000,679.0,686.0,679.0,685.25,200
2022-10-03T01:00:00+0000,685.375,687.5,685.375,687.125,31
2022-10-03T02:00:00+0000,686.5,686.75,684.5,684.75,15
2022-10-03T03:00:00+0000,684.125,686.0,684.0,685.25,31
2022-10-03T04:00:00+0000,685.125,686.0,685.0,685.625,15
2022-10-03T05:00:00+0000,685.5,685.5,684.0,684.0,21
2022-10-03T06:00:00+0000,683.875,685.25,683.875,685.25,15
2022-10-03T07:00:00+0000,684.75,685.5,682.5,684.0,43
2022-10-03T08:00:00+0000,684.0,685.0,683.0,683.875,21
2022-10-03T09:00:00+0000,684.0,684.25,682.625,683.0,31
2022-10-03T10:00:00+0000,683.375,685.125,682.5,683.875,26
2022-10-03T11:00:00+0000,683.75,685.875,682.625,682.625,53
2022-10-03T12:00:00+0000,683.125,687.0,682.625,686.25,44
2022-10-03T13:00:00+0000,686.0,687.125,674.25,675.0,339
2022-10-03T14:00:00+0000,676.0,677.25,672.625,673.875,611
2022-10-03T15:00:00+0000,673.75,678.0,673.75,676.5,204
2022-10-03T16:00:00+0000,676.5,680.0,676.375,679.875,125
2022-10-03T17:00:00+0000,680.5,680.625,678.625,680.625,287
2022-10-03T18:00:00+0000,680.75,681.125,679.375,680.625,193
2022-10-04T00:00:00+0000,680.375,680.375,678.75,679.375,43
2022-10-04T01:00:00+0000,679.875,680.125,679.0,679.0,23
2022-10-04T02:00:00+0000,678.875,679.5,677.375,677.625,39
2022-10-04T03:00:00+0000,677.5,677.5,676.625,677.25,34
2022-10-04T04:00:00+0000,677.25,677.75,677.25,677.75,13
2022-10-04T05:00:00+0000,677.875,678.5,677.5,678.5,18
2022-10-04T06:00:00+0000,678.5,679.875,678.5,679.875,30
2022-10-04T07:00:00+0000,679.75,681.375,679.75,680.375,48
2022-10-04T08:00:00+0000,681.75,682.875,681.625,682.625,41
2022-10-04T09:00:00+0000,682.875,683.625,682.5,682.875,31
2022-10-04T10:00:00+0000,683.5,683.5,681.375,681.875,29
2022-10-04T11:00:00+0000,681.625,681.625,680.0,680.75,20
2022-10-04T12:00:00+0000,680.5,683.875,680.5,683.0,60
2022-10-04T13:00:00+0000,682.125,687.0,682.125,684.75,187
2022-10-04T14:00:00+0000,685.0,691.25,682.75,690.75,421
2022-10-04T15:00:00+0000,691.0,691.25,683.5,684.5,499
2022-10-04T16:00:00+0000,684.25,686.125,683.375,684.125,91
2022-10-04T17:00:00+0000,684.0,687.5,684.0,684.375,75
2022-10-04T18:00:00+0000,684.125,684.25,682.5,683.75,376
2022-10-05T00:00:00+0000,682.125,683.5,682.0,683.25,74
2022-10-05T01:00:00+0000,683.75,685.0,683.625,683.625,37
2022-10-05T02:00:00+0000,684.75,684.75,684.0,684.5,8
2022-10-05T03:00:00+0000,683.75,683.75,682.875,682.875,11
2022-10-05T04:00:00+0000,683.25,683.625,683.0,683.625,11
2022-10-05T05:00:00+0000,683.875,683.875,683.125,683.625,15
2022-10-05T06:00:00+0000,684.0,685.5,683.875,685.0,21
2022-10-05T07:00:00+0000,684.625,685.0,683.0,683.125,17
2022-10-05T08:00:00+0000,682.875,682.875,680.75,681.0,41
2022-10-05T09:00:00+0000,680.875,681.125,679.625,681.0,73
2022-10-05T10:00:00+0000,680.875,681.25,680.0,680.5,31
2022-10-05T11:00:00+0000,680.0,680.25,678.875,679.875,44
2022-10-05T12:00:00+0000,679.5,680.0,679.0,679.0,30
2022-10-05T13:00:00+0000,679.625,681.0,676.0,680.0,187
2022-10-05T14:00:00+0000,679.125,686.125,678.375,682.75,279
2022-10-05T15:00:00+0000,682.0,687.125,681.875,685.0,105
2022-10-05T16:00:00+0000,685.25,687.375,684.125,684.375,174
2022-10-05T17:00:00+0000,684.75,685.375,682.125,683.0,127
2022-10-05T18:00:00+0000,683.125,684.75,683.0,684.25,76
2022-10-06T00:00:00+0000,683.125,685.5,682.375,685.5,82
2022-10-06T01:00:00+0000,685.5,685.5,684.0,684.25,25
2022-10-06T02:00:00+0000,684.375,684.875,684.25,684.25,6
2022-10-06T03:00:00+0000,684.375,684.5,683.75,684.125,12
2022-10-06T04:00:00+0000,683.75,684.625,683.75,684.625,28
2022-10-06T05:00:00+0000,684.75,685.375,684.75,685.125,9
2022-10-06T06:00:00+0000,685.125,685.125,682.375,682.375,26
2022-10-06T07:00:00+0000,682.625,684.0,682.5,683.875,29
2022-10-06T08:00:00+0000,684.125,684.5,682.25,682.5,25
2022-10-06T09:00:00+0000,682.0,683.25,681.375,682.125,39
2022-10-06T10:00:00+0000,682.125,682.25,680.625,681.0,20
2022-10-06T11:00:00+0000,681.375,682.0,680.875,681.5,30
2022-10-06T12:00:00+0000,681.25,681.25,678.875,679.75,70
2022-10-06T13:00:00+0000,680.5,680.5,678.0,679.0,164
2022-10-06T14:00:00+0000,679.0,679.625,675.5,677.5,298
2022-10-06T15:00:00+0000,677.5,677.5,673.5,673.5,198
2022-10-06T16:00:00+0000,673.25,673.75,671.5,673.5,168
2022-10-06T17:00:00+0000,673.375,675.5,673.375,674.875,90
2022-10-06T18:00:00+0000,675.25,676.0,675.125,676.0,59
2022-10-07T00:00:00+0000,675.5,675.5,673.5,674.125,52
2022-10-07T01:00:00+0000,674.0,674.0,673.375,673.625,18
2022-10-07T02:00:00+0000,673.75,675.0,673.625,674.375,24
2022-10-07T03:00:00+0000,674.125,674.125,672.875,673.5,34
2022-10-07T04:00:00+0000,673.0,673.25,673.0,673.25,2
2022-10-07T05:00:00+0000,672.75,672.875,672.375,672.875,49
2022-10-07T06:00:00+0000,673.0,673.375,671.375,671.375,56
2022-10-07T07:00:00+0000,672.0,674.625,671.625,674.625,57
2022-10-07T08:00:00+0000,674.625,676.875,674.625,675.5,48
2022-10-07T09:00:00+0000,675.875,678.25,675.625,677.375,37
2022-10-07T10:00:00+0000,677.75,678.25,677.0,677.5,41
2022-10-07T11:00:00+0000,678.0,678.625,677.125,677.75,34
2022-10-07T12:00:00+0000,677.5,677.5,676.0,676.0,63
2022-10-07T13:00:00+0000,675.875,679.125,673.75,678.25,125
2022-10-07T14:00:00+0000,678.25,683.375,676.125,681.5,250
2022-10-07T15:00:00+0000,681.75,683.125,679.75,681.875,423
2022-10-07T16:00:00+0000,683.0,684.625,681.375,682.125,150
2022-10-07T17:00:00+0000,681.75,683.125,681.25,682.125,166
2022-10-07T18:00:00+0000,682.125,683.75,681.75,683.125,250
2022-10-10T00:00:00+0000,683.25,686.625,682.5,686.375,168
2022-10-10T01:00:00+0000,686.75,688.5,686.5,687.25,61
2022-10-10T02:00:00+0000,687.5,687.75,686.75,687.125,25
2022-10-10T03:00:00+0000,687.5,688.25,687.5,688.25,30
2022-10-10T04:00:00+0000,688.0,688.375,688.0,688.0,15
2022-10-10T05:00:00+0000,688.0,690.125,687.75,689.25,78
2022-10-10T06:00:00+0000,689.0,689.75,687.5,689.75,22
2022-10-10T07:00:00+0000,689.75,691.5,689.75,690.0,91
2022-10-10T08:00:00+0000,689.875,690.0,688.25,688.75,34
2022-10-10T09:00:00+0000,689.25,690.5,688.5,690.5,30
2022-10-10T10:00:00+0000,691.0,694.25,691.0,693.875,78
2022-10-10T11:00:00+0000,694.125,695.0,692.375,692.5,81
2022-10-10T12:00:00+0000,692.0,692.875,690.875,691.0,40
2022-10-10T13:00:00+0000,691.0,701.0,689.125,699.0,504
2022-10-10T14:00:00+0000,699.5,706.25,699.125,701.625,594
2022-10-10T15:00:00+0000,701.625,705.0,700.75,701.875,209
2022-10-10T16:00:00+0000,701.75,703.375,696.375,696.5,222
2022-10-10T17:00:00+0000,696.5,697.875,695.375,697.625,126
2022-10-10T18:00:00+0000,697.75,699.25,697.125,697.125,70
2022-10-11T00:00:00+0000,697.875,699.0,695.5,698.25,165
2022-10-11T01:00:00+0000,698.0,701.0,698.0,699.0,83
2022-10-11T02:00:00+0000,698.875,699.75,697.625,698.0,56
2022-10-11T03:00:00+0000,698.625,700.5,698.625,700.125,16
2022-10-11T04:00:00+0000,700.75,700.875,699.375,699.625,11
2022-10-11T05:00:00+0000,699.75,701.75,699.625,701.75,47
2022-10-11T06:00:00+0000,702.0,702.0,699.625,699.625,23
2022-10-11T07:00:00+0000,698.75,699.5,696.625,697.375,95
2022-10-11T08:00:00+0000,697.5,698.25,696.375,696.625,46
2022-10-11T09:00:00+0000,696.625,698.125,696.625,697.75,21
2022-10-11T10:00:00+0000,697.125,697.125,694.25,695.5,77
2022-10-11T11:00:00+0000,695.75,699.75,695.75,698.625,53
2022-10-11T12:00:00+0000,698.75,699.375,696.5,697.25,103
2022-10-11T13:00:00+0000,697.25,700.125,695.0,696.25,181
2022-10-11T14:00:00+0000,696.0,696.0,692.125,693.75,267
2022-10-11T15:00:00+0000,694.25,696.25,692.625,693.875,161
2022-10-11T16:00:00+0000,694.0,694.0,691.375,693.25,80
2022-10-11T17:00:00+0000,693.375,694.5,692.125,693.5,63
2022-10-11T18:00:00+0000,693.75,693.875,692.5,692.5,34
2022-10-12T00:00:00+0000,692.625,693.625,692.5,693.25,81
2022-10-12T01:00:00+0000,693.125,693.625,692.875,693.0,27
2022-10-12T02:00:00+0000,692.875,692.875,691.125,691.625,36
2022-10-12T03:00:00+0000,691.25,691.75,691.0,691.375,16
2022-10-12T04:00:00+0000,691.75,691.875,691.125,691.125,19
2022-10-12T05:00:00+0000,691.125,693.0,691.125,693.0,20
2022-10-12T06:00:00+0000,693.125,694.375,693.0,693.375,33
2022-10-12T07:00:00+0000,693.25,693.625,691.875,692.0,29
2022-10-12T08:00:00+0000,692.625,692.875,691.375,691.625,11
2022-10-12T09:00:00+0000,691.5,692.0,690.375,691.5,26
2022-10-12T10:00:00+0000,690.625,691.875,690.625,691.625,15
2022-10-12T11:00:00+0000,692.375,693.125,690.25,692.125,73
2022-10-12T12:00:00+0000,691.875,691.875,689.0,690.125,66
2022-10-12T13:00:00+0000,690.0,690.75,687.5,689.25,166
2022-10-12T14:00:00+0000,688.75,692.375,688.375,691.625,141
2022-10-12T15:00:00+0000,692.25,692.875,690.25,691.625,117
2022-10-12T16:00:00+0000,692.875,701.0,679.625,692.75,801
2022-10-12T17:00:00+0000,693.25,695.375,691.625,692.125,135
2022-10-12T18:00:00+0000,692.375,693.375,690.875,693.125,86
2022-10-13T00:00:00+0000,692.25,694.25,690.5,694.25,90
2022-10-13T01:00:00+0000,694.0,696.375,694.0,694.375,54
2022-10-13T02:00:00+0000,694.5,694.75,692.625,692.625,14
2022-10-13T03:00:00+0000,692.5,693.25,692.25,693.25,23
2022-10-13T04:00:00+0000,693.25,693.875,692.875,693.75,9
2022-10-13T05:00:00+0000,693.5,694.375,693.125,694.0,13
2022-10-13T06:00:00+0000,693.75,694.0,693.125,693.125,18
2022-10-13T07:00:00+0000,692.875,694.125,692.5,693.875,22
2022-10-13T08:00:00+0000,694.0,694.0,691.375,691.75,14
2022-10-13T09:00:00+0000,692.0,693.625,692.0,692.25,12
2022-10-13T10:00:00+0000,692.375,692.375,691.5,692.0,28
2022-10-13T11:00:00+0000,692.5,692.5,689.25,689.5,69
2022-10-13T12:00:00+0000,688.625,689.875,685.0,685.25,110
2022-10-13T13:00:00+0000,685.375,688.125,684.125,685.5,211
2022-10-13T14:00:00+0000,685.0,690.75,684.0,690.125,280
2022-10-13T15:00:00+0000,689.375,693.625,689.375,693.25,150
2022-10-13T16:00:00+0000,693.625,696.0,693.375,695.25,155
2022-10-13T17:00:00+0000,695.5,699.5,695.25,698.25,171
2022-10-13T18:00:00+0000,698.0,698.375,697.25,697.875,42
2022-10-14T00:00:00+0000,697.0,698.25,694.5,697.0,82
2022-10-14T01:00:00+0000,696.875,698.75,696.875,698.625,39
2022-10-14T02:00:00+0000,698.75,699.125,697.5,697.5,26
2022-10-14T03:00:00+0000,697.625,698.0,697.5,697.5,5
2022-10-14T04:00:00+0000,697.25,698.0,697.25,697.875,12
2022-10-14T05:00:00+0000,698.25,699.625,698.25,699.0,25
2022-10-14T06:00:00+0000,698.75,699.125,698.5,699.0,29
2022-10-14T07:00:00+0000,698.75,698.875,697.125,698.25,33
2022-10-14T08:00:00+0000,698.0,698.125,696.375,697.0,40
2022-10-14T09:00:00+0000,696.5,697.25,694.25,696.25,59
2022-10-14T10:00:00+0000,696.0,696.125,694.25,694.5,35
2022-10-14T11:00:00+0000,694.5,694.625,692.125,693.75,27
2022-10-14T12:00:00+0000,693.5,694.375,692.75,694.25,59
2022-10-14T13:00:00+0000,694.0,698.75,693.375,696.0,168
2022-10-14T14:00:00+0000,696.0,696.5,692.125,693.125,212
2022-10-14T15:00:00+0000,692.875,694.125,691.125,692.375,104
2022-10-14T16:00:00+0000,692.375,693.0,691.125,691.875,74
2022-10-14T17:00:00+0000,691.875,692.125,689.75,690.625,106
2022-10-14T18:00:00+0000,690.625,691.125,688.625,691.125,139
2022-10-17T00:00:00+0000,688.875,690.0,686.875,688.5,85
2022-10-17T01:00:00+0000,689.25,690.0,688.625,688.75,31
2022-10-17T02:00:00+0000,688.75,689.5,687.125,687.125,58
2022-10-17T03:00:00+0000,687.75,687.75,686.5,686.625,39
2022-10-17T04:00:00+0000,686.5,686.5,686.0,686.375,22
2022-10-17T05:00:00+0000,686.5,686.875,686.0,686.5,22
2022-10-17T06:00:00+0000,686.125,686.875,686.125,686.625,12
2022-10-17T07:00:00+0000,686.75,687.5,685.625,687.0,52
2022-10-17T08:00:00+0000,687.25,688.0,685.375,687.75,37
2022-10-17T09:00:00+0000,687.5,689.375,687.5,689.125,25
2022-10-17T10:00:00+0000,689.0,689.375,688.5,689.25,20
2022-10-17T11:00:00+0000,690.0,690.625,689.0,689.625,60
2022-10-17T12:00:00+0000,689.25,689.5,687.625,689.5,32
2022-10-17T13:00:00+0000,689.25,692.0,687.0,687.75,148
2022-10-17T14:00:00+0000,687.875,688.375,683.25,685.375,234
2022-10-17T15:00:00+0000,685.625,686.5,684.5,684.875,113
2022-10-17T16:00:00+0000,685.0,685.0,681.375,682.0,134
2022-10-17T17:00:00+0000,681.5,684.875,681.375,683.75,83
2022-10-17T18:00:00+0000,683.5,683.625,682.5,682.5,62
2022-10-18T00:00:00+0000,683.0,683.5,682.0,683.0,59
2022-10-18T01:00:00+0000,683.125,683.125,681.75,681.75,58
2022-10-18T02:00:00+0000,681.375,681.75,680.875,681.5,24
2022-10-18T03:00:00+0000,681.25,681.625,681.0,681.25,13
2022-10-18T04:00:00+0000,681.5,681.875,680.875,681.0,13
2022-10-18T05:00:00+0000,681.125,681.375,680.875,680.875,18
2022-10-18T06:00:00+0000,680.875,681.25,679.875,679.875,34
2022-10-18T07:00:00+0000,680.125,681.625,679.875,681.125,40
2022-10-18T08:00:00+0000,681.375,682.5,681.125,681.25,18
2022-10-18T09:00:00+0000,680.0,680.0,678.25,678.25,62
2022-10-18T10:00:00+0000,678.375,678.75,677.75,678.375,31
2022-10-18T11:00:00+0000,678.125,678.125,677.375,677.875,37
2022-10-18T12:00:00+0000,678.0,679.125,677.5,678.625,34
2022-10-18T13:00:00+0000,678.125,680.5,675.625,678.5,184
2022-10-18T14:00:00+0000,677.75,680.375,674.375,678.875,225
2022-10-18T15:00:00+0000,678.625,679.25,676.875,679.0,118
2022-10-18T16:00:00+0000,679.125,679.75,677.875,679.25,56
2022-10-18T17:00:00+0000,678.875,682.875,678.875,682.0,92
2022-10-18T18:00:00+0000,682.0,682.625,680.5,681.875,33
2022-10-19T00:00:00+0000,682.0,683.375,680.625,682.0,69
2022-10-19T01:00:00+0000,681.875,683.0,681.625,682.75,14
2022-10-19T02:00:00+0000,683.0,683.875,682.625,683.5,32
2022-10-19T03:00:00+0000,683.25,683.5,683.25,683.5,6
2022-10-19T04:00:00+0000,683.625,683.625,683.25,683.25,8
2022-10-19T05:00:00+0000,683.375,684.625,682.75,684.625,26
2022-10-19T06:00:00+0000,684.25,684.25,681.75,681.75,27
2022-10-19T07:00:00+0000,681.75,682.375,681.0,681.125,30
2022-10-19T08:00:00+0000,681.0,681.0,679.0,680.125,48
2022-10-19T09:00:00+0000,680.0,680.625,679.0,680.625,16
2022-10-19T10:00:00+0000,680.875,680.875,678.375,679.25,27
2022-10-19T11:00:00+0000,678.5,678.875,676.875,676.875,45
2022-10-19T12:00:00+0000,676.75,677.375,676.5,676.625,22
2022-10-19T13:00:00+0000,676.5,678.25,675.0,675.25,220
2022-10-19T14:00:00+0000,675.125,678.0,673.875,675.5,173
2022-10-19T15:00:00+0000,676.0,678.0,674.625,677.125,103
2022-10-19T16:00:00+0000,676.75,676.75,675.375,675.625,53
2022-10-19T17:00:00+0000,675.5,677.75,675.125,677.25,67
2022-10-19T18:00:00+0000,677.625,678.625,677.125,678.5,55
2022-10-20T00:00:00+0000,678.0,679.25,676.875,678.875,85
2022-10-20T01:00:00+0000,678.375,678.5,678.0,678.0,30
2022-10-20T02:00:00+0000,677.25,677.625,677.0,677.375,40
2022-10-20T03:00:00+0000,677.5,677.625,677.0,677.5,29
2022-10-20T04:00:00+0000,677.75,678.75,677.75,678.75,11
2022-10-20T05:00:00+0000,678.5,679.0,678.375,679.0,25
2022-10-20T06:00:00+0000,678.25,678.25,677.0,677.75,10
2022-10-20T07:00:00+0000,677.75,680.5,677.75,680.5,24
2022-10-20T08:00:00+0000,680.25,680.5,678.25,678.5,49
2022-10-20T09:00:00+0000,678.5,680.0,678.0,680.0,25
2022-10-20T10:00:00+0000,680.25,682.5,680.25,682.25,29
2022-10-20T11:00:00+0000,682.5,682.5,681.0,681.0,43
2022-10-20T12:00:00+0000,681.125,681.375,679.5,680.5,22
2022-10-20T13:00:00+0000,682.0,683.625,680.625,682.625,173
2022-10-20T14:00:00+0000,682.5,686.5,680.875,685.0,294
2022-10-20T15:00:00+0000,684.125,687.25,683.25,683.875,203
2022-10-20T16:00:00+0000,684.25,684.5,682.625,683.125,96
2022-10-20T17:00:00+0000,683.75,685.375,683.5,685.125,79
2022-10-20T18:00:00+0000,684.375,684.375,683.625,684.0,56
2022-10-21T00:00:00+0000,683.5,683.625,681.5,682.5,54
2022-10-21T01:00:00+0000,682.25,682.875,681.625,682.875,32
2022-10-21T02:00:00+0000,682.75,682.875,682.5,682.875,14
2022-10-21T03:00:00+0000,683.25,683.375,683.0,683.0,4
2022-10-21T04:00:00+0000,683.375,683.625,683.125,683.5,11
2022-10-21T05:00:00+0000,683.375,683.375,682.5,682.5,13
2022-10-21T06:00:00+0000,682.75,682.75,681.875,681.875,8
2022-10-21T07:00:00+0000,681.625,682.75,681.625,682.0,17
2022-10-21T08:00:00+0000,682.25,682.625,681.25,681.75,24
2022-10-21T09:00:00+0000,681.75,682.0,680.125,681.75,46
2022-10-21T10:00:00+0000,681.125,681.375,680.5,681.0,19
2022-10-21T11:00:00+0000,681.0,681.375,680.0,680.125,20
2022-10-21T12:00:00+0000,680.25,680.25,678.125,678.75,50
2022-10-21T13:00:00+0000,678.5,684.5,678.125,681.75,146
2022-10-21T14:00:00+0000,682.0,684.5,681.25,684.25,134
2022-10-21T15:00:00+0000,683.5,686.75,683.0,685.75,189
2022-10-21T16:00:00+0000,685.625,688.0,685.625,686.75,80
2022-10-21T17:00:00+0000,686.375,687.125,684.125,684.875,122
2022-10-21T18:00:00+0000,685.125,685.75,683.0,683.0,48
2022-10-24T00:00:00+0000,682.875,682.875,678.625,680.625,138
2022-10-24T01:00:00+0000,680.125,680.625,679.25,679.625,50
2022-10-24T02:00:00+0000,679.625,680.0,678.125,678.875,26
2022-10-24T03:00:00+0000,678.75,679.125,678.625,678.625,10
2022-10-24T04:00:00+0000,678.875,679.375,678.875,679.0,21
2022-10-24T05:00:00+0000,679.25,679.25,678.5,678.5,15
2022-10-24T06:00:00+0000,678.375,678.875,677.875,678.5,31
2022-10-24T07:00:00+0000,678.75,679.25,678.375,678.5,10
2022-10-24T08:00:00+0000,678.75,679.25,678.25,678.75,10
2022-10-24T09:00:00+0000,678.875,679.375,678.75,679.25,8
2022-10-24T10:00:00+0000,679.5,680.625,679.0,680.25,37
2022-10-24T11:00:00+0000,679.625,681.125,679.625,681.125,15
2022-10-24T12:00:00+0000,681.125,681.125,678.375,679.125,38
2022-10-24T13:00:00+0000,679.5,681.25,677.5,680.5,216
2022-10-24T14:00:00+0000,680.625,682.375,679.0,681.5,271
2022-10-24T15:00:00+0000,681.0,681.0,678.375,680.875,126
2022-10-24T16:00:00+0000,681.0,686.375,681.0,685.5,241
2022-10-24T17:00:00+0000,684.875,684.875,681.625,682.75,87
2022-10-24T18:00:00+0000,683.0,683.0,680.875,681.625,49
2022-10-25T00:00:00+0000,681.0,682.25,680.0,680.875,87
2022-10-25T01:00:00+0000,680.25,681.5,679.375,681.25,47
2022-10-25T02:00:00+0000,681.0,681.25,680.125,681.25,14
2022-10-25T03:00:00+0000,681.875,682.0,681.5,681.5,4
2022-10-25T04:00:00+0000,681.625,681.75,681.25,681.75,4
2022-10-25T05:00:00+0000,680.875,681.0,680.5,680.625,6
2022-10-25T06:00:00+0000,681.0,681.25,680.75,680.75,8
2022-10-25T07:00:00+0000,680.0,680.25,680.0,680.0,14
2022-10-25T08:00:00+0000,679.5,681.5,679.5,680.75,18
2022-10-25T09:00:00+0000,680.5,680.5,679.0,679.125,20
2022-10-25T10:00:00+0000,679.0,679.0,678.125,678.125,5
2022-10-25T11:00:00+0000,678.125,679.25,677.875,678.75,27
2022-10-25T12:00:00+0000,679.375,679.375,677.875,678.75,24
2022-10-25T13:00:00+0000,679.25,684.875,677.75,683.625,182
2022-10-25T14:00:00+0000,683.75,685.875,681.875,685.5,202
2022-10-25T15:00:00+0000,685.5,687.0,683.875,683.875,171
2022-10-25T16:00:00+0000,684.25,686.5,683.375,685.125,151
2022-10-25T17:00:00+0000,685.5,687.875,685.375,687.375,90
2022-10-25T18:00:00+0000,687.375,687.375,684.875,684.875,56
2022-10-26T00:00:00+0000,685.625,685.625,683.625,683.625,37
2022-10-26T01:00:00+0000,683.625,684.75,683.625,684.375,28
2022-10-26T02:00:00+0000,684.5,685.75,684.375,685.5,31
2022-10-26T03:00:00+0000,685.75,685.75,685.25,685.75,11
2022-10-26T04:00:00+0000,685.75,685.75,685.75,685.75,3
2022-10-26T05:00:00+0000,685.125,686.0,685.125,686.0,14
2022-10-26T06:00:00+0000,685.75,687.0,685.75,686.875,28
2022-10-26T07:00:00+0000,686.75,688.75,686.25,688.5,57
2022-10-26T08:00:00+0000,688.625,689.625,688.0,689.25,29
2022-10-26T09:00:00+0000,689.375,689.375,687.625,687.625,24
2022-10-26T10:00:00+0000,687.5,688.5,687.5,688.375,13
2022-10-26T11:00:00+0000,688.0,688.125,686.5,687.0,26
2022-10-26T12:00:00+0000,686.25,686.5,684.375,684.75,34
2022-10-26T13:00:00+0000,684.875,686.875,683.5,685.125,100
2022-10-26T14:00:00+0000,685.125,688.875,684.625,688.375,158
2022-10-26T15:00:00+0000,688.75,688.875,686.0,686.75,103
2022-10-26T16:00:00+0000,686.625,686.625,684.25,684.75,76
2022-10-26T17:00:00+0000,684.5,686.25,684.5,685.5,48
2022-10-26T18:00:00+0000,685.0,686.125,684.125,686.125,74
2022-10-27T00:00:00+0000,685.0,685.125,682.5,685.0,59
2022-10-27T01:00:00+0000,685.125,685.625,685.125,685.25,29
2022-10-27T02:00:00+0000,685.5,685.75,685.25,685.375,9
2022-10-27T03:00:00+0000,685.25,685.25,685.25,685.25,1
2022-10-27T04:00:00+0000,685.0,685.0,684.875,685.0,6
2022-10-27T05:00:00+0000,684.75,685.25,684.375,685.25,14
2022-10-27T06:00:00+0000,684.625,684.625,684.0,684.0,5
2022-10-27T07:00:00+0000,684.0,686.0,684.0,686.0,16
2022-10-27T08:00:00+0000,686.375,687.25,686.375,687.0,18
2022-10-27T09:00:00+0000,687.125,687.75,687.0,687.125,27
2022-10-27T10:00:00+0000,687.5,688.5,687.25,688.375,38
2022-10-27T11:00:00+0000,688.0,689.25,687.25,688.625,38
2022-10-27T12:00:00+0000,688.5,688.75,685.75,687.0,38
2022-10-27T13:00:00+0000,686.75,687.875,684.625,685.125,126
2022-10-27T14:00:00+0000,685.0,685.625,682.625,683.75,131
2022-10-27T15:00:00+0000,683.375,683.625,679.25,680.375,153
2022-10-27T16:00:00+0000,680.25,683.25,679.625,682.75,97
2022-10-27T17:00:00+0000,682.75,683.875,681.375,682.0,53
2022-10-27T18:00:00+0000,682.0,682.125,681.5,682.0,53
2022-10-28T00:00:00+0000,681.0,681.75,679.625,680.25,55
2022-10-28T01:00:00+0000,679.75,680.875,679.375,680.375,28
2022-10-28T02:00:00+0000,680.375,680.75,678.75,679.25,25
2022-10-28T03:00:00+0000,679.375,679.375,679.0,679.25,9
2022-10-28T04:00:00+0000,679.25,679.625,678.75,678.75,15
2022-10-28T05:00:00+0000,678.875,678.875,678.125,678.125,35
2022-10-28T06:00:00+0000,678.625,679.125,678.25,678.5,24
2022-10-28T07:00:00+0000,678.25,678.75,678.25,678.5,14
2022-10-28T08:00:00+0000,678.25,679.625,678.25,679.375,19
2022-10-28T09:00:00+0000,678.75,679.0,678.125,678.125,13
2022-10-28T10:00:00+0000,678.375,679.625,678.0,679.625,29
2022-10-28T11:00:00+0000,680.0,680.375,679.625,679.75,16
2022-10-28T12:00:00+0000,679.375,680.5,679.25,679.5,18
2022-10-28T13:00:00+0000,680.125,680.625,678.5,679.75,99
2022-10-28T14:00:00+0000,680.25,680.25,676.125,677.625,242
2022-10-28T15:00:00+0000,677.625,682.125,676.75,681.5,186
2022-10-28T16:00:00+0000,681.625,683.875,680.125,680.5,95
2022-10-28T17:00:00+0000,680.625,682.25,680.625,681.0,63
2022-10-28T18:00:00+0000,681.375,681.375,677.125,677.125,46
2022-10-31T00:00:00+0000,695.0,700.0,693.875,695.875,663
2022-10-31T01:00:00+0000,696.25,697.25,695.5,696.5,63
2022-10-31T02:00:00+0000,696.5,697.125,695.375,697.0,29
2022-10-31T03:00:00+0000,696.625,697.0,696.125,696.25,38
2022-10-31T04:00:00+0000,696.5,696.5,696.125,696.25,4
2022-10-31T05:00:00+0000,696.375,696.375,695.5,695.75,7
2022-10-31T06:00:00+0000,696.375,697.375,696.375,697.375,19
2022-10-31T07:00:00+0000,697.5,698.125,697.0,698.125,25
2022-10-31T08:00:00+0000,698.0,699.125,697.875,698.625,24
2022-10-31T09:00:00+0000,698.875,699.125,697.125,697.125,28
2022-10-31T10:00:00+0000,697.25,697.5,696.25,697.0,14
2022-10-31T11:00:00+0000,697.25,697.25,694.625,695.0,57
2022-10-31T12:00:00+0000,696.0,697.25,693.75,693.75,37
2022-10-31T13:00:00+0000,693.375,696.25,691.375,694.875,286
2022-10-31T14:00:00+0000,695.375,696.5,691.0,691.0,286
2022-10-31T15:00:00+0000,691.0,692.0,685.5,685.5,289
2022-10-31T16:00:00+0000,685.75,688.0,684.5,687.625,227
2022-10-31T17:00:00+0000,688.0,693.25,686.875,692.75,228
2022-10-31T18:00:00+0000,692.125,692.875,690.125,690.125,148
2022-11-01T00:00:00+0000,688.75,689.75,687.5,688.875,73
2022-11-01T01:00:00+0000,688.0,689.875,688.0,689.875,21
2022-11-01T02:00:00+0000,690.0,690.75,689.625,690.5,30
2022-11-01T03:00:00+0000,690.75,691.5,690.75,691.5,17
2022-11-01T04:00:00+0000,691.5,692.0,691.375,691.5,12
2022-11-01T05:00:00+0000,691.75,692.25,691.75,692.25,6
2022-11-01T06:00:00+0000,692.25,693.375,692.25,692.625,11
2022-11-01T07:00:00+0000,692.875,693.375,691.5,693.375,21
2022-11-01T08:00:00+0000,693.625,693.875,690.0,690.0,38
2022-11-01T09:00:00+0000,690.0,691.125,689.5,690.625,33
2022-11-01T10:00:00+0000,690.875,691.375,689.75,689.75,25
2022-11-01T11:00:00+0000,689.25,689.875,688.125,689.75,28
2022-11-01T12:00:00+0000,690.625,691.5,690.25,691.25,27
2022-11-01T13:00:00+0000,690.5,693.0,689.0,691.5,234
2022-11-01T14:00:00+0000,689.75,692.5,688.375,692.5,139
2022-11-01T15:00:00+0000,692.5,696.125,691.625,691.875,214
2022-11-01T16:00:00+0000,692.125,695.875,692.125,694.75,140
2022-11-01T17:00:00+0000,694.75,697.875,694.125,697.5,111
2022-11-01T18:00:00+0000,697.625,698.125,696.375,696.375,55
2022-11-02T00:00:00+0000,696.0,696.625,694.75,695.75,85
2022-11-02T01:00:00+0000,695.375,695.625,694.5,695.625,18
2022-11-02T02:00:00+0000,695.625,696.875,695.625,696.875,23
2022-11-02T03:00:00+0000,696.375,697.0,696.25,697.0,17
2022-11-02T04:00:00+0000,697.0,697.0,696.25,696.25,10
2022-11-02T05:00:00+0000,696.5,696.5,695.625,695.625,13
2022-11-02T06:00:00+0000,695.0,695.0,694.125,694.625,10
2022-11-02T07:00:00+0000,694.75,694.75,693.75,694.125,17
2022-11-02T08:00:00+0000,695.0,695.5,694.375,694.375,6
2022-11-02T09:00:00+0000,694.625,695.375,694.5,694.5,9
2022-11-02T10:00:00+0000,694.375,694.75,680.125,680.5,422
2022-11-02T11:00:00+0000,681.25,684.875,680.375,684.375,98
2022-11-02T12:00:00+0000,684.625,685.25,683.375,683.5,65
2022-11-02T13:00:00+0000,685.0,686.25,683.5,684.25,230
2022-11-02T14:00:00+0000,684.25,684.25,681.875,682.75,213
2022-11-02T15:00:00+0000,683.25,687.625,682.625,684.75,110
2022-11-02T16:00:00+0000,685.875,688.25,685.625,687.25,68
2022-11-02T17:00:00+0000,687.125,687.875,686.125,686.125,82
2022-11-02T18:00:00+0000,686.25,687.5,686.0,686.5,55
2022-11-03T00:00:00+0000,685.25,686.375,683.625,684.5,65
2022-11-03T01:00:00+0000,684.625,686.0,684.375,685.375,23
2022-11-03T02:00:00+0000,685.0,685.125,684.625,684.75,15
2022-11-03T03:00:00+0000,685.0,685.0,684.625,684.75,6
2022-11-03T04:00:00+0000,684.75,684.75,684.0,684.25,13
2022-11-03T05:00:00+0000,684.25,684.625,684.0,684.375,6
2022-11-03T06:00:00+0000,683.625,684.0,683.25,683.75,14
2022-11-03T07:00:00+0000,683.0,683.125,682.625,683.125,39
2022-11-03T08:00:00+0000,683.0,683.0,681.625,682.625,54
2022-11-03T09:00:00+0000,682.75,682.75,682.0,682.5,9
2022-11-03T10:00:00+0000,683.0,683.75,682.5,682.5,43
2022-11-03T11:00:00+0000,682.625,683.0,681.75,682.375,29
2022-11-03T12:00:00+0000,682.125,682.25,681.125,681.5,34
2022-11-03T13:00:00+0000,681.25,683.125,679.5,681.125,181
2022-11-03T14:00:00+0000,681.0,682.875,678.625,681.375,147
2022-11-03T15:00:00+0000,681.0,684.375,680.5,682.375,110
2022-11-03T16:00:00+0000,681.875,682.375,681.25,681.625,60
2022-11-03T17:00:00+0000,681.25,681.25,680.125,680.625,66
2022-11-03T18:00:00+0000,680.375,680.375,678.875,678.875,51
2022-11-04T00:00:00+0000,679.625,680.5,679.125,679.625,100
2022-11-04T01:00:00+0000,679.5,680.75,678.625,680.75,30
2022-11-04T02:00:00+0000,680.625,681.375,680.5,681.375,25
2022-11-04T03:00:00+0000,681.5,682.625,681.5,682.125,13
2022-11-04T04:00:00+0000,682.375,683.0,682.25,683.0,14
2022-11-04T05:00:00+0000,683.0,683.625,683.0,683.0,13
2022-11-04T06:00:00+0000,683.5,684.25,683.5,684.25,9
2022-11-04T07:00:00+0000,683.875,683.875,681.375,681.75,23
2022-11-04T08:00:00+0000,681.75,682.875,681.75,682.75,16
2022-11-04T09:00:00+0000,683.375,684.0,683.375,684.0,10
2022-11-04T10:00:00+0000,684.125,685.25,684.0,684.0,33
2022-11-04T11:00:00+0000,684.75,684.75,682.5,683.125,27
2022-11-04T12:00:00+0000,683.25,683.875,682.625,683.625,40
2022-11-04T13:00:00+0000,683.75,684.875,680.0,681.0,168
2022-11-04T14:00:00+0000,681.375,682.125,678.625,679.875,207
2022-11-04T15:00:00+0000,679.5,681.375,678.75,681.25,87
2022-11-04T16:00:00+0000,681.25,682.125,680.125,681.25,102
2022-11-04T17:00:00+0000,681.25,682.25,681.125,681.125,76
2022-11-04T18:00:00+0000,681.625,681.875,680.0,680.0,43
2022-11-07T01:00:00+0000,679.125,679.125,676.5,676.5,112
2022-11-07T02:00:00+0000,676.75,677.125,676.5,677.125,17
2022-11-07T03:00:00+0000,677.5,677.625,677.25,677.5,10
2022-11-07T04:00:00+0000,677.625,677.625,677.25,677.375,13
2022-11-07T05:00:00+0000,677.25,678.5,677.25,678.375,10
2022-11-07T06:00:00+0000,678.0,678.0,677.0,677.25,14
2022-11-07T07:00:00+0000,676.75,676.875,676.125,676.375,29
2022-11-07T08:00:00+0000,676.25,678.25,676.25,678.25,14
2022-11-07T09:00:00+0000,678.25,678.25,678.0,678.125,8
2022-11-07T10:00:00+0000,678.875,679.25,678.75,679.0,22
2022-11-07T11:00:00+0000,679.0,679.75,679.0,679.625,17
2022-11-07T12:00:00+0000,679.875,679.875,678.625,678.875,12
2022-11-07T13:00:00+0000,678.5,680.375,678.125,678.125,19
2022-11-07T14:00:00+0000,678.375,680.25,678.375,680.125,164
2022-11-07T15:00:00+0000,679.75,680.875,679.25,679.25,152
2022-11-07T16:00:00+0000,679.5,680.75,679.25,679.25,106
2022-11-07T17:00:00+0000,679.75,679.75,675.625,675.75,93
2022-11-07T18:00:00+0000,676.0,676.5,675.375,675.75,66
2022-11-07T19:00:00+0000,675.625,676.0,675.125,675.125,83
2022-11-08T01:00:00+0000,675.625,676.25,674.875,676.25,138
2022-11-08T02:00:00+0000,675.875,675.875,675.125,675.75,12
2022-11-08T03:00:00+0000,675.875,676.0,675.25,675.25,20
2022-11-08T04:00:00+0000,675.25,675.5,675.25,675.5,3
2022-11-08T05:00:00+0000,675.25,675.25,675.0,675.0,12
2022-11-08T06:00:00+0000,674.875,675.25,674.5,674.75,34
2022-11-08T07:00:00+0000,675.125,676.625,675.125,676.375,39
2022-11-08T08:00:00+0000,676.375,676.75,675.75,675.875,27
2022-11-08T09:00:00+0000,676.25,676.875,675.5,676.125,10
2022-11-08T10:00:00+0000,675.875,676.375,675.75,675.75,6
2022-11-08T11:00:00+0000,675.875,675.875,674.5,674.5,15
2022-11-08T12:00:00+0000,674.5,674.5,672.0,673.25,154
2022-11-08T13:00:00+0000,673.5,674.125,672.625,673.125,57
2022-11-08T14:00:00+0000,673.25,675.125,670.875,671.25,153
2022-11-08T15:00:00+0000,670.875,674.75,670.625,672.0,154
2022-11-08T16:00:00+0000,671.75,672.5,670.75,670.75,91
2022-11-08T17:00:00+0000,670.625,671.375,669.875,670.625,92
2022-11-08T18:00:00+0000,670.5,670.625,668.375,668.5,118
2022-11-08T19:00:00+0000,668.75,668.75,666.375,666.625,194
2022-11-09T01:00:00+0000,667.5,668.5,666.25,666.25,124
2022-11-09T02:00:00+0000,666.0,666.375,665.0,665.25,38
2022-11-09T03:00:00+0000,665.375,665.5,665.0,665.5,25
2022-11-09T04:00:00+0000,665.625,665.875,665.5,665.625,16
2022-11-09T05:00:00+0000,665.25,665.375,665.125,665.375,27
2022-11-09T06:00:00+0000,665.0,666.25,665.0,666.125,25
2022-11-09T07:00:00+0000,666.5,666.625,665.75,665.75,17
2022-11-09T08:00:00+0000,665.75,667.5,665.25,667.125,20
2022-11-09T09:00:00+0000,667.0,667.875,666.75,667.0,25
2022-11-09T10:00:00+0000,667.25,667.75,666.375,667.0,16
2022-11-09T11:00:00+0000,667.25,668.25,666.75,667.5,23
2022-11-09T12:00:00+0000,667.0,667.125,665.0,665.0,45
2022-11-09T13:00:00+0000,666.0,666.0,665.0,666.0,48
2022-11-09T14:00:00+0000,665.375,665.625,662.75,663.0,142
2022-11-09T15:00:00+0000,663.0,664.75,659.375,660.625,391
2022-11-09T16:00:00+0000,660.625,663.5,659.625,663.375,239
2022-11-09T17:00:00+0000,662.75,671.625,658.125,668.75,644
2022-11-09T18:00:00+0000,669.0,669.0,664.625,665.125,119
2022-11-09T19:00:00+0000,664.75,665.875,664.125,664.25,77
2022-11-10T01:00:00+0000,664.5,667.5,664.5,665.0,58
2022-11-10T02:00:00+0000,664.5,665.0,663.5,664.0,22
2022-11-10T03:00:00+0000,664.0,664.5,663.625,664.25,13
2022-11-10T04:00:00+0000,663.75,664.25,663.75,664.25,8
2022-11-10T05:00:00+0000,664.5,664.75,664.125,664.75,7
2022-11-10T06:00:00+0000,664.375,665.25,663.75,663.75,25
2022-11-10T07:00:00+0000,663.875,664.75,663.25,664.75,26
2022-11-10T08:00:00+0000,664.625,665.375,664.625,664.625,8
2022-11-10T09:00:00+0000,664.0,666.875,664.0,666.625,29
2022-11-10T10:00:00+0000,665.875,665.875,663.25,663.25,5
2022-11-10T11:00:00+0000,662.875,663.375,662.875,663.375,5
2022-11-10T12:00:00+0000,662.75,663.0,661.25,661.75,210
2022-11-10T13:00:00+0000,661.875,664.125,660.875,662.875,152
2022-11-10T14:00:00+0000,664.0,664.625,657.0,657.375,158
2022-11-10T15:00:00+0000,657.5,659.75,655.25,656.625,215
2022-11-10T16:00:00+0000,657.0,660.625,656.5,660.375,113
2022-11-10T17:00:00+0000,659.25,659.625,653.25,654.5,148
2022-11-10T18:00:00+0000,654.375,655.375,653.625,654.0,82
2022-11-10T19:00:00+0000,653.875,654.875,652.75,653.125,91
2022-11-11T01:00:00+0000,653.0,655.625,653.0,655.625,80
2022-11-11T02:00:00+0000,656.0,657.25,656.0,657.0,23
2022-11-11T03:00:00+0000,657.125,657.125,656.125,656.5,22
2022-11-11T04:00:00+0000,656.125,656.125,655.75,656.0,18
2022-11-11T05:00:00+0000,656.5,657.75,656.5,657.75,29
2022-11-11T06:00:00+0000,657.875,658.25,657.375,658.0,29
2022-11-11T07:00:00+0000,658.125,659.5,658.125,658.75,35
2022-11-11T08:00:00+0000,658.5,661.125,658.25,660.75,221
2022-11-11T09:00:00+0000,660.375,660.5,659.625,660.5,21
2022-11-11T10:00:00+0000,660.75,660.75,659.875,660.0,9
2022-11-11T11:00:00+0000,659.875,660.125,658.375,658.375,16
2022-11-11T12:00:00+0000,657.875,658.25,656.25,656.25,38
2022-11-11T13:00:00+0000,656.75,657.375,656.5,657.0,128
2022-11-11T14:00:00+0000,656.625,657.25,654.375,656.375,155
2022-11-11T15:00:00+0000,656.625,659.875,656.125,659.625,169
2022-11-11T16:00:00+0000,660.0,660.0,656.375,657.375,90
2022-11-11T17:00:00+0000,656.75,659.0,656.25,656.625,51
2022-11-11T18:00:00+0000,657.125,660.75,656.375,659.375,71
2022-11-11T19:00:00+0000,659.125,659.5,657.25,657.875,54
2022-11-14T01:00:00+0000,657.625,658.125,655.5,656.5,70
2022-11-14T02:00:00+0000,656.0,656.0,655.0,655.125,12
2022-11-14T03:00:00+0000,655.0,655.75,655.0,655.375,7
2022-11-14T04:00:00+0000,655.125,655.25,655.0,655.25,5
2022-11-14T05:00:00+0000,655.0,655.0,655.0,655.0,1
2022-11-14T06:00:00+0000,654.875,654.875,654.125,654.375,43
2022-11-14T07:00:00+0000,654.25,655.0,654.25,655.0,13
2022-11-14T08:00:00+0000,655.25,655.5,654.75,655.375,8
2022-11-14T09:00:00+0000,655.0,655.0,654.25,654.75,7
2022-11-14T10:00:00+0000,654.25,654.25,653.875,653.875,9
2022-11-14T11:00:00+0000,654.375,654.375,652.25,654.25,26
2022-11-14T12:00:00+0000,655.125,655.25,654.5,654.5,24
2022-11-14T13:00:00+0000,655.0,655.75,655.0,655.0,24
2022-11-14T14:00:00+0000,654.75,657.75,652.875,657.125,156
2022-11-14T15:00:00+0000,656.25,662.125,656.125,660.0,171
2022-11-14T16:00:00+0000,659.625,659.625,656.375,656.375,118
2022-11-14T17:00:00+0000,656.75,657.625,654.875,654.875,89
2022-11-14T18:00:00+0000,654.75,656.875,654.625,656.625,61
2022-11-14T19:00:00+0000,657.375,657.875,656.875,657.375,36
2022-11-15T01:00:00+0000,656.125,657.25,656.125,656.375,36
2022-11-15T02:00:00+0000,655.875,656.625,655.875,656.625,6
2022-11-15T03:00:00+0000,656.75,656.875,656.0,656.0,27
2022-11-15T04:00:00+0000,655.875,656.0,655.5,655.625,11
2022-11-15T05:00:00+0000,655.5,655.75,655.0,655.0,19
2022-11-15T06:00:00+0000,655.25,655.5,655.125,655.5,11
2022-11-15T07:00:00+0000,656.0,656.75,656.0,656.75,15
2022-11-15T08:00:00+0000,656.5,656.5,656.25,656.25,2
2022-11-15T09:00:00+0000,656.125,656.5,653.5,653.75,22
2022-11-15T10:00:00+0000,653.75,654.875,653.75,654.5,14
2022-11-15T11:00:00+0000,654.5,654.625,654.25,654.5,7
2022-11-15T12:00:00+0000,654.0,654.0,653.0,653.75,18
2022-11-15T13:00:00+0000,654.5,654.75,653.625,653.875,28
2022-11-15T14:00:00+0000,653.875,654.25,651.125,653.125,159
2022-11-15T15:00:00+0000,653.25,657.125,653.25,655.25,128
2022-11-15T16:00:00+0000,655.5,660.5,655.5,657.125,152
2022-11-15T17:00:00+0000,657.125,662.625,657.0,662.0,102
2022-11-15T18:00:00+0000,662.0,675.125,661.5,667.625,403
2022-11-15T19:00:00+0000,668.0,670.125,665.0,665.0,101
2022-11-16T01:00:00+0000,665.625,665.625,661.0,663.125,126
2022-11-16T02:00:00+0000,663.25,663.25,662.5,663.0,9
2022-11-16T03:00:00+0000,663.0,663.125,662.25,662.5,15
2022-11-16T04:00:00+0000,662.625,662.625,662.0,662.5,16
2022-11-16T05:00:00+0000,662.5,662.875,662.5,662.5,9
2022-11-16T06:00:00+0000,662.75,662.75,661.875,661.875,6
2022-11-16T07:00:00+0000,662.5,662.875,662.0,662.75,16
2022-11-16T08:00:00+0000,662.625,662.625,662.25,662.25,5
2022-11-16T09:00:00+0000,663.0,663.125,662.0,662.0,13
2022-11-16T10:00:00+0000,662.0,662.0,661.125,661.125,8
2022-11-16T11:00:00+0000,661.375,661.5,660.125,660.375,15
2022-11-16T12:00:00+0000,659.625,659.625,658.875,659.625,22
2022-11-16T13:00:00+0000,658.875,659.0,657.75,659.0,23
2022-11-16T14:00:00+0000,659.0,663.625,658.75,662.25,115
2022-11-16T15:00:00+0000,662.5,665.75,662.25,663.5,102
2022-11-16T16:00:00+0000,663.5,664.125,660.875,663.25,67
2022-11-16T17:00:00+0000,663.0,664.875,662.875,664.25,48
2022-11-16T18:00:00+0000,663.5,664.0,662.625,663.75,89
2022-11-16T19:00:00+0000,664.125,665.5,663.625,664.75,29
2022-11-17T01:00:00+0000,664.875,664.875,663.0,663.75,55
2022-11-17T02:00:00+0000,664.0,664.0,662.875,663.25,13
2022-11-17T03:00:00+0000,663.25,663.25,662.625,663.25,5
2022-11-17T04:00:00+0000,663.625,663.625,663.625,663.625,1
2022-11-17T05:00:00+0000,663.25,664.125,663.25,664.125,4
2022-11-17T06:00:00+0000,664.125,664.125,664.125,664.125,1
2022-11-17T07:00:00+0000,663.5,663.5,660.875,660.875,26
2022-11-17T08:00:00+0000,660.875,660.875,657.125,657.375,49
2022-11-17T09:00:00+0000,657.125,657.375,656.0,656.375,42
2022-11-17T10:00:00+0000,656.375,656.5,655.375,656.125,39
2022-11-17T11:00:00+0000,656.25,657.0,655.625,656.5,21
2022-11-17T12:00:00+0000,656.25,656.25,655.0,655.625,62
2022-11-17T13:00:00+0000,655.5,658.125,655.5,657.375,77
2022-11-17T14:00:00+0000,658.375,660.25,655.875,658.25,96
2022-11-17T15:00:00+0000,657.875,660.5,657.75,659.5,81
2022-11-17T16:00:00+0000,659.25,659.875,657.875,658.5,70
2022-11-17T17:00:00+0000,659.25,667.0,658.75,666.5,154
2022-11-17T18:00:00+0000,666.5,667.5,664.75,666.0,137
2022-11-17T19:00:00+0000,665.875,668.125,665.75,667.25,35
2022-11-18T01:00:00+0000,667.0,669.0,666.625,667.75,71
2022-11-18T02:00:00+0000,667.625,670.625,667.625,670.5,62
2022-11-18T03:00:00+0000,670.5,671.0,670.5,670.875,13
2022-11-18T04:00:00+0000,670.875,670.875,670.5,670.5,13
2022-11-18T05:00:00+0000,670.25,670.875,670.0,670.875,31
2022-11-18T06:00:00+0000,670.375,671.25,670.375,671.25,4
2022-11-18T07:00:00+0000,670.5,671.5,669.875,671.5,15
2022-11-18T08:00:00+0000,671.5,671.75,670.75,670.75,24
2022-11-18T09:00:00+0000,670.625,672.5,670.625,672.25,24
2022-11-18T10:00:00+0000,672.25,672.375,671.75,672.25,23
2022-11-18T11:00:00+0000,671.5,671.75,670.25,670.625,22
2022-11-18T12:00:00+0000,671.0,672.0,670.125,670.25,34
2022-11-18T13:00:00+0000,669.875,671.0,668.25,668.5,35
2022-11-18T14:00:00+0000,667.5,670.625,666.625,670.25,171
2022-11-18T15:00:00+0000,669.75,670.875,667.625,670.625,84
2022-11-18T16:00:00+0000,669.75,671.25,667.5,667.875,75
2022-11-18T17:00:00+0000,668.0,668.0,665.375,667.75,131
2022-11-18T18:00:00+0000,668.125,668.375,666.75,667.625,43
2022-11-18T19:00:00+0000,667.5,668.0,666.375,666.75,45
2022-11-21T01:00:00+0000,666.5,666.5,664.75,665.0,87
2022-11-21T02:00:00+0000,664.5,664.875,664.5,664.75,15
2022-11-21T03:00:00+0000,664.75,665.375,664.75,665.375,11
2022-11-21T04:00:00+0000,665.5,665.5,665.25,665.25,2
2022-11-21T05:00:00+0000,665.5,665.75,665.125,665.75,12
2022-11-21T06:00:00+0000,665.5,665.625,665.0,665.0,8
2022-11-21T07:00:00+0000,665.875,666.25,665.75,665.75,14
2022-11-21T08:00:00+0000,665.5,666.125,665.0,666.125,10
2022-11-21T09:00:00+0000,665.375,665.375,664.0,664.5,15
2022-11-21T10:00:00+0000,663.75,664.125,663.75,664.125,9
2022-11-21T11:00:00+0000,663.5,663.75,662.625,663.0,13
2022-11-21T12:00:00+0000,663.0,664.5,662.125,664.0,22
2022-11-21T13:00:00+0000,664.0,665.75,663.875,665.75,19
2022-11-21T14:00:00+0000,665.25,665.625,661.625,663.25,89
2022-11-21T15:00:00+0000,663.625,664.0,658.375,659.625,144
2022-11-21T16:00:00+0000,659.0,661.625,657.125,660.875,101
2022-11-21T17:00:00+0000,661.0,663.5,660.625,661.25,94
2022-11-21T18:00:00+0000,660.75,662.875,660.75,660.875,115
2022-11-21T19:00:00+0000,660.875,661.125,658.875,660.25,72
2022-11-22T01:00:00+0000,660.0,660.375,656.625,660.375,53
2022-11-22T02:00:00+0000,660.375,660.375,659.875,659.875,12
2022-11-22T03:00:00+0000,660.0,660.375,659.75,659.875,14
2022-11-22T04:00:00+0000,659.75,659.75,659.75,659.75,3
2022-11-22T05:00:00+0000,659.75,659.75,659.125,659.125,10
2022-11-22T06:00:00+0000,659.25,659.25,658.625,658.75,7
2022-11-22T07:00:00+0000,658.5,659.0,658.5,658.5,18
2022-11-22T08:00:00+0000,658.375,659.0,658.0,658.5,17
2022-11-22T09:00:00+0000,658.75,659.875,658.75,659.0,12
2022-11-22T10:00:00+0000,659.0,659.0,659.0,659.0,1
2022-11-22T11:00:00+0000,659.75,660.0,659.5,659.625,20
2022-11-22T12:00:00+0000,660.0,661.75,660.0,661.5,28
2022-11-22T13:00:00+0000,661.25,663.0,661.25,661.5,53
2022-11-22T14:00:00+0000,661.5,662.25,660.5,661.125,50
2022-11-22T15:00:00+0000,662.0,663.0,660.375,660.375,69
2022-11-22T16:00:00+0000,661.125,661.125,658.125,658.25,76
2022-11-22T17:00:00+0000,658.625,660.0,657.125,657.125,49
2022-11-22T18:00:00+0000,657.125,657.25,656.5,656.875,98
2022-11-22T19:00:00+0000,656.75,657.75,656.5,657.5,22
2022-11-23T01:00:00+0000,657.0,659.5,656.125,657.375,22
2022-11-23T02:00:00+0000,657.25,657.375,657.125,657.125,6
2022-11-23T03:00:00+0000,657.125,657.375,657.125,657.375,4
2022-11-23T04:00:00+0000,657.375,657.375,657.375,657.375,1
2022-11-23T05:00:00+0000,657.375,657.5,657.25,657.25,6
2022-11-23T06:00:00+0000,657.25,657.5,657.25,657.5,4
2022-11-23T07:00:00+0000,657.375,659.375,657.375,659.125,31
2022-11-23T08:00:00+0000,658.875,660.25,658.875,659.75,25
2022-11-23T09:00:00+0000,659.75,660.5,659.75,660.5,28
2022-11-23T10:00:00+0000,661.0,661.25,658.75,658.75,25
2022-11-23T11:00:00+0000,658.375,659.5,657.875,659.5,20
2022-11-23T12:00:00+0000,659.25,659.5,657.125,657.75,21
2022-11-23T13:00:00+0000,657.75,658.375,657.5,657.5,17
2022-11-23T14:00:00+0000,657.625,660.5,657.625,659.125,116
2022-11-23T15:00:00+0000,658.25,659.125,656.0,657.125,112
2022-11-23T16:00:00+0000,657.75,659.875,657.125,659.125,56
2022-11-23T17:00:00+0000,660.25,661.75,659.875,661.125,78
2022-11-23T18:00:00+0000,661.375,662.75,661.0,661.625,69
2022-11-23T19:00:00+0000,662.375,663.875,661.375,661.875,40
2022-11-25T14:00:00+0000,661.0,669.625,660.875,667.875,132
2022-11-25T15:00:00+0000,668.125,669.125,667.125,669.0,75
2022-11-25T16:00:00+0000,667.625,669.0,666.875,668.875,33
2022-11-25T17:00:00+0000,668.75,669.0,666.625,667.875,43
2022-11-25T18:00:00+0000,668.375,669.0,666.125,666.5,13
2022-11-28T01:00:00+0000,665.25,666.0,661.25,661.375,47
2022-11-28T02:00:00+0000,661.375,662.0,661.375,662.0,11
2022-11-28T03:00:00+0000,662.0,662.5,661.625,662.5,14
2022-11-28T04:00:00+0000,662.0,662.125,661.5,661.5,13
2022-11-28T05:00:00+0000,662.125,662.75,662.125,662.5,3
2022-11-28T06:00:00+0000,662.5,662.875,661.75,662.875,5
2022-11-28T07:00:00+0000,661.625,663.25,661.625,663.0,12
2022-11-28T08:00:00+0000,663.0,664.25,662.75,664.25,10
2022-11-28T09:00:00+0000,663.625,663.625,663.625,663.625,2
2022-11-28T10:00:00+0000,664.25,665.0,664.25,664.5,24
2022-11-28T11:00:00+0000,664.75,665.875,664.75,665.875,6
2022-11-28T12:00:00+0000,665.625,666.0,665.0,665.5,16
2022-11-28T13:00:00+0000,665.625,666.0,663.0,663.0,33
2022-11-28T14:00:00+0000,663.375,665.0,662.625,664.75,45
2022-11-28T15:00:00+0000,664.375,666.25,662.75,665.0,73
2022-11-28T16:00:00+0000,665.0,666.125,664.0,665.875,43
2022-11-28T17:00:00+0000,666.125,669.75,666.125,669.5,38
2022-11-28T18:00:00+0000,669.375,669.375,666.875,667.875,45
2022-11-28T19:00:00+0000,667.125,668.0,667.125,668.0,12
2022-11-29T01:00:00+0000,665.375,667.875,665.375,667.875,7
2022-11-29T02:00:00+0000,667.875,668.5,667.25,667.25,7
2022-11-29T03:00:00+0000,667.25,667.25,667.25,667.25,1
2022-11-29T04:00:00+0000,667.625,667.625,667.625,667.625,2
2022-11-29T05:00:00+0000,668.0,668.75,668.0,668.75,5
2022-11-29T06:00:00+0000,668.5,668.75,667.625,667.625,15
2022-11-29T07:00:00+0000,668.125,668.125,668.0,668.125,15
2022-11-29T08:00:00+0000,667.375,668.375,667.25,667.5,88
2022-11-29T09:00:00+0000,668.0,668.0,668.0,668.0,1
2022-11-29T10:00:00+0000,668.0,669.125,668.0,669.125,3
2022-11-29T11:00:00+0000,668.0,668.5,667.25,668.5,4
2022-11-29T12:00:00+0000,668.5,668.5,667.25,668.0,9
2022-11-29T13:00:00+0000,667.375,668.0,667.25,668.0,5
2022-11-29T14:00:00+0000,667.875,669.0,665.875,667.875,116
2022-11-29T15:00:00+0000,667.625,671.5,667.625,670.5,75
2022-11-29T16:00:00+0000,671.375,671.5,668.0,668.0,65
2022-11-29T17:00:00+0000,666.875,668.125,666.0,666.0,18
2022-11-29T18:00:00+0000,666.25,667.5,665.875,666.625,42
2022-11-29T19:00:00+0000,667.0,667.125,665.5,665.75,7
2022-11-30T01:00:00+0000,663.75,664.125,663.75,664.125,11
2022-11-30T02:00:00+0000,664.375,665.125,664.375,665.125,3
2022-11-30T04:00:00+0000,665.0,665.0,665.0,665.0,1
2022-11-30T06:00:00+0000,664.0,664.0,664.0,664.0,2
2022-11-30T07:00:00+0000,663.75,663.75,663.5,663.5,3
2022-11-30T09:00:00+0000,666.0,667.125,666.0,667.125,4
2022-11-30T12:00:00+0000,665.625,665.625,665.625,665.625,2
2022-11-30T13:00:00+0000,666.0,666.0,665.5,665.5,2
2022-11-30T14:00:00+0000,664.5,666.625,664.5,666.0,20
2022-11-30T15:00:00+0000,663.0,664.125,662.0,663.125,7
2022-11-30T16:00:00+0000,662.125,662.125,661.0,661.0,13
2022-11-30T17:00:00+0000,662.125,663.875,662.125,663.75,5
2022-11-30T18:00:00+0000,663.875,663.875,662.25,662.875,8
2022-11-30T19:00:00+0000,663.0,663.0,661.125,661.125,21
2022-12-01T05:00:00+0000,660.5,660.5,660.5,660.5,10
2022-12-01T11:00:00+0000,665.375,665.375,665.375,665.375,1
2022-12-01T12:00:00+0000,661.0,661.0,660.0,660.0,5
2022-12-01T13:00:00+0000,665.125,665.125,665.125,665.125,1
2022-12-01T14:00:00+0000,664.0,665.0,664.0,665.0,2
2022-12-01T16:00:00+0000,656.0,656.0,656.0,656.0,1
2022-12-01T18:00:00+0000,656.0,656.0,656.0,656.0,1
2022-12-02T01:00:00+0000,650.0,650.0,645.0,650.0,4
2022-12-02T03:00:00+0000,652.625,652.625,652.625,652.625,2
2022-12-02T05:00:00+0000,652.5,652.5,652.5,652.5,2
2022-12-02T14:00:00+0000,646.0,646.0,640.375,640.375,335
2022-12-02T15:00:00+0000,634.5,636.875,634.5,636.875,2
2022-12-02T16:00:00+0000,638.0,638.0,638.0,638.0,1
2022-12-05T14:00:00+0000,639.0,639.0,638.625,638.625,2
2022-12-05T15:00:00+0000,635.0,635.0,633.0,633.0,2
2022-12-05T16:00:00+0000,632.0,632.0,632.0,632.0,2
2022-12-05T17:00:00+0000,630.0,630.0,628.75,628.75,6
2022-12-05T18:00:00+0000,624.75,624.75,624.75,624.75,1
2022-12-06T13:00:00+0000,634.0,635.0,634.0,635.0,3
2022-12-06T14:00:00+0000,635.0,638.25,635.0,638.25,3
2022-12-06T16:00:00+0000,631.625,631.625,631.625,631.625,2
2022-12-06T18:00:00+0000,628.75,628.75,628.75,628.75,2
2022-12-07T15:00:00+0000,637.875,638.0,637.875,638.0,2
2022-12-07T16:00:00+0000,635.875,635.875,635.875,635.875,1
2022-12-08T14:00:00+0000,630.0,630.0,630.0,630.0,2
2022-12-08T15:00:00+0000,628.0,628.0,628.0,628.0,1
2022-12-09T16:00:00+0000,632.5,632.5,632.5,632.5,1
2022-12-12T17:00:00+0000,663.625,663.625,663.625,663.625,1
2022-12-13T02:00:00+0000,651.0,651.0,651.0,651.0,2
2022-12-13T05:00:00+0000,645.125,645.125,645.0,645.0,3
2022-12-13T14:00:00+0000,675.0,675.0,675.0,675.0,2
2022-12-13T18:00:00+0000,665.0,685.0,665.0,685.0,3
